gen,nevals,avg,max,min,std,success_rate,valid_ratio,avg_cost,max_cost,min_cost,std_cost,avg_co2,max_co2,min_co2,std_co2,avg_dcr,max_dcr,min_dcr,std_dcr,best_margins,min_AM_str,min_AM_drift,min_AM_wind,min_AM_defl,min_AM_hier,min_NM_str,min_NM_drift,min_NM_wind,min_NM_defl,min_NM_hier,hof_avg_cost,hof_max_cost,hof_min_cost,hof_std_cost,hof_avg_co2,hof_max_co2,hof_min_co2,hof_std_co2,hof_avg_dcr,hof_max_dcr,hof_min_dcr,hof_std_dcr,hof_size
0,600,[0.63811234 0.34639998],[1.11897713 0.83222359],[0.18869304 0.20440719],[0.149266   0.10026711],100.0,1.3333333333333335,52662742.50275001,69122006.91076005,40875016.37068,7460671.623674165,155052.79547157997,206400.44576239988,122147.40814719998,22707.65281692564,0.27417414438224164,0.3262924910607455,0.23233005194368994,0.027820620831631265,S:0.00 D:0.00 W:0.00 F:0.00 H:0.00,0.0,0.0,0.0,0,0.0,0.0,0.0,0.0,0.0,0.0,49490574.57098668,55338832.34552004,40875016.37068,6220608.591521861,146348.0216214666,164740.63698239982,122147.40814719998,17867.016486910325,0.2521863680190175,0.26823064723189943,0.23233005194368994,0.014902167723577123,3
1,510,[0.62649638 0.31611379],[1.11897713 0.72735997],[0.34599076 0.20373348],[0.14621298 0.06318429],100.0,1.5,52077840.82500445,69122006.91076005,40875016.37068,7225916.986327784,153391.43275007105,206400.44576239988,122147.40814719998,21918.609673786963,0.2718173615637658,0.3262924910607455,0.23233005194368994,0.027063329363033975,S:0.00 D:0.00 W:0.00 F:0.00 H:0.00,0.0,0.0,0.0,0,0.0,0.0,0.0,0.0,0.0,0.0,47870825.37308004,55338832.34552004,40875016.37068,5914260.806485283,142329.52536919992,164740.63698239982,122147.40814719998,17459.8987711637,0.2511745993971827,0.26823064723189943,0.23233005194368994,0.014710817645001331,3
2,506,[0.6003509  0.31424886],[1.11897713 0.69492026],[0.30636959 0.20440719],[0.14987556 0.05802146],100.0,2.0,49070680.88910335,69122006.91076005,38463645.03392003,8169696.116808332,144733.45331696662,206400.44576239988,112463.33848359984,24316.42752930705,0.27930937074130996,0.3262924910607455,0.23233005194368994,0.02749830642121422,S:0.00 D:0.00 W:0.00 F:0.00 H:0.00,0.0,0.0,0.0,0,0.0,0.0,0.0,0.0,0.0,0.0,44400155.864448026,55338832.34552004,38463645.03392003,6266487.431377298,131750.55759327993,164740.63698239982,112463.33848359984,18853.537233232546,0.2681797136482625,0.29951464597789274,0.23233005194368994,0.02402474864790262,5
3,503,[0.4974421  0.34571292],[1.10337752 0.50376187],[0.30240307 0.21521082],[0.13981278 0.05382041],100.0,2.666666666666667,46512797.070647515,69122006.91076005,37112775.45184005,8364411.508800521,137368.01789634995,206400.44576239988,108512.40999559988,24708.516461711824,0.28543985195433347,0.3262924910607455,0.23233005194368994,0.026398773623092148,S:0.00 D:0.00 W:0.00 F:0.00 H:0.00,0.0,0.0,0.0,0,0.0,0.0,0.0,0.0,0.0,0.0,42582286.59661718,55338832.34552004,37112775.45184005,6046088.771263146,126078.8228393142,164740.63698239982,108512.40999559988,18373.79330426234,0.277368051037609,0.30377142028025955,0.23233005194368994,0.02503413162620241,7
4,516,[0.43633385 0.36651332],[1.04089156 0.51080508],[0.3115989  0.21521082],[0.08161876 0.04624625],100.0,2.833333333333333,46555385.10771531,69122006.91076005,37112775.45184005,8116459.00675623,137230.30678472936,206400.44576239988,108512.40999559988,23977.110255028765,0.28550653946186916,0.3262924910607455,0.23233005194368994,0.025611961389494342,S:0.00 D:0.00 W:0.00 F:0.00 H:0.00,0.0,0.0,0.0,0,0.0,0.0,0.0,0.0,0.0,0.0,42582286.59661718,55338832.34552004,37112775.45184005,6046088.771263146,126078.8228393142,164740.63698239982,108512.40999559988,18373.79330426234,0.277368051037609,0.30377142028025955,0.23233005194368994,0.02503413162620241,7
5,502,[0.42513133 0.36900442],[1.04089156 0.46273764],[0.30114656 0.21521082],[0.08214561 0.04285325],100.0,2.833333333333333,46555385.10771531,69122006.91076005,37112775.45184005,8116459.00675623,137230.30678472936,206400.44576239988,108512.40999559988,23977.110255028765,0.28550653946186916,0.3262924910607455,0.23233005194368994,0.025611961389494342,S:0.00 D:0.00 W:0.00 F:0.00 H:0.00,0.0,0.0,0.0,0,0.0,0.0,0.0,0.0,0.0,0.0,42582286.59661718,55338832.34552004,37112775.45184005,6046088.771263146,126078.8228393142,164740.63698239982,108512.40999559988,18373.79330426234,0.277368051037609,0.30377142028025955,0.23233005194368994,0.02503413162620241,7
6,496,[0.41546587 0.37131933],[1.04089156 0.45765339],[0.30642325 0.21521082],[0.08119589 0.04432951],100.0,2.833333333333333,46555385.10771531,69122006.91076005,37112775.45184005,8116459.00675623,137230.30678472936,206400.44576239988,108512.40999559988,23977.110255028765,0.28550653946186916,0.3262924910607455,0.23233005194368994,0.025611961389494342,S:0.00 D:0.00 W:0.00 F:0.00 H:0.00,0.0,0.0,0.0,0,0.0,0.0,0.0,0.0,0.0,0.0,42582286.59661718,55338832.34552004,37112775.45184005,6046088.771263146,126078.8228393142,164740.63698239982,108512.40999559988,18373.79330426234,0.277368051037609,0.30377142028025955,0.23233005194368994,0.02503413162620241,7
7,498,[0.4058987 0.37807  ],[1.04089156 0.44512989],[0.31165544 0.21521082],[0.08519447 0.04673237],100.0,2.833333333333333,46555385.10771531,69122006.91076005,37112775.45184005,8116459.00675623,137230.30678472936,206400.44576239988,108512.40999559988,23977.110255028765,0.28550653946186916,0.3262924910607455,0.23233005194368994,0.025611961389494342,S:0.00 D:0.00 W:0.00 F:0.00 H:0.00,0.0,0.0,0.0,0,0.0,0.0,0.0,0.0,0.0,0.0,42582286.59661718,55338832.34552004,37112775.45184005,6046088.771263146,126078.8228393142,164740.63698239982,108512.40999559988,18373.79330426234,0.277368051037609,0.30377142028025955,0.23233005194368994,0.02503413162620241,7
8,498,[0.39652961 0.38621909],[1.04089156 0.44774249],[0.31785421 0.21521082],[0.08893564 0.04701129],100.0,2.833333333333333,46555385.10771531,69122006.91076005,37112775.45184005,8116459.00675623,137230.30678472936,206400.44576239988,108512.40999559988,23977.110255028765,0.28550653946186916,0.3262924910607455,0.23233005194368994,0.025611961389494342,S:0.00 D:0.00 W:0.00 F:0.00 H:0.00,0.0,0.0,0.0,0,0.0,0.0,0.0,0.0,0.0,0.0,42582286.59661718,55338832.34552004,37112775.45184005,6046088.771263146,126078.8228393142,164740.63698239982,108512.40999559988,18373.79330426234,0.277368051037609,0.30377142028025955,0.23233005194368994,0.02503413162620241,7
9,513,[0.39593434 0.38732195],[1.04089156 0.44774249],[0.31268203 0.21521082],[0.08947093 0.04562082],100.0,2.833333333333333,46555385.10771531,69122006.91076005,37112775.45184005,8116459.00675623,137230.30678472936,206400.44576239988,108512.40999559988,23977.110255028765,0.28550653946186916,0.3262924910607455,0.23233005194368994,0.025611961389494342,S:0.00 D:0.00 W:0.00 F:0.00 H:0.00,0.0,0.0,0.0,0,0.0,0.0,0.0,0.0,0.0,0.0,42582286.59661718,55338832.34552004,37112775.45184005,6046088.771263146,126078.8228393142,164740.63698239982,108512.40999559988,18373.79330426234,0.277368051037609,0.30377142028025955,0.23233005194368994,0.02503413162620241,7
10,508,[0.39179609 0.39018363],[1.04089156 0.44714619],[0.31268203 0.21521082],[0.09040432 0.04538839],100.0,2.833333333333333,46555385.10771531,69122006.91076005,37112775.45184005,8116459.00675623,137230.30678472936,206400.44576239988,108512.40999559988,23977.110255028765,0.28550653946186916,0.3262924910607455,0.23233005194368994,0.025611961389494342,S:0.00 D:0.00 W:0.00 F:0.00 H:0.00,0.0,0.0,0.0,0,0.0,0.0,0.0,0.0,0.0,0.0,42582286.59661718,55338832.34552004,37112775.45184005,6046088.771263146,126078.8228393142,164740.63698239982,108512.40999559988,18373.79330426234,0.277368051037609,0.30377142028025955,0.23233005194368994,0.02503413162620241,7
11,506,[0.39282814 0.38837744],[1.04089156 0.44300677],[0.31268203 0.21521082],[0.09166152 0.04339999],100.0,2.833333333333333,46555385.10771531,69122006.91076005,37112775.45184005,8116459.00675623,137230.30678472936,206400.44576239988,108512.40999559988,23977.110255028765,0.28550653946186916,0.3262924910607455,0.23233005194368994,0.025611961389494342,S:0.00 D:0.00 W:0.00 F:0.00 H:0.00,0.0,0.0,0.0,0,0.0,0.0,0.0,0.0,0.0,0.0,42582286.59661718,55338832.34552004,37112775.45184005,6046088.771263146,126078.8228393142,164740.63698239982,108512.40999559988,18373.79330426234,0.277368051037609,0.30377142028025955,0.23233005194368994,0.02503413162620241,7
12,499,[0.38521245 0.39300262],[1.04089156 0.44154322],[0.31083927 0.21521082],[0.0920473  0.04313993],100.0,3.0,46224135.65086224,69122006.91076005,37112775.45184005,8005149.848544211,136412.93829362217,206400.44576239988,108512.40999559988,23544.009379208543,0.2881546555776726,0.3331726295463321,0.23233005194368994,0.027179817295905292,S:0.00 D:0.00 W:0.00 F:0.00 H:0.00,0.0,0.0,0.0,0,0.0,0.0,0.0,0.0,0.0,0.0,42582286.59661718,55338832.34552004,37112775.45184005,6046088.771263146,126078.8228393142,164740.63698239982,108512.40999559988,18373.79330426234,0.277368051037609,0.30377142028025955,0.23233005194368994,0.02503413162620241,7
13,485,[0.3750052  0.39630948],[1.04089156 0.43653422],[0.31083927 0.21521082],[0.09227256 0.0400687 ],100.0,3.166666666666667,45928295.71360423,69122006.91076005,37112775.45184005,7892087.668494069,135801.93606526311,206400.44576239988,108512.40999559988,23062.208219184166,0.29310112252669773,0.38213752760915015,0.23233005194368994,0.03376798662491254,S:0.00 D:0.00 W:0.00 F:0.00 H:0.00,0.0,0.0,0.0,0,0.0,0.0,0.0,0.0,0.0,0.0,42582286.59661718,55338832.34552004,37112775.45184005,6046088.771263146,126078.8228393142,164740.63698239982,108512.40999559988,18373.79330426234,0.277368051037609,0.30377142028025955,0.23233005194368994,0.02503413162620241,7
14,503,[0.36643958 0.39925143],[1.04089156 0.43053393],[0.31083927 0.23233005],[0.09145901 0.03813163],100.0,3.166666666666667,45928295.71360423,69122006.91076005,37112775.45184005,7892087.668494069,135801.93606526311,206400.44576239988,108512.40999559988,23062.208219184166,0.29310112252669773,0.38213752760915015,0.23233005194368994,0.03376798662491254,S:0.00 D:0.00 W:0.00 F:0.00 H:0.00,0.0,0.0,0.0,0,0.0,0.0,0.0,0.0,0.0,0.0,42582286.59661718,55338832.34552004,37112775.45184005,6046088.771263146,126078.8228393142,164740.63698239982,108512.40999559988,18373.79330426234,0.277368051037609,0.30377142028025955,0.23233005194368994,0.02503413162620241,7
15,491,[0.36991554 0.39757542],[1.04089156 0.43053393],[0.31597731 0.23233005],[0.0937318  0.03789629],100.0,3.5000000000000004,46385951.2737143,69122006.91076005,37112775.45184005,7732256.01116516,137583.4600589333,206400.44576239988,108512.40999559988,22983.657329456888,0.29590427613553466,0.38213752760915015,0.23233005194368994,0.03329891136838841,S:0.00 D:0.00 W:0.00 F:0.00 H:0.00,0.0,0.0,0.0,0,0.0,0.0,0.0,0.0,0.0,0.0,42582286.59661718,55338832.34552004,37112775.45184005,6046088.771263146,126078.8228393142,164740.63698239982,108512.40999559988,18373.79330426234,0.277368051037609,0.30377142028025955,0.23233005194368994,0.02503413162620241,7
16,512,[0.37306742 0.39587952],[1.04089156 0.43053393],[0.31597731 0.23233005],[0.09348668 0.03756133],100.0,3.5000000000000004,46385951.2737143,69122006.91076005,37112775.45184005,7732256.01116516,137583.4600589333,206400.44576239988,108512.40999559988,22983.657329456888,0.29590427613553466,0.38213752760915015,0.23233005194368994,0.03329891136838841,S:0.00 D:0.00 W:0.00 F:0.00 H:0.00,0.0,0.0,0.0,0,0.0,0.0,0.0,0.0,0.0,0.0,42582286.59661718,55338832.34552004,37112775.45184005,6046088.771263146,126078.8228393142,164740.63698239982,108512.40999559988,18373.79330426234,0.277368051037609,0.30377142028025955,0.23233005194368994,0.02503413162620241,7
17,495,[0.37695777 0.39356078],[1.04089156 0.43053393],[0.31597731 0.23233005],[0.09379066 0.03700386],100.0,3.5000000000000004,46385951.2737143,69122006.91076005,37112775.45184005,7732256.01116516,137583.4600589333,206400.44576239988,108512.40999559988,22983.657329456888,0.29590427613553466,0.38213752760915015,0.23233005194368994,0.03329891136838841,S:0.00 D:0.00 W:0.00 F:0.00 H:0.00,0.0,0.0,0.0,0,0.0,0.0,0.0,0.0,0.0,0.0,42582286.59661718,55338832.34552004,37112775.45184005,6046088.771263146,126078.8228393142,164740.63698239982,108512.40999559988,18373.79330426234,0.277368051037609,0.30377142028025955,0.23233005194368994,0.02503413162620241,7
18,500,[0.37962668 0.39250263],[1.04089156 0.43053393],[0.31597731 0.23233005],[0.09321355 0.03736479],100.0,3.5000000000000004,46385951.2737143,69122006.91076005,37112775.45184005,7732256.01116516,137583.4600589333,206400.44576239988,108512.40999559988,22983.657329456888,0.29590427613553466,0.38213752760915015,0.23233005194368994,0.03329891136838841,S:0.00 D:0.00 W:0.00 F:0.00 H:0.00,0.0,0.0,0.0,0,0.0,0.0,0.0,0.0,0.0,0.0,42582286.59661718,55338832.34552004,37112775.45184005,6046088.771263146,126078.8228393142,164740.63698239982,108512.40999559988,18373.79330426234,0.277368051037609,0.30377142028025955,0.23233005194368994,0.02503413162620241,7
19,506,[0.37560394 0.39326881],[1.04089156 0.42663635],[0.31796742 0.23233005],[0.09223244 0.03666101],100.0,3.6666666666666665,45861124.043880016,69122006.91076005,34839752.217360064,7928081.266351698,136196.88070305448,206400.44576239988,107078.71422960004,23336.920471730067,0.29867240419877056,0.38213752760915015,0.23233005194368994,0.03491890455620811,S:0.00 D:0.00 W:0.00 F:0.00 H:0.00,0.0,0.0,0.0,0,0.0,0.0,0.0,0.0,0.0,0.0,41614469.79921004,55338832.34552004,34839752.217360064,6208258.711156365,123703.80926309992,164740.63698239982,107078.71422960004,18299.769718488285,0.2872974313487484,0.35680309352672446,0.23233005194368994,0.03519257636968312,8
20,497,[0.37665565 0.39580979],[1.04089156 0.42573217],[0.31796742 0.23233005],[0.09326611 0.0377296 ],100.0,3.6666666666666665,45861124.043880016,69122006.91076005,34839752.217360064,7928081.266351698,136196.88070305448,206400.44576239988,107078.71422960004,23336.920471730067,0.29867240419877056,0.38213752760915015,0.23233005194368994,0.03491890455620811,S:0.00 D:0.00 W:0.00 F:0.00 H:0.00,0.0,0.0,0.0,0,0.0,0.0,0.0,0.0,0.0,0.0,41614469.79921004,55338832.34552004,34839752.217360064,6208258.711156365,123703.80926309992,164740.63698239982,107078.71422960004,18299.769718488285,0.2872974313487484,0.35680309352672446,0.23233005194368994,0.03519257636968312,8
21,487,[0.38014783 0.39393581],[1.04089156 0.42573217],[0.31796742 0.23233005],[0.09274962 0.0373053 ],100.0,3.6666666666666665,45861124.043880016,69122006.91076005,34839752.217360064,7928081.266351698,136196.88070305448,206400.44576239988,107078.71422960004,23336.920471730067,0.29867240419877056,0.38213752760915015,0.23233005194368994,0.03491890455620811,S:0.00 D:0.00 W:0.00 F:0.00 H:0.00,0.0,0.0,0.0,0,0.0,0.0,0.0,0.0,0.0,0.0,41614469.79921004,55338832.34552004,34839752.217360064,6208258.711156365,123703.80926309992,164740.63698239982,107078.71422960004,18299.769718488285,0.2872974313487484,0.35680309352672446,0.23233005194368994,0.03519257636968312,8
22,513,[0.38400493 0.39124398],[1.04089156 0.42573217],[0.31796742 0.23233005],[0.09240275 0.03662955],100.0,3.833333333333333,45791676.935920015,69122006.91076005,34839752.217360064,7760655.463846261,135888.91202643476,206400.44576239988,107078.71422960004,22869.62317650141,0.29931686342019104,0.38213752760915015,0.23233005194368994,0.034284876567733095,S:0.00 D:0.00 W:0.00 F:0.00 H:0.00,0.0,0.0,0.0,0,0.0,0.0,0.0,0.0,0.0,0.0,41614469.79921004,55338832.34552004,34839752.217360064,6208258.711156365,123703.80926309992,164740.63698239982,107078.71422960004,18299.769718488285,0.2872974313487484,0.35680309352672446,0.23233005194368994,0.03519257636968312,8
23,516,[0.38717923 0.3869607 ],[1.04089156 0.42573217],[0.31796742 0.23233005],[0.09112021 0.03427616],100.0,3.833333333333333,45791676.935920015,69122006.91076005,34839752.217360064,7760655.463846261,135888.91202643476,206400.44576239988,107078.71422960004,22869.62317650141,0.29931686342019104,0.38213752760915015,0.23233005194368994,0.034284876567733095,S:0.00 D:0.00 W:0.00 F:0.00 H:0.00,0.0,0.0,0.0,0,0.0,0.0,0.0,0.0,0.0,0.0,41614469.79921004,55338832.34552004,34839752.217360064,6208258.711156365,123703.80926309992,164740.63698239982,107078.71422960004,18299.769718488285,0.2872974313487484,0.35680309352672446,0.23233005194368994,0.03519257636968312,8
24,515,[0.38493511 0.38266481],[1.04089156 0.42573217],[0.32267655 0.23233005],[0.09233331 0.0312611 ],100.0,3.833333333333333,45791676.935920015,69122006.91076005,34839752.217360064,7760655.463846261,135888.91202643476,206400.44576239988,107078.71422960004,22869.62317650141,0.29931686342019104,0.38213752760915015,0.23233005194368994,0.034284876567733095,S:0.00 D:0.00 W:0.00 F:0.00 H:0.00,0.0,0.0,0.0,0,0.0,0.0,0.0,0.0,0.0,0.0,41614469.79921004,55338832.34552004,34839752.217360064,6208258.711156365,123703.80926309992,164740.63698239982,107078.71422960004,18299.769718488285,0.2872974313487484,0.35680309352672446,0.23233005194368994,0.03519257636968312,8
25,506,[0.38742011 0.38125394],[1.04089156 0.42573217],[0.32041738 0.23233005],[0.09180985 0.03106133],100.0,4.0,45308558.80911335,69122006.91076005,34196841.89256007,7942704.485228526,134673.7727447333,206400.44576239988,106725.56926560006,23134.133615198374,0.301895735198719,0.38213752760915015,0.23233005194368994,0.035769245097299486,S:0.00 D:0.00 W:0.00 F:0.00 H:0.00,0.0,0.0,0.0,0,0.0,0.0,0.0,0.0,0.0,0.0,40790288.92069337,55338832.34552004,34196841.89256007,6300331.08895513,121817.3381522666,164740.63698239982,106725.56926560006,18059.421204402588,0.2955099152105387,0.3612097861048611,0.23233005194368994,0.04050263587754339,9
26,505,[0.39253582 0.37935414],[1.04089156 0.42573217],[0.32041738 0.23233005],[0.09125094 0.03090568],100.0,4.5,44614698.37120151,69122006.91076005,34196841.89256007,7846725.59034226,132846.64337007405,206400.44576239988,106725.56926560006,22648.503986493917,0.3069877587283102,0.38213752760915015,0.23233005194368994,0.03710991480376287,S:0.00 D:0.00 W:0.00 F:0.00 H:0.00,0.0,0.0,0.0,0,0.0,0.0,0.0,0.0,0.0,0.0,40790288.92069337,55338832.34552004,34196841.89256007,6300331.08895513,121817.3381522666,164740.63698239982,106725.56926560006,18059.421204402588,0.2955099152105387,0.3612097861048611,0.23233005194368994,0.04050263587754339,9
27,493,[0.3932949 0.3763278],[1.04089156 0.42078945],[0.32041738 0.23233005],[0.0903703  0.02883191],100.0,5.333333333333334,43706496.28254253,69122006.91076005,34196841.89256007,7533906.334393682,130540.33256831249,206400.44576239988,106725.56926560006,21556.000554281036,0.31373059751652516,0.38213752760915015,0.23233005194368994,0.03777453425391097,S:0.00 D:0.00 W:0.00 F:0.00 H:0.00,0.0,0.0,0.0,0,0.0,0.0,0.0,0.0,0.0,0.0,40790288.92069337,55338832.34552004,34196841.89256007,6300331.08895513,121817.3381522666,164740.63698239982,106725.56926560006,18059.421204402588,0.2955099152105387,0.3612097861048611,0.23233005194368994,0.04050263587754339,9
28,498,[0.38671163 0.37529099],[1.04089156 0.42055384],[0.31999873 0.23233005],[0.09114948 0.02695636],100.0,5.833333333333333,42947302.03776803,69122006.91076005,34104026.224040054,7620663.196407074,128199.1217873257,206400.44576239988,101436.61509440017,21991.74742392959,0.31784764916275293,0.38213752760915015,0.23233005194368994,0.03854954974312865,S:0.00 D:0.00 W:0.00 F:0.00 H:0.00,0.0,0.0,0.0,0,0.0,0.0,0.0,0.0,0.0,0.0,40186571.393996045,55338832.34552004,34104026.224040054,6246365.136023166,119331.82899291997,164740.63698239982,101436.61509440017,18557.8899883316,0.3024843785970326,0.3654774674902727,0.23233005194368994,0.04375380767939771,10
29,501,[0.37971637 0.3751594 ],[1.04089156 0.42055384],[0.33063331 0.23233005],[0.0892737  0.02570476],100.0,7.000000000000001,41769141.62931527,69122006.91076005,31933150.35096009,7527963.210890652,124786.71022453334,206400.44576239988,95761.45732960012,21771.482267715517,0.3223621193465816,0.3926404487121648,0.23233005194368994,0.038037052650607216,S:0.00 D:0.00 W:0.00 F:0.00 H:0.00,0.0,0.0,0.0,0,0.0,0.0,0.0,0.0,0.0,0.0,39660701.00885604,55338832.34552004,31933150.35096009,6771078.317710381,117747.32710323998,164740.63698239982,95761.45732960012,20002.726226026763,0.30395185763155763,0.3926404487121648,0.23233005194368994,0.046923581604702794,10
30,488,[0.37444531 0.37548906],[1.04089156 0.41343235],[0.33063331 0.23233005],[0.08744715 0.02373824],100.0,8.166666666666666,40975956.443064526,69122006.91076005,30442050.30864003,7411367.194906524,122700.85301670204,206400.44576239988,92829.6953847999,21459.12539648409,0.325415192430207,0.3926404487121648,0.23233005194368994,0.03765063001905443,S:0.00 D:0.00 W:0.00 F:0.00 H:0.00,0.0,0.0,0.0,0,0.0,0.0,0.0,0.0,0.0,0.0,38753898.61721004,55338832.34552004,30442050.30864003,6579588.359831919,115531.45504026662,164740.63698239982,92829.6953847999,19060.700956962763,0.3094786119423334,0.3889829999306974,0.23233005194368994,0.0442199797694052,12
31,500,[0.37788874 0.37448956],[1.04089156 0.41343235],[0.33063331 0.23233005],[0.08835693 0.0243192 ],100.0,9.5,40379820.69032705,69122006.91076005,30442050.30864003,7141183.03321457,121081.42173446318,206400.44576239988,92829.6953847999,20652.507603149686,0.32664207598338657,0.3926404487121648,0.23233005194368994,0.035843814575849654,S:0.00 D:0.00 W:0.00 F:0.00 H:0.00,0.0,0.0,0.0,0,0.0,0.0,0.0,0.0,0.0,0.0,39340387.41842403,55338832.34552004,30442050.30864003,7116234.393156585,117233.40700063994,164740.63698239982,92829.6953847999,20574.58610509908,0.30026571440054795,0.3889829999306974,0.23233005194368994,0.0435953585628706,10
32,517,[0.38082415 0.37370472],[1.04089156 0.41343235],[0.33063331 0.23233005],[0.0893442  0.02461229],100.0,10.333333333333334,40169180.61259746,69122006.91076005,30442050.30864003,6949577.336283645,120569.03622252258,206400.44576239988,92829.6953847999,20115.169473839083,0.32922273692716725,0.3926404487121648,0.23233005194368994,0.035669754871236053,S:0.00 D:0.00 W:0.00 F:0.00 H:0.00,0.0,0.0,0.0,0,0.0,0.0,0.0,0.0,0.0,0.0,39340387.41842403,55338832.34552004,30442050.30864003,7116234.393156585,117233.40700063994,164740.63698239982,92829.6953847999,20574.58610509908,0.30026571440054795,0.3889829999306974,0.23233005194368994,0.0435953585628706,10
33,520,[0.38104937 0.37341514],[1.04089156 0.41343235],[0.33063331 0.23233005],[0.08867979 0.02428534],100.0,11.166666666666666,39770616.43638272,69122006.91076005,30144470.089440055,6887177.36813864,119415.55797878212,206400.44576239988,90512.3490968,19966.146126357442,0.3313730223831561,0.3926404487121648,0.23233005194368994,0.03538317117805838,S:0.00 D:0.00 W:0.00 F:0.00 H:0.00,0.0,0.0,0.0,0,0.0,0.0,0.0,0.0,0.0,0.0,39310629.39650403,55338832.34552004,30144470.089440055,7153904.920998807,117001.67237183994,164740.63698239982,90512.3490968,20859.22510413748,0.2988389101660752,0.3747149575859705,0.23233005194368994,0.04081314523295353,10
34,534,[0.38247725 0.37288773],[1.04089156 0.41343235],[0.33063331 0.23233005],[0.08864722 0.02445319],100.0,11.833333333333334,39393692.93160174,69122006.91076005,30144470.089440055,6917945.535697878,118305.93049815774,206400.44576239988,90512.3490968,20077.93078034028,0.33292474289711327,0.3926404487121648,0.23233005194368994,0.035190586030101126,S:0.00 D:0.00 W:0.00 F:0.00 H:0.00,0.0,0.0,0.0,0,0.0,0.0,0.0,0.0,0.0,0.0,38027157.51285338,55338832.34552004,30144470.089440055,7157169.198008118,113277.71946896664,164740.63698239982,90512.3490968,20839.77591438777,0.3084196208728324,0.3747149575859705,0.23233005194368994,0.04339817174632263,12
35,499,[0.38463565 0.37223346],[1.04089156 0.41343235],[0.33063331 0.23233005],[0.0884624  0.02450443],100.0,13.166666666666666,38830561.6079089,69122006.91076005,30144470.089440055,6806243.252344092,116673.42840963548,206400.44576239988,90101.45847680006,19785.723863494764,0.33544868603422817,0.39271479287206984,0.23233005194368994,0.03458335822442717,S:0.00 D:0.00 W:0.00 F:0.00 H:0.00,0.0,0.0,0.0,0,0.0,0.0,0.0,0.0,0.0,0.0,38027157.51285338,55338832.34552004,30144470.089440055,7157169.198008118,113277.71946896664,164740.63698239982,90512.3490968,20839.77591438777,0.3084196208728324,0.3747149575859705,0.23233005194368994,0.04339817174632263,12
36,503,[0.38776384 0.3712429 ],[1.04089156 0.41343235],[0.33063331 0.23233005],[0.08910076 0.0247642 ],100.0,14.000000000000002,38777449.550154336,69122006.91076005,30144470.089440055,6694130.331421402,116581.37876893338,206400.44576239988,90101.45847680006,19476.77807367887,0.335280670306055,0.39271479287206984,0.23233005194368994,0.033763996096069504,S:0.00 D:0.00 W:0.00 F:0.00 H:0.00,0.0,0.0,0.0,0,0.0,0.0,0.0,0.0,0.0,0.0,37914916.62042338,55338832.34552004,30144470.089440055,7244558.867569882,113070.31314349997,164740.63698239982,90512.3490968,20998.325570245364,0.30803129550393527,0.3747149575859705,0.23233005194368994,0.04311990978722655,12
37,483,[0.3909001  0.37039932],[1.04089156 0.41343235],[0.33063331 0.23233005],[0.08958451 0.02490766],100.0,15.0,38630343.49900226,69122006.91076005,30144470.089440055,6549336.03983413,116144.15681742672,206400.44576239988,90101.45847680006,19060.413341265332,0.3363755482545145,0.39271479287206984,0.23233005194368994,0.03309289267252149,S:0.00 D:0.00 W:0.00 F:0.00 H:0.00,0.0,0.0,0.0,0,0.0,0.0,0.0,0.0,0.0,0.0,37354188.49074774,55338832.34552004,30144470.089440055,7226300.786561188,111505.62133344612,164740.63698239982,90512.3490968,20889.976898905326,0.31171519054969277,0.3747149575859705,0.23233005194368994,0.04334921554003652,13
38,507,[0.39440747 0.36944312],[1.04089156 0.41343235],[0.33063331 0.23233005],[0.09001251 0.0251877 ],100.0,16.333333333333332,38406382.66806045,69122006.91076005,30144470.089440055,6545475.802117935,115509.16259910208,206400.44576239988,90101.45847680006,19095.526906492825,0.3375485344108168,0.39271479287206984,0.23233005194368994,0.03274765787033013,S:0.00 D:0.00 W:0.00 F:0.00 H:0.00,0.0,0.0,0.0,0,0.0,0.0,0.0,0.0,0.0,0.0,36867555.348140046,55338832.34552004,30144470.089440055,7181087.512995728,110152.1963696857,164740.63698239982,90512.3490968,20713.116815539903,0.31570074000396214,0.3747149575859705,0.23233005194368994,0.04417498189304887,14
39,507,[0.39634809 0.36879094],[1.04089156 0.41343235],[0.33063331 0.23233005],[0.09134294 0.02537359],100.0,18.0,38292478.98930819,69122006.91076005,29721774.533040065,6559533.2297798805,115209.67019493708,206400.44576239988,90101.45847680006,19148.343994690455,0.338565779453474,0.39271479287206984,0.23233005194368994,0.03214145029417267,S:0.00 D:0.00 W:0.00 F:0.00 H:0.00,0.0,0.0,0.0,0,0.0,0.0,0.0,0.0,0.0,0.0,36837362.80839719,55338832.34552004,29721774.533040065,7210120.842951844,110131.05354911427,164740.63698239982,90216.34960880005,20733.294552320567,0.31557841398930286,0.3730023933807417,0.23233005194368994,0.044013470718194114,14
40,495,[0.39931328 0.36793384],[1.04089156 0.41343235],[0.33063331 0.23233005],[0.09080351 0.02520399],100.0,19.5,38059111.03852313,69122006.91076005,29052025.895040065,6488103.553076488,114567.23259340516,206400.44576239988,88169.26068080001,18956.83771320142,0.3405529803743163,0.39271479287206984,0.23233005194368994,0.032190597171501724,S:0.00 D:0.00 W:0.00 F:0.00 H:0.00,0.0,0.0,0.0,0,0.0,0.0,0.0,0.0,0.0,0.0,36318340.347506724,55338832.34552004,29052025.895040065,7231286.202377414,108666.93402455997,164740.63698239982,88169.26068080001,20765.89944783518,0.3205005856878633,0.3894109894677095,0.23233005194368994,0.04633819954320022,15
41,509,[0.40311793 0.36694353],[1.04089156 0.41343235],[0.33063331 0.23233005],[0.08981071 0.02504813],100.0,20.666666666666668,37872335.83832425,69122006.91076005,29052025.895040065,6353901.575281476,114009.51884931294,206400.44576239988,88169.26068080001,18573.5211306544,0.3413577282777652,0.39271479287206984,0.23233005194368994,0.03171191525663637,S:0.00 D:0.00 W:0.00 F:0.00 H:0.00,0.0,0.0,0.0,0,0.0,0.0,0.0,0.0,0.0,0.0,36318340.347506724,55338832.34552004,29052025.895040065,7231286.202377414,108666.93402455997,164740.63698239982,88169.26068080001,20765.89944783518,0.3205005856878633,0.3894109894677095,0.23233005194368994,0.04633819954320022,15
42,519,[0.40710833 0.36567594],[1.04089156 0.41467344],[0.32798276 0.23233005],[0.08845057 0.02496466],100.0,22.333333333333332,37614890.73653676,69122006.91076005,29052025.895040065,6269034.197291429,113223.52198100302,206400.44576239988,88169.26068080001,18379.707544185145,0.3423432319752389,0.39271479287206984,0.23233005194368994,0.03144654998208876,S:0.00 D:0.00 W:0.00 F:0.00 H:0.00,0.0,0.0,0.0,0,0.0,0.0,0.0,0.0,0.0,0.0,35602032.61373418,55338832.34552004,29052025.895040065,7073220.915106343,106510.20633025879,164740.63698239982,88169.26068080001,20382.99050950848,0.3271632193875419,0.3894109894677095,0.23233005194368994,0.047248338752141524,17
43,495,[0.40214767 0.36696116],[1.04089156 0.41467344],[0.32798276 0.23233005],[0.08664942 0.02433244],100.0,25.166666666666664,37087549.94491687,69122006.91076005,29052025.895040065,6253942.880409002,111627.36773709676,206400.44576239988,88169.26068080001,18390.24824581121,0.3454157560202839,0.39271479287206984,0.23233005194368994,0.031329985968429536,S:0.00 D:0.00 W:0.00 F:0.00 H:0.00,0.0,0.0,0.0,0,0.0,0.0,0.0,0.0,0.0,0.0,35573830.58233652,55338832.34552004,29052025.895040065,7093111.528107597,106540.4293644,164740.63698239982,88169.26068080001,20360.64744528316,0.32712950404369456,0.3894109894677095,0.23233005194368994,0.04721745103885083,17
44,529,[0.3963915  0.37020913],[1.04089156 0.4136922 ],[0.33285574 0.23233005],[0.08561968 0.02614887],100.0,36.833333333333336,35170126.33769852,69122006.91076005,29052025.895040065,6135426.89853088,105975.87618190594,206400.44576239988,88169.26068080001,18096.491887791064,0.35644086543245357,0.4038651960347965,0.23233005194368994,0.03237170508960679,S:0.00 D:0.00 W:0.00 F:0.00 H:0.00,0.0,0.0,0.0,0,0.0,0.0,0.0,0.0,0.0,0.0,35459081.46230829,55338832.34552004,29052025.895040065,7184594.850869447,106183.70614214118,164740.63698239982,88169.26068080001,20632.072741848497,0.3265134526485113,0.3894109894677095,0.23233005194368994,0.04658150421325297,17
45,492,[0.39374247 0.3731504 ],[1.04089156 0.42655756],[0.32901482 0.23233005],[0.08536852 0.02733684],100.0,53.666666666666664,33565639.277712725,69122006.91076005,28800012.144720044,5774016.141714224,101275.01204064541,206400.44576239988,87223.97162840002,17023.13246777631,0.36678143713237255,0.4096998535650897,0.23233005194368994,0.03176073498522349,S:0.00 D:0.00 W:0.00 F:0.00 H:0.00,0.0,0.0,0.0,0,0.0,0.0,0.0,0.0,0.0,0.0,35080168.78840228,55338832.34552004,28800012.144720044,7153977.1855255505,105083.12323022222,164740.63698239982,87234.112022,20551.365573781197,0.33091475330520403,0.4062212561193819,0.23233005194368994,0.048789575672402434,18
46,506,[0.39296305 0.37607796],[1.04089156 0.42729766],[0.33285574 0.23233005],[0.08421883 0.02846724],100.0,80.5,32339711.288709626,69122006.91076005,28604992.336080037,5129107.476957001,97706.418063304,206400.44576239988,86835.86744720001,15126.932792601576,0.3749817631913288,0.4272976581849159,0.23233005194368994,0.029607898291197605,S:0.00 D:0.00 W:0.00 F:0.00 H:0.00,0.0,0.0,0.0,0,0.0,0.0,0.0,0.0,0.0,0.0,34482158.88794205,55338832.34552004,28604992.336080037,7030097.511494912,103557.59239131998,164740.63698239982,87210.03614679999,20063.515276874237,0.337434845378477,0.40678361288158943,0.23233005194368994,0.05088446113426503,20
47,509,[0.37883538 0.3817429 ],[1.04089156 0.42729766],[0.33484533 0.23233005],[0.08046457 0.02990245],100.0,100.0,31196928.57154526,69122006.91076005,28604992.336080037,4631891.085578136,94445.73989396173,206400.44576239988,86835.86744720001,13560.168984634707,0.3817428963203855,0.4272976581849159,0.23233005194368994,0.02990245278342025,S:0.00 D:0.00 W:0.00 F:0.00 H:0.00,0.0,0.0,0.0,0,0.0,0.0,0.0,0.0,0.0,0.0,33837968.16097223,55338832.34552004,28604992.336080037,6762788.107925534,101847.00235961739,164740.63698239982,87210.03614679999,19218.22262473837,0.34119238059817253,0.4059955252474294,0.23233005194368994,0.048393348930058463,23
48,491,[0.36661235 0.38477394],[1.04089156 0.40746681],[0.33484533 0.23233005],[0.07174679 0.02822984],100.0,100.0,30470464.77075152,69122006.91076005,28604992.336080037,4159623.98939142,92452.91970403572,206400.44576239988,87210.03614679999,12004.515101816523,0.38477394067941967,0.4074668070120578,0.23233005194368994,0.028229840353156763,S:0.00 D:0.00 W:0.00 F:0.00 H:0.00,0.0,0.0,0.0,0,0.0,0.0,0.0,0.0,0.0,0.0,33837968.16097223,55338832.34552004,28604992.336080037,6762788.107925534,101847.00235961739,164740.63698239982,87210.03614679999,19218.22262473837,0.3411695798374136,0.405790701299818,0.23233005194368994,0.04836763112127778,23
49,511,[0.36159794 0.38608024],[1.04089156 0.40678361],[0.33484533 0.23233005],[0.06436774 0.02688377],100.0,100.0,30177888.61142606,69122006.91076005,28604992.336080037,3740859.742489178,91620.00860547271,206400.44576239988,87210.03614679999,10746.341362066833,0.38608023521299145,0.40678361288158943,0.23233005194368994,0.026883766656211117,S:0.00 D:0.00 W:0.00 F:0.00 H:0.00,0.0,0.0,0.0,0,0.0,0.0,0.0,0.0,0.0,0.0,33837968.16097223,55338832.34552004,28604992.336080037,6762788.107925534,101847.00235961739,164740.63698239982,87210.03614679999,19218.22262473837,0.3411695798374136,0.405790701299818,0.23233005194368994,0.04836763112127778,23
50,495,[0.35018268 0.39329208],[0.79733976 0.40607593],[0.33484533 0.23233005],[0.04921116 0.02446455],100.0,100.0,29512420.59656805,55338832.34552004,28604992.336080037,2886519.759244477,89722.2649621211,164740.63698239982,87210.03614679999,8138.398556554283,0.39329207520138226,0.40607593360889144,0.23233005194368994,0.0244645473445682,S:0.00 D:0.00 W:0.00 F:0.00 H:0.00,0.0,0.0,0.0,0,0.0,0.0,0.0,0.0,0.0,0.0,33627499.57209506,55338832.34552004,28604992.336080037,6696888.211035366,101224.15407435001,164740.63698239982,87210.03614679999,19048.403530116375,0.3437699460902997,0.405790701299818,0.23233005194368994,0.048967790562696546,24
51,480,[0.34296227 0.40003164],[0.79733976 0.40599553],[0.33484533 0.23233005],[0.04155215 0.02146204],100.0,100.0,29080817.865936775,55338832.34552004,28604992.336080037,2444785.8516145786,88552.01177370053,164740.63698239982,87210.03614679999,6849.318244614606,0.40003164490567,0.4059955252474294,0.23233005194368994,0.021462044957655284,S:0.00 D:0.00 W:0.00 F:0.00 H:0.00,0.0,0.0,0.0,0,0.0,0.0,0.0,0.0,0.0,0.0,33627499.57209506,55338832.34552004,28604992.336080037,6696888.211035366,101224.15407435001,164740.63698239982,87210.03614679999,19048.403530116375,0.3437699460902997,0.405790701299818,0.23233005194368994,0.048967790562696546,24
52,482,[0.33827645 0.40326694],[0.79733976 0.4057907 ],[0.33484533 0.23233005],[0.02840116 0.01571722],100.0,100.0,28806959.543987174,55338832.34552004,28604992.336080037,1663765.802190326,87774.962112872,164740.63698239982,87210.03614679999,4700.68663653775,0.4032669381021115,0.405790701299818,0.23233005194368994,0.0157172185020722,S:0.00 D:0.00 W:0.00 F:0.00 H:0.00,0.0,0.0,0.0,0,0.0,0.0,0.0,0.0,0.0,0.0,33627499.57209506,55338832.34552004,28604992.336080037,6696888.211035366,101224.15407435001,164740.63698239982,87210.03614679999,19048.403530116375,0.3437699460902997,0.405790701299818,0.23233005194368994,0.048967790562696546,24
53,516,[0.3381985  0.40335638],[0.79733976 0.4057907 ],[0.33484533 0.23233005],[0.02834624 0.01557801],100.0,100.0,28802471.112108238,55338832.34552004,28604992.336080037,1660669.117611071,87761.84597025467,164740.63698239982,87210.03614679999,4691.255930186601,0.4033563817984213,0.405790701299818,0.23233005194368994,0.015578007632536446,S:0.00 D:0.00 W:0.00 F:0.00 H:0.00,0.0,0.0,0.0,0,0.0,0.0,0.0,0.0,0.0,0.0,33627499.57209506,55338832.34552004,28604992.336080037,6696888.211035366,101224.15407435001,164740.63698239982,87210.03614679999,19048.403530116375,0.3437699460902997,0.405790701299818,0.23233005194368994,0.048967790562696546,24
54,503,[0.33787583 0.40355293],[0.79733976 0.4057907 ],[0.33484533 0.23233005],[0.02725987 0.01484632],100.0,100.0,28783605.00238657,55338832.34552004,28604992.336080037,1597297.4810553044,87708.36124154065,164740.63698239982,87210.03614679999,4510.840127998069,0.4035529327604679,0.405790701299818,0.23233005194368994,0.01484632132178466,S:0.00 D:0.00 W:0.00 F:0.00 H:0.00,0.0,0.0,0.0,0,0.0,0.0,0.0,0.0,0.0,0.0,33627499.57209506,55338832.34552004,28604992.336080037,6696888.211035366,101224.15407435001,164740.63698239982,87210.03614679999,19048.403530116375,0.3437699460902997,0.405790701299818,0.23233005194368994,0.048967790562696546,24
55,492,[0.33787583 0.40355293],[0.79733976 0.4057907 ],[0.33484533 0.23233005],[0.02725987 0.01484632],100.0,100.0,28783605.00238657,55338832.34552004,28604992.336080037,1597297.4810553044,87708.36124154065,164740.63698239982,87210.03614679999,4510.840127998069,0.4035529327604679,0.405790701299818,0.23233005194368994,0.01484632132178466,S:0.00 D:0.00 W:0.00 F:0.00 H:0.00,0.0,0.0,0.0,0,0.0,0.0,0.0,0.0,0.0,0.0,33627499.57209506,55338832.34552004,28604992.336080037,6696888.211035366,101224.15407435001,164740.63698239982,87210.03614679999,19048.403530116375,0.3437699460902997,0.405790701299818,0.23233005194368994,0.048967790562696546,24
56,504,[0.33787583 0.40355293],[0.79733976 0.4057907 ],[0.33484533 0.23233005],[0.02725987 0.01484632],100.0,100.0,28783605.00238657,55338832.34552004,28604992.336080037,1597297.4810553044,87708.36124154065,164740.63698239982,87210.03614679999,4510.840127998069,0.4035529327604679,0.405790701299818,0.23233005194368994,0.01484632132178466,S:0.00 D:0.00 W:0.00 F:0.00 H:0.00,0.0,0.0,0.0,0,0.0,0.0,0.0,0.0,0.0,0.0,33627499.57209506,55338832.34552004,28604992.336080037,6696888.211035366,101224.15407435001,164740.63698239982,87210.03614679999,19048.403530116375,0.3437699460902997,0.405790701299818,0.23233005194368994,0.048967790562696546,24
57,514,[0.33787583 0.40355293],[0.79733976 0.4057907 ],[0.33484533 0.23233005],[0.02725987 0.01484632],100.0,100.0,28783605.00238657,55338832.34552004,28604992.336080037,1597297.4810553044,87708.36124154065,164740.63698239982,87210.03614679999,4510.840127998069,0.4035529327604679,0.405790701299818,0.23233005194368994,0.01484632132178466,S:0.00 D:0.00 W:0.00 F:0.00 H:0.00,0.0,0.0,0.0,0,0.0,0.0,0.0,0.0,0.0,0.0,33627499.57209506,55338832.34552004,28604992.336080037,6696888.211035366,101224.15407435001,164740.63698239982,87210.03614679999,19048.403530116375,0.3437699460902997,0.405790701299818,0.23233005194368994,0.048967790562696546,24
58,481,[0.33787583 0.40355293],[0.79733976 0.4057907 ],[0.33484533 0.23233005],[0.02725987 0.01484632],100.0,100.0,28783605.00238657,55338832.34552004,28604992.336080037,1597297.4810553044,87708.36124154065,164740.63698239982,87210.03614679999,4510.840127998069,0.4035529327604679,0.405790701299818,0.23233005194368994,0.01484632132178466,S:0.00 D:0.00 W:0.00 F:0.00 H:0.00,0.0,0.0,0.0,0,0.0,0.0,0.0,0.0,0.0,0.0,33627499.57209506,55338832.34552004,28604992.336080037,6696888.211035366,101224.15407435001,164740.63698239982,87210.03614679999,19048.403530116375,0.3437699460902997,0.405790701299818,0.23233005194368994,0.048967790562696546,24
59,495,[0.33787583 0.40355293],[0.79733976 0.4057907 ],[0.33484533 0.23233005],[0.02725987 0.01484632],100.0,100.0,28783605.00238657,55338832.34552004,28604992.336080037,1597297.4810553044,87708.36124154065,164740.63698239982,87210.03614679999,4510.840127998069,0.4035529327604679,0.405790701299818,0.23233005194368994,0.01484632132178466,S:0.00 D:0.00 W:0.00 F:0.00 H:0.00,0.0,0.0,0.0,0,0.0,0.0,0.0,0.0,0.0,0.0,33627499.57209506,55338832.34552004,28604992.336080037,6696888.211035366,101224.15407435001,164740.63698239982,87210.03614679999,19048.403530116375,0.3437699460902997,0.405790701299818,0.23233005194368994,0.048967790562696546,24
60,495,[0.33787583 0.40355293],[0.79733976 0.4057907 ],[0.33484533 0.23233005],[0.02725987 0.01484632],100.0,100.0,28783605.00238657,55338832.34552004,28604992.336080037,1597297.4810553044,87708.36124154065,164740.63698239982,87210.03614679999,4510.840127998069,0.4035529327604679,0.405790701299818,0.23233005194368994,0.01484632132178466,S:0.00 D:0.00 W:0.00 F:0.00 H:0.00,0.0,0.0,0.0,0,0.0,0.0,0.0,0.0,0.0,0.0,33627499.57209506,55338832.34552004,28604992.336080037,6696888.211035366,101224.15407435001,164740.63698239982,87210.03614679999,19048.403530116375,0.3437699460902997,0.405790701299818,0.23233005194368994,0.048967790562696546,24
61,508,[0.33787583 0.40355293],[0.79733976 0.4057907 ],[0.33484533 0.23233005],[0.02725987 0.01484632],100.0,100.0,28783605.00238657,55338832.34552004,28604992.336080037,1597297.4810553044,87708.36124154065,164740.63698239982,87210.03614679999,4510.840127998069,0.4035529327604679,0.405790701299818,0.23233005194368994,0.01484632132178466,S:0.00 D:0.00 W:0.00 F:0.00 H:0.00,0.0,0.0,0.0,0,0.0,0.0,0.0,0.0,0.0,0.0,33627499.57209506,55338832.34552004,28604992.336080037,6696888.211035366,101224.15407435001,164740.63698239982,87210.03614679999,19048.403530116375,0.3437699460902997,0.405790701299818,0.23233005194368994,0.048967790562696546,24
62,498,[0.33787583 0.40355293],[0.79733976 0.4057907 ],[0.33484533 0.23233005],[0.02725987 0.01484632],100.0,100.0,28783605.00238657,55338832.34552004,28604992.336080037,1597297.4810553044,87708.36124154065,164740.63698239982,87210.03614679999,4510.840127998069,0.4035529327604679,0.405790701299818,0.23233005194368994,0.01484632132178466,S:0.00 D:0.00 W:0.00 F:0.00 H:0.00,0.0,0.0,0.0,0,0.0,0.0,0.0,0.0,0.0,0.0,33627499.57209506,55338832.34552004,28604992.336080037,6696888.211035366,101224.15407435001,164740.63698239982,87210.03614679999,19048.403530116375,0.3437699460902997,0.405790701299818,0.23233005194368994,0.048967790562696546,24
63,506,[0.33787583 0.40355293],[0.79733976 0.4057907 ],[0.33484533 0.23233005],[0.02725987 0.01484632],100.0,100.0,28783605.00238657,55338832.34552004,28604992.336080037,1597297.4810553044,87708.36124154065,164740.63698239982,87210.03614679999,4510.840127998069,0.4035529327604679,0.405790701299818,0.23233005194368994,0.01484632132178466,S:0.00 D:0.00 W:0.00 F:0.00 H:0.00,0.0,0.0,0.0,0,0.0,0.0,0.0,0.0,0.0,0.0,33627499.57209506,55338832.34552004,28604992.336080037,6696888.211035366,101224.15407435001,164740.63698239982,87210.03614679999,19048.403530116375,0.3437699460902997,0.405790701299818,0.23233005194368994,0.048967790562696546,24
64,509,[0.33787583 0.40355293],[0.79733976 0.4057907 ],[0.33484533 0.23233005],[0.02725987 0.01484632],100.0,100.0,28783605.00238657,55338832.34552004,28604992.336080037,1597297.4810553044,87708.36124154065,164740.63698239982,87210.03614679999,4510.840127998069,0.4035529327604679,0.405790701299818,0.23233005194368994,0.01484632132178466,S:0.00 D:0.00 W:0.00 F:0.00 H:0.00,0.0,0.0,0.0,0,0.0,0.0,0.0,0.0,0.0,0.0,33627499.57209506,55338832.34552004,28604992.336080037,6696888.211035366,101224.15407435001,164740.63698239982,87210.03614679999,19048.403530116375,0.3437699460902997,0.405790701299818,0.23233005194368994,0.048967790562696546,24
65,514,[0.33787583 0.40355293],[0.79733976 0.4057907 ],[0.33484533 0.23233005],[0.02725987 0.01484632],100.0,100.0,28783605.00238657,55338832.34552004,28604992.336080037,1597297.4810553044,87708.36124154065,164740.63698239982,87210.03614679999,4510.840127998069,0.4035529327604679,0.405790701299818,0.23233005194368994,0.01484632132178466,S:0.00 D:0.00 W:0.00 F:0.00 H:0.00,0.0,0.0,0.0,0,0.0,0.0,0.0,0.0,0.0,0.0,33627499.57209506,55338832.34552004,28604992.336080037,6696888.211035366,101224.15407435001,164740.63698239982,87210.03614679999,19048.403530116375,0.3437699460902997,0.405790701299818,0.23233005194368994,0.048967790562696546,24
66,501,[0.33787583 0.40355293],[0.79733976 0.4057907 ],[0.33484533 0.23233005],[0.02725987 0.01484632],100.0,100.0,28783605.00238657,55338832.34552004,28604992.336080037,1597297.4810553044,87708.36124154065,164740.63698239982,87210.03614679999,4510.840127998069,0.4035529327604679,0.405790701299818,0.23233005194368994,0.01484632132178466,S:0.00 D:0.00 W:0.00 F:0.00 H:0.00,0.0,0.0,0.0,0,0.0,0.0,0.0,0.0,0.0,0.0,33627499.57209506,55338832.34552004,28604992.336080037,6696888.211035366,101224.15407435001,164740.63698239982,87210.03614679999,19048.403530116375,0.3437699460902997,0.405790701299818,0.23233005194368994,0.048967790562696546,24
67,522,[0.33787583 0.40355293],[0.79733976 0.4057907 ],[0.33484533 0.23233005],[0.02725987 0.01484632],100.0,100.0,28783605.00238657,55338832.34552004,28604992.336080037,1597297.4810553044,87708.36124154065,164740.63698239982,87210.03614679999,4510.840127998069,0.4035529327604679,0.405790701299818,0.23233005194368994,0.01484632132178466,S:0.00 D:0.00 W:0.00 F:0.00 H:0.00,0.0,0.0,0.0,0,0.0,0.0,0.0,0.0,0.0,0.0,33627499.57209506,55338832.34552004,28604992.336080037,6696888.211035366,101224.15407435001,164740.63698239982,87210.03614679999,19048.403530116375,0.3437699460902997,0.405790701299818,0.23233005194368994,0.048967790562696546,24
68,510,[0.33787583 0.40355293],[0.79733976 0.4057907 ],[0.33484533 0.23233005],[0.02725987 0.01484632],100.0,100.0,28783605.00238657,55338832.34552004,28604992.336080037,1597297.4810553044,87708.36124154065,164740.63698239982,87210.03614679999,4510.840127998069,0.4035529327604679,0.405790701299818,0.23233005194368994,0.01484632132178466,S:0.00 D:0.00 W:0.00 F:0.00 H:0.00,0.0,0.0,0.0,0,0.0,0.0,0.0,0.0,0.0,0.0,33627499.57209506,55338832.34552004,28604992.336080037,6696888.211035366,101224.15407435001,164740.63698239982,87210.03614679999,19048.403530116375,0.3437699460902997,0.405790701299818,0.23233005194368994,0.048967790562696546,24
69,540,[0.33787583 0.40355293],[0.79733976 0.4057907 ],[0.33484533 0.23233005],[0.02725987 0.01484632],100.0,100.0,28783605.00238657,55338832.34552004,28604992.336080037,1597297.4810553044,87708.36124154065,164740.63698239982,87210.03614679999,4510.840127998069,0.4035529327604679,0.405790701299818,0.23233005194368994,0.01484632132178466,S:0.00 D:0.00 W:0.00 F:0.00 H:0.00,0.0,0.0,0.0,0,0.0,0.0,0.0,0.0,0.0,0.0,33627499.57209506,55338832.34552004,28604992.336080037,6696888.211035366,101224.15407435001,164740.63698239982,87210.03614679999,19048.403530116375,0.3437699460902997,0.405790701299818,0.23233005194368994,0.048967790562696546,24
70,515,[0.33787583 0.40355293],[0.79733976 0.4057907 ],[0.33484533 0.23233005],[0.02725987 0.01484632],100.0,100.0,28783605.00238657,55338832.34552004,28604992.336080037,1597297.4810553044,87708.36124154065,164740.63698239982,87210.03614679999,4510.840127998069,0.4035529327604679,0.405790701299818,0.23233005194368994,0.01484632132178466,S:0.00 D:0.00 W:0.00 F:0.00 H:0.00,0.0,0.0,0.0,0,0.0,0.0,0.0,0.0,0.0,0.0,33627499.57209506,55338832.34552004,28604992.336080037,6696888.211035366,101224.15407435001,164740.63698239982,87210.03614679999,19048.403530116375,0.3437699460902997,0.405790701299818,0.23233005194368994,0.048967790562696546,24
71,491,[0.33780277 0.40364234],[0.79733976 0.4057907 ],[0.33484533 0.23233005],[0.02720909 0.01469726],100.0,100.0,28779254.95870844,55338832.34552004,28604992.336080037,1594220.9815155556,87696.46907461199,164740.63698239982,87210.03614679999,4502.725328797061,0.4036423372729324,0.405790701299818,0.23233005194368994,0.014697261538257936,S:0.00 D:0.00 W:0.00 F:0.00 H:0.00,0.0,0.0,0.0,0,0.0,0.0,0.0,0.0,0.0,0.0,33627499.57209506,55338832.34552004,28604992.336080037,6696888.211035366,101224.15407435001,164740.63698239982,87210.03614679999,19048.403530116375,0.3437699460902997,0.405790701299818,0.23233005194368994,0.048967790562696546,24
72,518,[0.33768968 0.40380857],[0.79733976 0.4057907 ],[0.33484533 0.23233005],[0.02715059 0.01443629],100.0,100.0,28772520.096713237,55338832.34552004,28604992.336080037,1590671.2228297386,87678.07146305866,164740.63698239982,87210.03614679999,4493.3899996911905,0.4038085665069358,0.405790701299818,0.23233005194368994,0.014436289651693952,S:0.00 D:0.00 W:0.00 F:0.00 H:0.00,0.0,0.0,0.0,0,0.0,0.0,0.0,0.0,0.0,0.0,33627499.57209506,55338832.34552004,28604992.336080037,6696888.211035366,101224.15407435001,164740.63698239982,87210.03614679999,19048.403530116375,0.3437699460902997,0.405790701299818,0.23233005194368994,0.048967790562696546,24
73,494,[0.33768968 0.40380857],[0.79733976 0.4057907 ],[0.33484533 0.23233005],[0.02715059 0.01443629],100.0,100.0,28772520.096713237,55338832.34552004,28604992.336080037,1590671.2228297386,87678.07146305866,164740.63698239982,87210.03614679999,4493.3899996911905,0.4038085665069358,0.405790701299818,0.23233005194368994,0.014436289651693952,S:0.00 D:0.00 W:0.00 F:0.00 H:0.00,0.0,0.0,0.0,0,0.0,0.0,0.0,0.0,0.0,0.0,33627499.57209506,55338832.34552004,28604992.336080037,6696888.211035366,101224.15407435001,164740.63698239982,87210.03614679999,19048.403530116375,0.3437699460902997,0.405790701299818,0.23233005194368994,0.048967790562696546,24
74,491,[0.33768968 0.40380857],[0.79733976 0.4057907 ],[0.33484533 0.23233005],[0.02715059 0.01443629],100.0,100.0,28772520.096713237,55338832.34552004,28604992.336080037,1590671.2228297386,87678.07146305866,164740.63698239982,87210.03614679999,4493.3899996911905,0.4038085665069358,0.405790701299818,0.23233005194368994,0.014436289651693952,S:0.00 D:0.00 W:0.00 F:0.00 H:0.00,0.0,0.0,0.0,0,0.0,0.0,0.0,0.0,0.0,0.0,33627499.57209506,55338832.34552004,28604992.336080037,6696888.211035366,101224.15407435001,164740.63698239982,87210.03614679999,19048.403530116375,0.3437699460902997,0.405790701299818,0.23233005194368994,0.048967790562696546,24
75,508,[0.33768968 0.40380857],[0.79733976 0.4057907 ],[0.33484533 0.23233005],[0.02715059 0.01443629],100.0,100.0,28772520.096713237,55338832.34552004,28604992.336080037,1590671.2228297386,87678.07146305866,164740.63698239982,87210.03614679999,4493.3899996911905,0.4038085665069358,0.405790701299818,0.23233005194368994,0.014436289651693952,S:0.00 D:0.00 W:0.00 F:0.00 H:0.00,0.0,0.0,0.0,0,0.0,0.0,0.0,0.0,0.0,0.0,33627499.57209506,55338832.34552004,28604992.336080037,6696888.211035366,101224.15407435001,164740.63698239982,87210.03614679999,19048.403530116375,0.3437699460902997,0.405790701299818,0.23233005194368994,0.048967790562696546,24
76,510,[0.33768968 0.40380857],[0.79733976 0.4057907 ],[0.33484533 0.23233005],[0.02715059 0.01443629],100.0,100.0,28772520.096713237,55338832.34552004,28604992.336080037,1590671.2228297386,87678.07146305866,164740.63698239982,87210.03614679999,4493.3899996911905,0.4038085665069358,0.405790701299818,0.23233005194368994,0.014436289651693952,S:0.00 D:0.00 W:0.00 F:0.00 H:0.00,0.0,0.0,0.0,0,0.0,0.0,0.0,0.0,0.0,0.0,33627499.57209506,55338832.34552004,28604992.336080037,6696888.211035366,101224.15407435001,164740.63698239982,87210.03614679999,19048.403530116375,0.3437699460902997,0.405790701299818,0.23233005194368994,0.048967790562696546,24
77,494,[0.33768968 0.40380857],[0.79733976 0.4057907 ],[0.33484533 0.23233005],[0.02715059 0.01443629],100.0,100.0,28772520.096713237,55338832.34552004,28604992.336080037,1590671.2228297386,87678.07146305866,164740.63698239982,87210.03614679999,4493.3899996911905,0.4038085665069358,0.405790701299818,0.23233005194368994,0.014436289651693952,S:0.00 D:0.00 W:0.00 F:0.00 H:0.00,0.0,0.0,0.0,0,0.0,0.0,0.0,0.0,0.0,0.0,33627499.57209506,55338832.34552004,28604992.336080037,6696888.211035366,101224.15407435001,164740.63698239982,87210.03614679999,19048.403530116375,0.3437699460902997,0.405790701299818,0.23233005194368994,0.048967790562696546,24
78,511,[0.33768968 0.40380857],[0.79733976 0.4057907 ],[0.33484533 0.23233005],[0.02715059 0.01443629],100.0,100.0,28772520.096713237,55338832.34552004,28604992.336080037,1590671.2228297386,87678.07146305866,164740.63698239982,87210.03614679999,4493.3899996911905,0.4038085665069358,0.405790701299818,0.23233005194368994,0.014436289651693952,S:0.00 D:0.00 W:0.00 F:0.00 H:0.00,0.0,0.0,0.0,0,0.0,0.0,0.0,0.0,0.0,0.0,33627499.57209506,55338832.34552004,28604992.336080037,6696888.211035366,101224.15407435001,164740.63698239982,87210.03614679999,19048.403530116375,0.3437699460902997,0.405790701299818,0.23233005194368994,0.048967790562696546,24
79,510,[0.33768968 0.40380857],[0.79733976 0.4057907 ],[0.33484533 0.23233005],[0.02715059 0.01443629],100.0,100.0,28772520.096713237,55338832.34552004,28604992.336080037,1590671.2228297386,87678.07146305866,164740.63698239982,87210.03614679999,4493.3899996911905,0.4038085665069358,0.405790701299818,0.23233005194368994,0.014436289651693952,S:0.00 D:0.00 W:0.00 F:0.00 H:0.00,0.0,0.0,0.0,0,0.0,0.0,0.0,0.0,0.0,0.0,33627499.57209506,55338832.34552004,28604992.336080037,6696888.211035366,101224.15407435001,164740.63698239982,87210.03614679999,19048.403530116375,0.3437699460902997,0.405790701299818,0.23233005194368994,0.048967790562696546,24
80,506,[0.33768968 0.40380857],[0.79733976 0.4057907 ],[0.33484533 0.23233005],[0.02715059 0.01443629],100.0,100.0,28772520.096713237,55338832.34552004,28604992.336080037,1590671.2228297386,87678.07146305866,164740.63698239982,87210.03614679999,4493.3899996911905,0.4038085665069358,0.405790701299818,0.23233005194368994,0.014436289651693952,S:0.00 D:0.00 W:0.00 F:0.00 H:0.00,0.0,0.0,0.0,0,0.0,0.0,0.0,0.0,0.0,0.0,33627499.57209506,55338832.34552004,28604992.336080037,6696888.211035366,101224.15407435001,164740.63698239982,87210.03614679999,19048.403530116375,0.3437699460902997,0.405790701299818,0.23233005194368994,0.048967790562696546,24
81,517,[0.33768968 0.40380857],[0.79733976 0.4057907 ],[0.33484533 0.23233005],[0.02715059 0.01443629],100.0,100.0,28772520.096713237,55338832.34552004,28604992.336080037,1590671.2228297386,87678.07146305866,164740.63698239982,87210.03614679999,4493.3899996911905,0.4038085665069358,0.405790701299818,0.23233005194368994,0.014436289651693952,S:0.00 D:0.00 W:0.00 F:0.00 H:0.00,0.0,0.0,0.0,0,0.0,0.0,0.0,0.0,0.0,0.0,33627499.57209506,55338832.34552004,28604992.336080037,6696888.211035366,101224.15407435001,164740.63698239982,87210.03614679999,19048.403530116375,0.3437699460902997,0.405790701299818,0.23233005194368994,0.048967790562696546,24
82,503,[0.33768968 0.40380857],[0.79733976 0.4057907 ],[0.33484533 0.23233005],[0.02715059 0.01443629],100.0,100.0,28772520.096713237,55338832.34552004,28604992.336080037,1590671.2228297386,87678.07146305866,164740.63698239982,87210.03614679999,4493.3899996911905,0.4038085665069358,0.405790701299818,0.23233005194368994,0.014436289651693952,S:0.00 D:0.00 W:0.00 F:0.00 H:0.00,0.0,0.0,0.0,0,0.0,0.0,0.0,0.0,0.0,0.0,33627499.57209506,55338832.34552004,28604992.336080037,6696888.211035366,101224.15407435001,164740.63698239982,87210.03614679999,19048.403530116375,0.3437699460902997,0.405790701299818,0.23233005194368994,0.048967790562696546,24
83,507,[0.33768968 0.40380857],[0.79733976 0.4057907 ],[0.33484533 0.23233005],[0.02715059 0.01443629],100.0,100.0,28772520.096713237,55338832.34552004,28604992.336080037,1590671.2228297386,87678.07146305866,164740.63698239982,87210.03614679999,4493.3899996911905,0.4038085665069358,0.405790701299818,0.23233005194368994,0.014436289651693952,S:0.00 D:0.00 W:0.00 F:0.00 H:0.00,0.0,0.0,0.0,0,0.0,0.0,0.0,0.0,0.0,0.0,33627499.57209506,55338832.34552004,28604992.336080037,6696888.211035366,101224.15407435001,164740.63698239982,87210.03614679999,19048.403530116375,0.3437699460902997,0.405790701299818,0.23233005194368994,0.048967790562696546,24
84,494,[0.33768968 0.40380857],[0.79733976 0.4057907 ],[0.33484533 0.23233005],[0.02715059 0.01443629],100.0,100.0,28772520.096713237,55338832.34552004,28604992.336080037,1590671.2228297386,87678.07146305866,164740.63698239982,87210.03614679999,4493.3899996911905,0.4038085665069358,0.405790701299818,0.23233005194368994,0.014436289651693952,S:0.00 D:0.00 W:0.00 F:0.00 H:0.00,0.0,0.0,0.0,0,0.0,0.0,0.0,0.0,0.0,0.0,33627499.57209506,55338832.34552004,28604992.336080037,6696888.211035366,101224.15407435001,164740.63698239982,87210.03614679999,19048.403530116375,0.3437699460902997,0.405790701299818,0.23233005194368994,0.048967790562696546,24
85,482,[0.33768968 0.40380857],[0.79733976 0.4057907 ],[0.33484533 0.23233005],[0.02715059 0.01443629],100.0,100.0,28772520.096713237,55338832.34552004,28604992.336080037,1590671.2228297386,87678.07146305866,164740.63698239982,87210.03614679999,4493.3899996911905,0.4038085665069358,0.405790701299818,0.23233005194368994,0.014436289651693952,S:0.00 D:0.00 W:0.00 F:0.00 H:0.00,0.0,0.0,0.0,0,0.0,0.0,0.0,0.0,0.0,0.0,33627499.57209506,55338832.34552004,28604992.336080037,6696888.211035366,101224.15407435001,164740.63698239982,87210.03614679999,19048.403530116375,0.3437699460902997,0.405790701299818,0.23233005194368994,0.048967790562696546,24
86,509,[0.33768968 0.40380857],[0.79733976 0.4057907 ],[0.33484533 0.23233005],[0.02715059 0.01443629],100.0,100.0,28772520.096713237,55338832.34552004,28604992.336080037,1590671.2228297386,87678.07146305866,164740.63698239982,87210.03614679999,4493.3899996911905,0.4038085665069358,0.405790701299818,0.23233005194368994,0.014436289651693952,S:0.00 D:0.00 W:0.00 F:0.00 H:0.00,0.0,0.0,0.0,0,0.0,0.0,0.0,0.0,0.0,0.0,33627499.57209506,55338832.34552004,28604992.336080037,6696888.211035366,101224.15407435001,164740.63698239982,87210.03614679999,19048.403530116375,0.3437699460902997,0.405790701299818,0.23233005194368994,0.048967790562696546,24
87,507,[0.33768968 0.40380857],[0.79733976 0.4057907 ],[0.33484533 0.23233005],[0.02715059 0.01443629],100.0,100.0,28772520.096713237,55338832.34552004,28604992.336080037,1590671.2228297386,87678.07146305866,164740.63698239982,87210.03614679999,4493.3899996911905,0.4038085665069358,0.405790701299818,0.23233005194368994,0.014436289651693952,S:0.00 D:0.00 W:0.00 F:0.00 H:0.00,0.0,0.0,0.0,0,0.0,0.0,0.0,0.0,0.0,0.0,33627499.57209506,55338832.34552004,28604992.336080037,6696888.211035366,101224.15407435001,164740.63698239982,87210.03614679999,19048.403530116375,0.3437699460902997,0.405790701299818,0.23233005194368994,0.048967790562696546,24
88,482,[0.33768968 0.40380857],[0.79733976 0.4057907 ],[0.33484533 0.23233005],[0.02715059 0.01443629],100.0,100.0,28772520.096713237,55338832.34552004,28604992.336080037,1590671.2228297386,87678.07146305866,164740.63698239982,87210.03614679999,4493.3899996911905,0.4038085665069358,0.405790701299818,0.23233005194368994,0.014436289651693952,S:0.00 D:0.00 W:0.00 F:0.00 H:0.00,0.0,0.0,0.0,0,0.0,0.0,0.0,0.0,0.0,0.0,33627499.57209506,55338832.34552004,28604992.336080037,6696888.211035366,101224.15407435001,164740.63698239982,87210.03614679999,19048.403530116375,0.3437699460902997,0.405790701299818,0.23233005194368994,0.048967790562696546,24
89,505,[0.33768968 0.40380857],[0.79733976 0.4057907 ],[0.33484533 0.23233005],[0.02715059 0.01443629],100.0,100.0,28772520.096713237,55338832.34552004,28604992.336080037,1590671.2228297386,87678.07146305866,164740.63698239982,87210.03614679999,4493.3899996911905,0.4038085665069358,0.405790701299818,0.23233005194368994,0.014436289651693952,S:0.00 D:0.00 W:0.00 F:0.00 H:0.00,0.0,0.0,0.0,0,0.0,0.0,0.0,0.0,0.0,0.0,33627499.57209506,55338832.34552004,28604992.336080037,6696888.211035366,101224.15407435001,164740.63698239982,87210.03614679999,19048.403530116375,0.3437699460902997,0.405790701299818,0.23233005194368994,0.048967790562696546,24
90,511,[0.33768968 0.40380857],[0.79733976 0.4057907 ],[0.33484533 0.23233005],[0.02715059 0.01443629],100.0,100.0,28772520.096713237,55338832.34552004,28604992.336080037,1590671.2228297386,87678.07146305866,164740.63698239982,87210.03614679999,4493.3899996911905,0.4038085665069358,0.405790701299818,0.23233005194368994,0.014436289651693952,S:0.00 D:0.00 W:0.00 F:0.00 H:0.00,0.0,0.0,0.0,0,0.0,0.0,0.0,0.0,0.0,0.0,33627499.57209506,55338832.34552004,28604992.336080037,6696888.211035366,101224.15407435001,164740.63698239982,87210.03614679999,19048.403530116375,0.3437699460902997,0.405790701299818,0.23233005194368994,0.048967790562696546,24
91,491,[0.33768968 0.40380857],[0.79733976 0.4057907 ],[0.33484533 0.23233005],[0.02715059 0.01443629],100.0,100.0,28772520.096713237,55338832.34552004,28604992.336080037,1590671.2228297386,87678.07146305866,164740.63698239982,87210.03614679999,4493.3899996911905,0.4038085665069358,0.405790701299818,0.23233005194368994,0.014436289651693952,S:0.00 D:0.00 W:0.00 F:0.00 H:0.00,0.0,0.0,0.0,0,0.0,0.0,0.0,0.0,0.0,0.0,33627499.57209506,55338832.34552004,28604992.336080037,6696888.211035366,101224.15407435001,164740.63698239982,87210.03614679999,19048.403530116375,0.3437699460902997,0.405790701299818,0.23233005194368994,0.048967790562696546,24
92,508,[0.33768968 0.40380857],[0.79733976 0.4057907 ],[0.33484533 0.23233005],[0.02715059 0.01443629],100.0,100.0,28772520.096713237,55338832.34552004,28604992.336080037,1590671.2228297386,87678.07146305866,164740.63698239982,87210.03614679999,4493.3899996911905,0.4038085665069358,0.405790701299818,0.23233005194368994,0.014436289651693952,S:0.00 D:0.00 W:0.00 F:0.00 H:0.00,0.0,0.0,0.0,0,0.0,0.0,0.0,0.0,0.0,0.0,33627499.57209506,55338832.34552004,28604992.336080037,6696888.211035366,101224.15407435001,164740.63698239982,87210.03614679999,19048.403530116375,0.3437699460902997,0.405790701299818,0.23233005194368994,0.048967790562696546,24
93,495,[0.33768968 0.40380857],[0.79733976 0.4057907 ],[0.33484533 0.23233005],[0.02715059 0.01443629],100.0,100.0,28772520.096713237,55338832.34552004,28604992.336080037,1590671.2228297386,87678.07146305866,164740.63698239982,87210.03614679999,4493.3899996911905,0.4038085665069358,0.405790701299818,0.23233005194368994,0.014436289651693952,S:0.00 D:0.00 W:0.00 F:0.00 H:0.00,0.0,0.0,0.0,0,0.0,0.0,0.0,0.0,0.0,0.0,33627499.57209506,55338832.34552004,28604992.336080037,6696888.211035366,101224.15407435001,164740.63698239982,87210.03614679999,19048.403530116375,0.3437699460902997,0.405790701299818,0.23233005194368994,0.048967790562696546,24
94,505,[0.33768968 0.40380857],[0.79733976 0.4057907 ],[0.33484533 0.23233005],[0.02715059 0.01443629],100.0,100.0,28772520.096713237,55338832.34552004,28604992.336080037,1590671.2228297386,87678.07146305866,164740.63698239982,87210.03614679999,4493.3899996911905,0.4038085665069358,0.405790701299818,0.23233005194368994,0.014436289651693952,S:0.00 D:0.00 W:0.00 F:0.00 H:0.00,0.0,0.0,0.0,0,0.0,0.0,0.0,0.0,0.0,0.0,33627499.57209506,55338832.34552004,28604992.336080037,6696888.211035366,101224.15407435001,164740.63698239982,87210.03614679999,19048.403530116375,0.3437699460902997,0.405790701299818,0.23233005194368994,0.048967790562696546,24
95,506,[0.33768968 0.40380857],[0.79733976 0.4057907 ],[0.33484533 0.23233005],[0.02715059 0.01443629],100.0,100.0,28772520.096713237,55338832.34552004,28604992.336080037,1590671.2228297386,87678.07146305866,164740.63698239982,87210.03614679999,4493.3899996911905,0.4038085665069358,0.405790701299818,0.23233005194368994,0.014436289651693952,S:0.00 D:0.00 W:0.00 F:0.00 H:0.00,0.0,0.0,0.0,0,0.0,0.0,0.0,0.0,0.0,0.0,33627499.57209506,55338832.34552004,28604992.336080037,6696888.211035366,101224.15407435001,164740.63698239982,87210.03614679999,19048.403530116375,0.3437699460902997,0.405790701299818,0.23233005194368994,0.048967790562696546,24
96,500,[0.33768968 0.40380857],[0.79733976 0.4057907 ],[0.33484533 0.23233005],[0.02715059 0.01443629],100.0,100.0,28772520.096713237,55338832.34552004,28604992.336080037,1590671.2228297386,87678.07146305866,164740.63698239982,87210.03614679999,4493.3899996911905,0.4038085665069358,0.405790701299818,0.23233005194368994,0.014436289651693952,S:0.00 D:0.00 W:0.00 F:0.00 H:0.00,0.0,0.0,0.0,0,0.0,0.0,0.0,0.0,0.0,0.0,33627499.57209506,55338832.34552004,28604992.336080037,6696888.211035366,101224.15407435001,164740.63698239982,87210.03614679999,19048.403530116375,0.3437699460902997,0.405790701299818,0.23233005194368994,0.048967790562696546,24
97,524,[0.33768968 0.40380857],[0.79733976 0.4057907 ],[0.33484533 0.23233005],[0.02715059 0.01443629],100.0,100.0,28772520.096713237,55338832.34552004,28604992.336080037,1590671.2228297386,87678.07146305866,164740.63698239982,87210.03614679999,4493.3899996911905,0.4038085665069358,0.405790701299818,0.23233005194368994,0.014436289651693952,S:0.00 D:0.00 W:0.00 F:0.00 H:0.00,0.0,0.0,0.0,0,0.0,0.0,0.0,0.0,0.0,0.0,33627499.57209506,55338832.34552004,28604992.336080037,6696888.211035366,101224.15407435001,164740.63698239982,87210.03614679999,19048.403530116375,0.3437699460902997,0.405790701299818,0.23233005194368994,0.048967790562696546,24
98,489,[0.33740093 0.40399004],[0.79733976 0.4057907 ],[0.33484533 0.23233005],[0.02624284 0.01375984],100.0,100.0,28755257.664936308,55338832.34552004,28604992.336080037,1535228.286006085,87631.27725344799,164740.63698239982,87210.03614679999,4349.522714598457,0.40399004039453273,0.405790701299818,0.23233005194368994,0.01375984281964087,S:0.00 D:0.00 W:0.00 F:0.00 H:0.00,0.0,0.0,0.0,0,0.0,0.0,0.0,0.0,0.0,0.0,33627499.57209506,55338832.34552004,28604992.336080037,6696888.211035366,101224.15407435001,164740.63698239982,87210.03614679999,19048.403530116375,0.3437699460902997,0.405790701299818,0.23233005194368994,0.048967790562696546,24
99,497,[0.33740093 0.40399004],[0.79733976 0.4057907 ],[0.33484533 0.23233005],[0.02624284 0.01375984],100.0,100.0,28755257.664936308,55338832.34552004,28604992.336080037,1535228.286006085,87631.27725344799,164740.63698239982,87210.03614679999,4349.522714598457,0.40399004039453273,0.405790701299818,0.23233005194368994,0.01375984281964087,S:0.00 D:0.00 W:0.00 F:0.00 H:0.00,0.0,0.0,0.0,0,0.0,0.0,0.0,0.0,0.0,0.0,33627499.57209506,55338832.34552004,28604992.336080037,6696888.211035366,101224.15407435001,164740.63698239982,87210.03614679999,19048.403530116375,0.3437699460902997,0.405790701299818,0.23233005194368994,0.048967790562696546,24
100,531,[0.33740093 0.40399004],[0.79733976 0.4057907 ],[0.33484533 0.23233005],[0.02624284 0.01375984],100.0,100.0,28755257.664936308,55338832.34552004,28604992.336080037,1535228.286006085,87631.27725344799,164740.63698239982,87210.03614679999,4349.522714598457,0.40399004039453273,0.405790701299818,0.23233005194368994,0.01375984281964087,S:0.00 D:0.00 W:0.00 F:0.00 H:0.00,0.0,0.0,0.0,0,0.0,0.0,0.0,0.0,0.0,0.0,33627499.57209506,55338832.34552004,28604992.336080037,6696888.211035366,101224.15407435001,164740.63698239982,87210.03614679999,19048.403530116375,0.3437699460902997,0.405790701299818,0.23233005194368994,0.048967790562696546,24
