Parameter,Obj1_NormCostCO2,Obj2_MeanDCR,Cost,CO2,Mean_DCR
0.4,0.12670147403845122,0.2992752154334455,36449438.22516002,107289.53160119991,0.2992752154334455
0.4,0.12990678174384973,0.2814788842174744,36540096.47816003,108061.67356220001,0.2814788842174744
0.4,0.14108654127508358,0.27858417439730637,37238768.53416,109756.7160371998,0.27858417439730637
0.4,0.14328523409092744,0.27642244249427855,37514811.45608003,109728.2810678,0.27642244249427855
0.4,0.15304973794126348,0.2246075457581635,37819559.55116003,112005.93913719998,0.2246075457581635
0.4,0.15647736167281612,0.22063563808322598,37886471.386120014,112910.0151043999,0.22063563808322598
0.4,0.16094554336329275,0.21542383574986315,38279813.01716002,113289.69228519991,0.21542383574986315
0.4,0.16985581401989375,0.21346032070854742,38861186.364039995,114576.62260999989,0.21346032070854742
0.4,0.17432399571037027,0.20890583615294187,39254527.995079994,114956.2997907999,0.20890583615294187
0.4,0.19015936975568543,0.20860431113058683,40215119.76788,117432.97111719992,0.20860431113058683
0.4,0.1902087085915929,0.20591686674394544,40158876.69619999,117595.2731891999,0.20591686674394544
0.4,0.19233710553720912,0.20530898737262904,40336016.75208002,117802.81780279985,0.20530898737262904
0.4,0.20822181841843174,0.20196817362238312,41240365.45320002,120441.79120119986,0.20196817362238312
0.4,0.2115564704312753,0.19392773639164518,41463745.659799956,120908.28039720013,0.19392773639164518
0.4,0.23268453735771447,0.192870083933501,42658914.354199976,124438.4279316001,0.192870083933501
0.4,0.248648517231969,0.19052817145694848,43752151.67120004,126609.41349159999,0.19052817145694848
0.4,0.25839335418763776,0.18980663051679017,44218912.63000006,128458.08503639986,0.18980663051679017
0.4,0.2749533472432267,0.18817920665847365,44999276.49708005,131633.13023480005,0.18817920665847365
0.4,0.27826825674458655,0.18669039584392172,45173450.95700001,132221.81624040005,0.18669039584392172
0.4,0.32865805813135207,0.18565599293435872,47718437.02580001,141438.24324120022,0.18565599293435872
0.4,0.3426982911562716,0.18280607905850943,48568752.05140002,143637.75749320028,0.18280607905850943
0.4,0.37422558602446077,0.18078925943388863,50633805.72900005,148170.50358480035,0.18078925943388863
0.4,0.3929339560069789,0.17688918025848316,52100399.86160006,150230.83277640026,0.17688918025848316
0.4,0.5984674796686876,0.17157053736925496,64214654.46356008,183299.40380520027,0.17157053736925496
0.4,0.6369644442202893,0.1568530825495311,66875510.548799984,188470.70727880028,0.1568530825495311
0.5,0.09313369945735961,0.28982750018617176,34403202.74708,102065.5260359999,0.28982750018617176
0.5,0.09791264426897972,0.2798202288272327,34600761.874080025,103053.92639099993,0.2798202288272327
0.5,0.10190388908248445,0.2790435657457314,34847479.87868001,103666.14551999992,0.2790435657457314
0.5,0.10549822425468547,0.27368458543349267,35124051.93552002,104075.54624219995,0.27368458543349267
0.5,0.10668283389410456,0.2688364588109393,35045039.00568004,104654.54587499995,0.2688364588109393
0.5,0.11378890294855279,0.26614524317542,35480176.04892001,105755.30964799991,0.26614524317542
0.5,0.12065125229431675,0.22822285897168024,35743889.65008,107226.72902799991,0.22822285897168024
0.5,0.12065125229431675,0.22822285897168024,35743889.65008,107226.72902799991,0.22822285897168024
0.5,0.12464249710782149,0.2230114024487968,35990607.65467999,107838.9481569999,0.2230114024487968
0.5,0.12823683228002258,0.22229372789678337,36267179.71152001,108248.34887919994,0.22229372789678337
0.5,0.12942144191944166,0.22048192854313053,36188166.781680025,108827.34851199994,0.22048192854313053
0.5,0.12942144191944166,0.22048192854313053,36188166.781680025,108827.34851199994,0.22048192854313053
0.5,0.12942144191944166,0.22048192854313053,36188166.781680025,108827.34851199994,0.22048192854313053
0.5,0.129895528999611,0.22018002375641346,36373849.24168003,108491.97974200004,0.22018002375641346
0.5,0.129895528999611,0.22018002375641346,36373849.24168003,108491.97974200004,0.22018002375641346
0.5,0.13193410261699268,0.21903749479344686,36439254.503280036,108962.84540799988,0.21903749479344686
0.5,0.13700702190514746,0.21450894904827378,36711456.84312003,109848.96836319997,0.21450894904827378
0.5,0.14438167196096985,0.21412142652055924,37288191.36648004,110664.73590879992,0.21412142652055924
0.5,0.1491542041546112,0.21297852455161273,37679594.55528005,111145.25257599991,0.21297852455161273
0.5,0.1661318119316722,0.21179328573685868,38407418.10184005,114588.8354591999,0.21179328573685868
0.5,0.19200733768640138,0.20835736916049283,39883878.15128,118878.96253040002,0.20835736916049283
0.5,0.1969485076926103,0.2082226543099904,40397303.278519996,119094.11564019987,0.2082226543099904
0.5,0.20049092511666683,0.19832629324732629,40300486.70203999,120461.5920568,0.19832629324732629
0.5,0.24383564918466835,0.1937077813662736,43090425.54344001,126821.6517807999,0.1937077813662736
0.5,0.29734111191112944,0.19310042450143727,46415190.40308004,134983.64353120004,0.19310042450143727
0.5,0.3574110053213503,0.1846027605668135,49162358.28588002,146718.82605240043,0.1846027605668135
0.5,0.3710543223186268,0.1788078559910996,50909063.37508002,146454.16219759997,0.1788078559910996
0.5,0.4186573714926902,0.17042625177213197,53594526.301080026,154426.98674959998,0.17042625177213197
0.5,0.5934308143709712,0.16842970224662546,63784605.33819996,182836.615412,0.16842970224662546
0.5,0.5996511570401521,0.16349028856748207,64366217.75419986,183276.38628519987,0.16349028856748207
0.5,0.6349859913850036,0.1442414668993265,66375895.64540005,189151.89815119997,0.1442414668993265
0.6,0.09907085978933437,0.31305669283823273,34592340.30276004,103440.40074439997,0.31305669283823273
0.6,0.10787249931387904,0.30354002574258804,35065632.580760054,104975.19824639992,0.30354002574258804
0.6,0.109912400965718,0.3015891585823395,35205177.284760036,105253.00368639994,0.3015891585823395
0.6,0.11227920792592391,0.30135148177908727,35368795.982360035,105570.86332479991,0.30135148177908727
0.6,0.11462200412795863,0.2982407765662044,35462513.37276006,106063.5847484,0.2982407765662044
0.6,0.12089051187809532,0.2977584669230661,35852498.53916003,107018.59393679991,0.2977584669230661
0.6,0.12567235344243272,0.29764817905948576,36106380.21020003,107860.92365999991,0.29764817905948576
0.6,0.1271113984226273,0.29761665425976724,36315004.21484005,107769.36314879991,0.29761665425976724
0.6,0.12981207641134446,0.25986835838610145,36153642.868760034,109040.37880639992,0.25986835838610145
0.6,0.13217888337155032,0.2589361612623845,36317261.56636003,109358.23844479989,0.2589361612623845
0.6,0.13255058615465676,0.2533045224128587,36424836.27772003,109194.48282239989,0.2533045224128587
0.6,0.13733242771899423,0.25240704922177437,36678717.948760025,110036.81254559991,0.25240704922177437
0.6,0.1393000909687364,0.2472902827480002,36821717.06972004,110282.86932439997,0.2472902827480002
0.6,0.14247588493111327,0.24347551780151963,37040173.10012005,110712.21538039995,0.24347551780151963
0.6,0.14641294244096623,0.23924353633874648,37213519.01396,111498.85710319986,0.23924353633874648
0.6,0.14811176378275515,0.2358741958179307,37441199.52355999,111439.31883159983,0.2358741958179307
0.6,0.15393329374861608,0.23141845220018908,37738594.093959995,112495.29084239985,0.23141845220018908
0.6,0.15669061989346886,0.2312029475274863,37919592.94036004,112890.69293359981,0.2312029475274863
0.6,0.1610733177473426,0.22733061107018196,38152855.03476006,113661.21979719991,0.22733061107018196
0.6,0.1634401247075484,0.22641092070000093,38316473.73236004,113979.07943559988,0.22641092070000093
0.6,0.16822196627188568,0.2246090819256716,38570355.40340003,114821.40915879987,0.2246090819256716
0.6,0.1720514286597198,0.2239901689558425,38800176.289160036,115426.81004759988,0.2239901689558425
0.6,0.19007600198031765,0.21801442732126672,40006039.19772004,117952.3623959999,0.21801442732126672
0.6,0.20089935936244546,0.21669171517603422,40700952.03476002,119545.05335159994,0.21669171517603422
0.6,0.2079171664291418,0.21655100210656023,40673798.46051998,121824.45834799983,0.21655100210656023
0.6,0.20847516436209135,0.21537344383085874,40699408.92252004,121933.2290551999,0.21537344383085874
0.6,0.21795156287105905,0.21103329803540796,41831836.54452003,121960.26296639993,0.21103329803540796
0.6,0.23536758147613318,0.20846954788913805,42627873.106600024,125363.80396639988,0.20846954788913805
0.6,0.24183121993552475,0.20643097323312412,43427409.65020003,125311.43520239991,0.20643097323312412
0.6,0.24721994552639504,0.2019898882345684,43375722.04060003,127142.18433839992,0.2019898882345684
0.6,0.24848926236876298,0.2010113239712881,43403405.67952003,127469.400862,0.2010113239712881
0.6,0.2564869668945595,0.19419372018157918,44268201.39364004,127729.50762880004,0.19419372018157918
0.6,0.2574788629943786,0.18672981743387487,44186974.015000045,128253.63816119994,0.18672981743387487
0.6,0.2688709817859258,0.18358610618334736,44724625.68472003,130435.71851799997,0.18358610618334736
0.6,0.28679790633917346,0.18196678696877555,45851038.965800025,133137.8761492001,0.18196678696877555
0.6,0.30059607132397337,0.17704024177182534,46802104.52820004,134998.28634920015,0.17704024177182534
0.6,0.3074885899216916,0.16262481522439967,47517321.53619995,135300.93326199992,0.16262481522439967
0.6,0.353383670962377,0.16097204922213454,49615658.10859992,144268.44620999994,0.16097204922213454
0.6,0.7799534694566183,0.15657874661036827,74038695.43699999,214776.74105000045,0.15657874661036827
