gen,best_obj1,best_obj2,hypervolume,PopSize
0,0.8324584980502929,0.0065854784482320934,4.155441096397823,400
1,0.8324584980502929,0.0065854784482320934,4.155441096397823,400
2,0.7199706000932966,0.006081122360082701,4.4390529946445865,400
3,0.5525092631135685,0.005787651528112049,4.855549134005879,400
4,0.5525092631135685,0.005787651528112049,4.855851072994161,400
5,0.5525092631135685,0.00568701505599326,4.856657329143187,400
6,0.4953784151311382,0.00568701505599326,4.999661560573327,400
7,0.46181221492185165,0.00568701505599326,5.083374788092294,400
8,0.46181221492185165,0.00568701505599326,5.083519552390185,400
9,0.458578710325715,0.005656373946156009,5.0917116115007275,400
10,0.4509325913751288,0.005629171271991002,5.11090430485532,400
11,0.42933700091818816,0.005629171271991002,5.1647201808132515,400
12,0.4000946204374311,0.005629171271991002,5.237583608249851,400
13,0.39283546315232754,0.005629171271991002,5.255767393019808,400
14,0.3706696157580641,0.005629171271991002,5.310948847927889,400
15,0.3706696157580641,0.005629171271991002,5.310989390329336,400
16,0.3669020454956796,0.005629171271991002,5.320376883032272,400
17,0.34536632381963533,0.005629171271991002,5.37396191389944,400
18,0.34536632381963533,0.005629171271991002,5.374018771655478,400
19,0.34536632381963533,0.005629171271991002,5.374054474309591,400
20,0.34536632381963533,0.005629171271991002,5.374065296767429,400
21,0.3162706960434165,0.005629171271991002,5.446457359242493,400
22,0.3162706960434165,0.005629171271991002,5.4464821804673464,400
23,0.3162706960434165,0.005629171271991002,5.446504205284251,400
24,0.3162706960434165,0.005629171271991002,5.446558526578045,400
25,0.3162706960434165,0.005629171271991002,5.446572860361502,400
26,0.3162706960434165,0.005629171271991002,5.446573256730342,400
27,0.31247871657261883,0.005629171271991002,5.456035795985704,400
28,0.2949584394909218,0.005629171271991002,5.499669185401414,400
29,0.2949584394909218,0.005629171271991002,5.499699556077145,400
30,0.28505058300861696,0.005629171271991002,5.524382487520929,400
31,0.28505058300861696,0.005629171271991002,5.524389307583335,400
32,0.28505058300861696,0.005629171271991002,5.524420631997071,400
33,0.28086209927425276,0.005629171271991002,5.534874820769864,400
34,0.26877807821553557,0.005629171271991002,5.564969095656101,400
35,0.26877807821553557,0.005629171271991002,5.564975938488382,400
36,0.26877807821553557,0.005629171271991002,5.564987709536751,400
37,0.26727111842794693,0.005629171271991002,5.568757743218864,400
38,0.2657968307082177,0.005629171271991002,5.572438248977376,400
39,0.2657968307082177,0.005629171271991002,5.572488158511583,400
40,0.2657968307082177,0.005629171271991002,5.572544472621021,400
41,0.24585638822668782,0.005629171271991002,5.622175667911272,400
42,0.24585638822668782,0.005629171271991002,5.622186458209332,400
43,0.24585638822668782,0.005629171271991002,5.622191486415035,400
44,0.24585638822668782,0.005629171271991002,5.62219912962741,400
45,0.24019361677259424,0.005629171271991002,5.636334695545869,400
46,0.23868665698500563,0.005629171271991002,5.640102916045726,400
47,0.23868665698500563,0.005629171271991002,5.640118028853237,400
48,0.23868665698500563,0.005629171271991002,5.6401460938032555,400
49,0.23765028686382686,0.005629171271991002,5.642734461182203,400
50,0.23496876291705115,0.005629171271991002,5.649411092515192,400
51,0.23111387172446685,0.005629171271991002,5.6590161221627,400
52,0.23111387172446685,0.005629171271991002,5.6590194201050315,400
53,0.23111387172446685,0.005629171271991002,5.659030099287402,400
54,0.23111387172446685,0.005629171271991002,5.659035899181777,400
55,0.23111387172446685,0.005629171271991002,5.659043838633786,400
56,0.23111387172446685,0.005629171271991002,5.6590464246374,400
57,0.23111387172446685,0.005629171271991002,5.659047734471492,400
58,0.22588901786892374,0.005629171271991002,5.672058725121175,400
59,0.22588901786892374,0.005629171271991002,5.672060730122236,400
60,0.22588901786892374,0.005629171271991002,5.672069634629368,400
61,0.22588901786892374,0.005629171271991002,5.672076604594585,400
62,0.22588901786892374,0.005629171271991002,5.672081977847652,400
63,0.22588901786892374,0.005629171271991002,5.672085336569361,400
64,0.22588901786892374,0.005629171271991002,5.67208835977176,400
65,0.22588901786892374,0.005629171271991002,5.672096157637253,400
66,0.22588901786892374,0.005629171271991002,5.672096742390459,400
67,0.22588901786892374,0.005629171271991002,5.672114881155938,400
68,0.22588901786892374,0.005629171271991002,5.672114881155938,400
69,0.22588901786892374,0.005629171271991002,5.672117916110067,400
70,0.22588901786892374,0.005629171271991002,5.672124006730748,400
71,0.22256901045934463,0.005629171271991002,5.680388890778346,400
72,0.22256901045934463,0.005629171271991002,5.680392415104619,400
73,0.22256901045934463,0.005629171271991002,5.680394192940694,400
74,0.22256901045934463,0.005629171271991002,5.680394285040449,400
75,0.22256901045934463,0.005629171271991002,5.68039833653652,400
76,0.22256901045934463,0.005629171271991002,5.680402365168262,400
77,0.22147347983213328,0.005629171271991002,5.683128843109271,400
78,0.22090853770090257,0.005629171271991002,5.6845349956905755,400
79,0.21918217705936693,0.005629171271991002,5.688829700405806,400
80,0.21918217705936693,0.005629171271991002,5.688830942545111,400
81,0.21918217705936693,0.005629171271991002,5.688830945104597,400
82,0.21499369332500268,0.005629171271991002,5.699250023952587,400
83,0.21499369332500268,0.005629171271991002,5.699251154150012,400
84,0.21499369332500268,0.005629171271991002,5.699251171212768,400
85,0.21499369332500268,0.005629171271991002,5.699262767427422,400
86,0.2111683370650697,0.005629171271991002,5.708776416920149,400
87,0.2111683370650697,0.005629171271991002,5.708779430819547,400
88,0.2111683370650697,0.005629171271991002,5.7087817415778455,400
89,0.20944197642353432,0.005629171271991002,5.713075493488534,400
90,0.20944197642353432,0.005629171271991002,5.713079810149228,400
91,0.20944197642353432,0.005629171271991002,5.713082984235157,400
92,0.20944197642353432,0.005629171271991002,5.713083950247401,400
93,0.20944197642353432,0.005629171271991002,5.713086936474759,400
94,0.20944197642353432,0.005629171271991002,5.713101257319368,400
95,0.20944197642353432,0.005629171271991002,5.713103407837013,400
96,0.20944197642353432,0.005629171271991002,5.713104513052576,400
97,0.20944197642353432,0.005629171271991002,5.713104734672476,400
98,0.20944197642353432,0.005629171271991002,5.713104762641901,400
99,0.20944197642353432,0.005629171271991002,5.71310647363281,400
100,0.20944197642353432,0.005629171271991002,5.71310647363281,400
