gen,best_obj1,best_obj2,hypervolume,Experiment,PopSize,Tournament,Crossover,CXPB,MUTPB
0,1.0959247258891458,0.10877015134628,3.357466705210528,PopSize_500,500,3,TwoPoint,0.9,0.7
1,0.6557377352689642,0.052569878788603204,4.504292605702317,PopSize_500,500,3,TwoPoint,0.9,0.7
2,0.5341305227206479,0.052569878788603204,4.805529801501963,PopSize_500,500,3,TwoPoint,0.9,0.7
3,0.48392020442094785,0.052569878788603204,4.928643739461049,PopSize_500,500,3,TwoPoint,0.9,0.7
4,0.4569016217542929,0.052569878788603204,4.997400349442424,PopSize_500,500,3,TwoPoint,0.9,0.7
5,0.4533067901377653,0.05110149806079762,5.011165689944055,PopSize_500,500,3,TwoPoint,0.9,0.7
6,0.4456391486977901,0.05110149806079762,5.029794381706681,PopSize_500,500,3,TwoPoint,0.9,0.7
7,0.39886239536212464,0.05110149806079762,5.143242123019756,PopSize_500,500,3,TwoPoint,0.9,0.7
8,0.3834526008994226,0.05110149806079762,5.180873520897961,PopSize_500,500,3,TwoPoint,0.9,0.7
9,0.3775304632961305,0.05110149806079762,5.19584063134394,PopSize_500,500,3,TwoPoint,0.9,0.7
10,0.3775304632961305,0.05110149806079762,5.196060998145539,PopSize_500,500,3,TwoPoint,0.9,0.7
11,0.3663164773545283,0.05110149806079762,5.223395420023188,PopSize_500,500,3,TwoPoint,0.9,0.7
12,0.3575759782588461,0.05110149806079762,5.244650178297862,PopSize_500,500,3,TwoPoint,0.9,0.7
13,0.3456572017248333,0.05110149806079762,5.273624317219378,PopSize_500,500,3,TwoPoint,0.9,0.7
14,0.3456572017248333,0.05110149806079762,5.273838026668333,PopSize_500,500,3,TwoPoint,0.9,0.7
15,0.3368522569014024,0.05110149806079762,5.29533491112591,PopSize_500,500,3,TwoPoint,0.9,0.7
16,0.318615811759009,0.05110149806079762,5.339174729909725,PopSize_500,500,3,TwoPoint,0.9,0.7
17,0.318615811759009,0.05110149806079762,5.339893454239658,PopSize_500,500,3,TwoPoint,0.9,0.7
18,0.3098434577096158,0.05110149806079762,5.361068900446533,PopSize_500,500,3,TwoPoint,0.9,0.7
19,0.29406884823154267,0.05110149806079762,5.398992666361601,PopSize_500,500,3,TwoPoint,0.9,0.7
20,0.29406884823154267,0.05110149806079762,5.399203635431381,PopSize_500,500,3,TwoPoint,0.9,0.7
21,0.28354706761245896,0.05110149806079762,5.424803443178614,PopSize_500,500,3,TwoPoint,0.9,0.7
22,0.28354706761245896,0.05110149806079762,5.424915156426326,PopSize_500,500,3,TwoPoint,0.9,0.7
23,0.28354706761245896,0.05110149806079762,5.425265964711131,PopSize_500,500,3,TwoPoint,0.9,0.7
24,0.28354706761245896,0.05110149806079762,5.425429541674769,PopSize_500,500,3,TwoPoint,0.9,0.7
25,0.27904295966071346,0.05110149806079762,5.436513875127782,PopSize_500,500,3,TwoPoint,0.9,0.7
26,0.27904295966071346,0.05110149806079762,5.4365552931440035,PopSize_500,500,3,TwoPoint,0.9,0.7
27,0.27904295966071346,0.05110149806079762,5.436667430961257,PopSize_500,500,3,TwoPoint,0.9,0.7
28,0.26488702807827835,0.05110149806079762,5.470626728747422,PopSize_500,500,3,TwoPoint,0.9,0.7
29,0.264363658654914,0.05110149806079762,5.472201349187421,PopSize_500,500,3,TwoPoint,0.9,0.7
30,0.264363658654914,0.05110149806079762,5.472352269974487,PopSize_500,500,3,TwoPoint,0.9,0.7
31,0.264363658654914,0.05110149806079762,5.472471336001714,PopSize_500,500,3,TwoPoint,0.9,0.7
32,0.2523962464452485,0.04963929436656403,5.5048266296811725,PopSize_500,500,3,TwoPoint,0.9,0.7
33,0.24714718352797704,0.04963929436656403,5.51764105711081,PopSize_500,500,3,TwoPoint,0.9,0.7
34,0.24714718352797704,0.046992164358074934,5.522853594460001,PopSize_500,500,3,TwoPoint,0.9,0.7
35,0.24714718352797704,0.046992164358074934,5.523111593949447,PopSize_500,500,3,TwoPoint,0.9,0.7
36,0.23530806636649745,0.046992164358074934,5.55155863101251,PopSize_500,500,3,TwoPoint,0.9,0.7
37,0.23530806636649745,0.046992164358074934,5.5517338267151635,PopSize_500,500,3,TwoPoint,0.9,0.7
38,0.23530806636649745,0.046992164358074934,5.551909327574478,PopSize_500,500,3,TwoPoint,0.9,0.7
39,0.23473446950613686,0.046992164358074934,5.553325403975505,PopSize_500,500,3,TwoPoint,0.9,0.7
40,0.23473446950613686,0.046992164358074934,5.553434498033943,PopSize_500,500,3,TwoPoint,0.9,0.7
41,0.23473446950613686,0.046992164358074934,5.553462750858579,PopSize_500,500,3,TwoPoint,0.9,0.7
42,0.23473446950613686,0.046992164358074934,5.553495755860977,PopSize_500,500,3,TwoPoint,0.9,0.7
43,0.2300340547249835,0.046992164358074934,5.5648993824045245,PopSize_500,500,3,TwoPoint,0.9,0.7
44,0.22986903251241203,0.046992164358074934,5.565329208363809,PopSize_500,500,3,TwoPoint,0.9,0.7
45,0.22986903251241203,0.046992164358074934,5.56536327645174,PopSize_500,500,3,TwoPoint,0.9,0.7
46,0.22986903251241203,0.046992164358074934,5.565460467925453,PopSize_500,500,3,TwoPoint,0.9,0.7
47,0.22986903251241203,0.046992164358074934,5.565473817608326,PopSize_500,500,3,TwoPoint,0.9,0.7
48,0.22986903251241203,0.046992164358074934,5.565482076663997,PopSize_500,500,3,TwoPoint,0.9,0.7
49,0.2251848229595422,0.046992164358074934,5.576846243319216,PopSize_500,500,3,TwoPoint,0.9,0.7
50,0.2251848229595422,0.046992164358074934,5.576896411083165,PopSize_500,500,3,TwoPoint,0.9,0.7
51,0.2251848229595422,0.046992164358074934,5.576927861426619,PopSize_500,500,3,TwoPoint,0.9,0.7
52,0.2251848229595422,0.046992164358074934,5.576929576454289,PopSize_500,500,3,TwoPoint,0.9,0.7
53,0.21319245646199858,0.046992164358074934,5.6057208184016645,PopSize_500,500,3,TwoPoint,0.9,0.7
54,0.21319245646199858,0.046992164358074934,5.6057891311287005,PopSize_500,500,3,TwoPoint,0.9,0.7
55,0.21319245646199858,0.046992164358074934,5.6058100924215655,PopSize_500,500,3,TwoPoint,0.9,0.7
56,0.21319245646199858,0.046992164358074934,5.60589170535302,PopSize_500,500,3,TwoPoint,0.9,0.7
57,0.21319245646199858,0.046992164358074934,5.60598917459121,PopSize_500,500,3,TwoPoint,0.9,0.7
58,0.21015991767322134,0.046992164358074934,5.613387810084648,PopSize_500,500,3,TwoPoint,0.9,0.7
59,0.21015991767322134,0.046992164358074934,5.613410113486109,PopSize_500,500,3,TwoPoint,0.9,0.7
60,0.21015991767322134,0.046992164358074934,5.6134534400954745,PopSize_500,500,3,TwoPoint,0.9,0.7
61,0.21015991767322134,0.046992164358074934,5.613465713503119,PopSize_500,500,3,TwoPoint,0.9,0.7
62,0.2053969239652993,0.046992164358074934,5.625021898064286,PopSize_500,500,3,TwoPoint,0.9,0.7
63,0.19955319080264508,0.046992164358074934,5.639072220659754,PopSize_500,500,3,TwoPoint,0.9,0.7
64,0.19955319080264508,0.046992164358074934,5.6390963618207905,PopSize_500,500,3,TwoPoint,0.9,0.7
65,0.19955319080264508,0.046992164358074934,5.639151920791952,PopSize_500,500,3,TwoPoint,0.9,0.7
66,0.19955319080264508,0.046992164358074934,5.639248640984641,PopSize_500,500,3,TwoPoint,0.9,0.7
67,0.19955319080264508,0.046992164358074934,5.639255244283226,PopSize_500,500,3,TwoPoint,0.9,0.7
68,0.19955319080264508,0.046992164358074934,5.639263422910271,PopSize_500,500,3,TwoPoint,0.9,0.7
69,0.19955319080264508,0.046992164358074934,5.639295297640364,PopSize_500,500,3,TwoPoint,0.9,0.7
70,0.19955319080264508,0.046992164358074934,5.639315631858766,PopSize_500,500,3,TwoPoint,0.9,0.7
71,0.19955319080264508,0.046992164358074934,5.639317378576906,PopSize_500,500,3,TwoPoint,0.9,0.7
72,0.19955319080264508,0.046992164358074934,5.639466475677191,PopSize_500,500,3,TwoPoint,0.9,0.7
73,0.19955319080264508,0.046992164358074934,5.639564432859915,PopSize_500,500,3,TwoPoint,0.9,0.7
74,0.19955319080264508,0.046992164358074934,5.639599365234803,PopSize_500,500,3,TwoPoint,0.9,0.7
75,0.19955319080264508,0.046992164358074934,5.639636812397265,PopSize_500,500,3,TwoPoint,0.9,0.7
76,0.19955319080264508,0.046992164358074934,5.6396369964640725,PopSize_500,500,3,TwoPoint,0.9,0.7
77,0.19955319080264508,0.046992164358074934,5.6396369964640725,PopSize_500,500,3,TwoPoint,0.9,0.7
78,0.19955319080264508,0.046992164358074934,5.639640668008431,PopSize_500,500,3,TwoPoint,0.9,0.7
79,0.19955319080264508,0.046992164358074934,5.639640692429226,PopSize_500,500,3,TwoPoint,0.9,0.7
80,0.19955319080264508,0.046992164358074934,5.6396440833950034,PopSize_500,500,3,TwoPoint,0.9,0.7
81,0.19955319080264508,0.046992164358074934,5.639700143605019,PopSize_500,500,3,TwoPoint,0.9,0.7
82,0.19955319080264508,0.046992164358074934,5.639704371055177,PopSize_500,500,3,TwoPoint,0.9,0.7
83,0.19955319080264508,0.046992164358074934,5.639714881000001,PopSize_500,500,3,TwoPoint,0.9,0.7
84,0.19945496079511177,0.046992164358074934,5.639956262182289,PopSize_500,500,3,TwoPoint,0.9,0.7
85,0.19945496079511177,0.046992164358074934,5.639958576632249,PopSize_500,500,3,TwoPoint,0.9,0.7
86,0.19945496079511177,0.046992164358074934,5.639959231130982,PopSize_500,500,3,TwoPoint,0.9,0.7
87,0.19945496079511177,0.046992164358074934,5.639959341058108,PopSize_500,500,3,TwoPoint,0.9,0.7
88,0.19945496079511177,0.046992164358074934,5.639967834863849,PopSize_500,500,3,TwoPoint,0.9,0.7
89,0.19945496079511177,0.046992164358074934,5.639969335823637,PopSize_500,500,3,TwoPoint,0.9,0.7
90,0.19945496079511177,0.046992164358074934,5.639971627942352,PopSize_500,500,3,TwoPoint,0.9,0.7
91,0.19945496079511177,0.046992164358074934,5.6399721094253845,PopSize_500,500,3,TwoPoint,0.9,0.7
92,0.19945496079511177,0.046992164358074934,5.639974166317015,PopSize_500,500,3,TwoPoint,0.9,0.7
93,0.19945496079511177,0.046992164358074934,5.639974490057539,PopSize_500,500,3,TwoPoint,0.9,0.7
94,0.19945496079511177,0.046992164358074934,5.639974758386308,PopSize_500,500,3,TwoPoint,0.9,0.7
95,0.19945496079511177,0.046992164358074934,5.6399813295392605,PopSize_500,500,3,TwoPoint,0.9,0.7
96,0.19945496079511177,0.046992164358074934,5.6399813295392605,PopSize_500,500,3,TwoPoint,0.9,0.7
97,0.19945496079511177,0.046992164358074934,5.639992162322139,PopSize_500,500,3,TwoPoint,0.9,0.7
98,0.19945496079511177,0.046992164358074934,5.639997260479504,PopSize_500,500,3,TwoPoint,0.9,0.7
99,0.19810884278607413,0.046992164358074934,5.643227875110245,PopSize_500,500,3,TwoPoint,0.9,0.7
100,0.19810884278607413,0.046992164358074934,5.643228445178602,PopSize_500,500,3,TwoPoint,0.9,0.7
0,1.0959247258891458,0.10877015134628,3.357466705210528,PopSize_600,600,3,TwoPoint,0.9,0.7
1,1.0959247258891458,0.10877015134628,3.357466705210528,PopSize_600,600,3,TwoPoint,0.9,0.7
2,0.5463738586542177,0.052853252329058624,4.780781628802372,PopSize_600,600,3,TwoPoint,0.9,0.7
3,0.49583479486864934,0.052853252329058624,4.903427394480001,PopSize_600,600,3,TwoPoint,0.9,0.7
4,0.43595177194411183,0.052853252329058624,5.049414676252898,PopSize_600,600,3,TwoPoint,0.9,0.7
5,0.43595177194411183,0.052853252329058624,5.049628160155979,PopSize_600,600,3,TwoPoint,0.9,0.7
6,0.38526577115485616,0.05027764218889658,5.177434631820948,PopSize_600,600,3,TwoPoint,0.9,0.7
7,0.38526577115485616,0.05027764218889658,5.178002208333283,PopSize_600,600,3,TwoPoint,0.9,0.7
8,0.3417400603630134,0.048184207868238994,5.288983764976999,PopSize_600,600,3,TwoPoint,0.9,0.7
9,0.33589532572913583,0.048184207868238994,5.303341327745022,PopSize_600,600,3,TwoPoint,0.9,0.7
10,0.33589532572913583,0.048184207868238994,5.303353747400329,PopSize_600,600,3,TwoPoint,0.9,0.7
11,0.3328846558709655,0.048184207868238994,5.310626843544287,PopSize_600,600,3,TwoPoint,0.9,0.7
12,0.30310072510863073,0.048184207868238994,5.383064233104023,PopSize_600,600,3,TwoPoint,0.9,0.7
13,0.30310072510863073,0.048184207868238994,5.383156458034316,PopSize_600,600,3,TwoPoint,0.9,0.7
14,0.30310072510863073,0.048184207868238994,5.383189759490651,PopSize_600,600,3,TwoPoint,0.9,0.7
15,0.30310072510863073,0.048184207868238994,5.383535397669016,PopSize_600,600,3,TwoPoint,0.9,0.7
16,0.28978244932818864,0.048184207868238994,5.415819927667187,PopSize_600,600,3,TwoPoint,0.9,0.7
17,0.28978244932818864,0.048184207868238994,5.41598712327517,PopSize_600,600,3,TwoPoint,0.9,0.7
18,0.28334050506918534,0.048184207868238994,5.431828514287456,PopSize_600,600,3,TwoPoint,0.9,0.7
19,0.28334050506918534,0.048184207868238994,5.4319963556095425,PopSize_600,600,3,TwoPoint,0.9,0.7
20,0.27901179856055225,0.048184207868238994,5.442570851913395,PopSize_600,600,3,TwoPoint,0.9,0.7
21,0.27901179856055225,0.048184207868238994,5.442768360205406,PopSize_600,600,3,TwoPoint,0.9,0.7
22,0.2686309068329411,0.048184207868238994,5.4676571664711195,PopSize_600,600,3,TwoPoint,0.9,0.7
23,0.2686309068329411,0.048184207868238994,5.467746888631061,PopSize_600,600,3,TwoPoint,0.9,0.7
24,0.2655285082201755,0.048184207868238994,5.475518361028818,PopSize_600,600,3,TwoPoint,0.9,0.7
25,0.2632145188577688,0.048184207868238994,5.481149074472147,PopSize_600,600,3,TwoPoint,0.9,0.7
26,0.2632145188577688,0.048184207868238994,5.481253894408451,PopSize_600,600,3,TwoPoint,0.9,0.7
27,0.2579149722564216,0.048184207868238994,5.4940000383461856,PopSize_600,600,3,TwoPoint,0.9,0.7
28,0.2579149722564216,0.048184207868238994,5.494092820864332,PopSize_600,600,3,TwoPoint,0.9,0.7
29,0.2579149722564216,0.048184207868238994,5.49418080758844,PopSize_600,600,3,TwoPoint,0.9,0.7
30,0.2573143198194906,0.048184207868238994,5.495947569667658,PopSize_600,600,3,TwoPoint,0.9,0.7
31,0.25534921370922825,0.048184207868238994,5.5006801269583265,PopSize_600,600,3,TwoPoint,0.9,0.7
32,0.2527253174229462,0.048184207868238994,5.507115094348877,PopSize_600,600,3,TwoPoint,0.9,0.7
33,0.24955002105916985,0.048184207868238994,5.514767139548624,PopSize_600,600,3,TwoPoint,0.9,0.7
34,0.24955002105916985,0.048184207868238994,5.5147994324867895,PopSize_600,600,3,TwoPoint,0.9,0.7
35,0.24792442771477868,0.048184207868238994,5.518755527121418,PopSize_600,600,3,TwoPoint,0.9,0.7
36,0.24657523318954078,0.048184207868238994,5.522141124694996,PopSize_600,600,3,TwoPoint,0.9,0.7
37,0.244663796353206,0.048184207868238994,5.526763800561698,PopSize_600,600,3,TwoPoint,0.9,0.7
38,0.24209803780601252,0.048184207868238994,5.532974563238489,PopSize_600,600,3,TwoPoint,0.9,0.7
39,0.24209803780601252,0.048184207868238994,5.533135309621475,PopSize_600,600,3,TwoPoint,0.9,0.7
40,0.24126836409854813,0.048184207868238994,5.535166086458132,PopSize_600,600,3,TwoPoint,0.9,0.7
41,0.24126836409854813,0.048184207868238994,5.535228640382908,PopSize_600,600,3,TwoPoint,0.9,0.7
42,0.24126836409854813,0.048184207868238994,5.535248576695053,PopSize_600,600,3,TwoPoint,0.9,0.7
43,0.2394941318592462,0.048184207868238994,5.539517163886998,PopSize_600,600,3,TwoPoint,0.9,0.7
44,0.2394941318592462,0.048184207868238994,5.539557006479352,PopSize_600,600,3,TwoPoint,0.9,0.7
45,0.23891097868698202,0.048184207868238994,5.541011456528611,PopSize_600,600,3,TwoPoint,0.9,0.7
46,0.23891097868698202,0.048184207868238994,5.541061832060587,PopSize_600,600,3,TwoPoint,0.9,0.7
47,0.23891097868698202,0.048184207868238994,5.541068178158794,PopSize_600,600,3,TwoPoint,0.9,0.7
48,0.23891097868698202,0.048184207868238994,5.541139051788634,PopSize_600,600,3,TwoPoint,0.9,0.7
49,0.23891097868698202,0.048184207868238994,5.541152359822844,PopSize_600,600,3,TwoPoint,0.9,0.7
50,0.23891097868698202,0.048184207868238994,5.541166477659475,PopSize_600,600,3,TwoPoint,0.9,0.7
51,0.23891097868698202,0.048184207868238994,5.5411683448554765,PopSize_600,600,3,TwoPoint,0.9,0.7
52,0.2375776556501808,0.048184207868238994,5.544363581163049,PopSize_600,600,3,TwoPoint,0.9,0.7
53,0.2375776556501808,0.048184207868238994,5.544374190835027,PopSize_600,600,3,TwoPoint,0.9,0.7
54,0.2375776556501808,0.048184207868238994,5.544416927277489,PopSize_600,600,3,TwoPoint,0.9,0.7
55,0.2375776556501808,0.048184207868238994,5.544432059299968,PopSize_600,600,3,TwoPoint,0.9,0.7
56,0.2375776556501808,0.048184207868238994,5.544476328360634,PopSize_600,600,3,TwoPoint,0.9,0.7
57,0.2375776556501808,0.048184207868238994,5.544487631596466,PopSize_600,600,3,TwoPoint,0.9,0.7
58,0.23157705676040918,0.048184207868238994,5.559063002269051,PopSize_600,600,3,TwoPoint,0.9,0.7
59,0.23157705676040918,0.048184207868238994,5.559066507833467,PopSize_600,600,3,TwoPoint,0.9,0.7
60,0.22396352079665535,0.048184207868238994,5.57741058102977,PopSize_600,600,3,TwoPoint,0.9,0.7
61,0.22396352079665535,0.048184207868238994,5.577418879384721,PopSize_600,600,3,TwoPoint,0.9,0.7
62,0.22263019775985404,0.048184207868238994,5.580639839142035,PopSize_600,600,3,TwoPoint,0.9,0.7
63,0.22263019775985404,0.048184207868238994,5.580815963022243,PopSize_600,600,3,TwoPoint,0.9,0.7
64,0.22263019775985404,0.048184207868238994,5.580934154390718,PopSize_600,600,3,TwoPoint,0.9,0.7
65,0.22263019775985404,0.048184207868238994,5.580949694587149,PopSize_600,600,3,TwoPoint,0.9,0.7
66,0.2197441274807258,0.048184207868238994,5.587992057164455,PopSize_600,600,3,TwoPoint,0.9,0.7
67,0.2197441274807258,0.048184207868238994,5.5882212646244165,PopSize_600,600,3,TwoPoint,0.9,0.7
68,0.2197441274807258,0.048184207868238994,5.588227729995855,PopSize_600,600,3,TwoPoint,0.9,0.7
69,0.21899581506292004,0.048184207868238994,5.590059692781008,PopSize_600,600,3,TwoPoint,0.9,0.7
70,0.21899581506292004,0.048184207868238994,5.590138317464391,PopSize_600,600,3,TwoPoint,0.9,0.7
71,0.21836268562560499,0.048184207868238994,5.591726990052978,PopSize_600,600,3,TwoPoint,0.9,0.7
72,0.21628491315110562,0.048184207868238994,5.596949170228526,PopSize_600,600,3,TwoPoint,0.9,0.7
73,0.20922451397865613,0.048184207868238994,5.613948512615772,PopSize_600,600,3,TwoPoint,0.9,0.7
74,0.20922451397865613,0.048184207868238994,5.613993966624272,PopSize_600,600,3,TwoPoint,0.9,0.7
75,0.20847620156085037,0.048184207868238994,5.6158632110747515,PopSize_600,600,3,TwoPoint,0.9,0.7
76,0.20847620156085037,0.048184207868238994,5.615923367503874,PopSize_600,600,3,TwoPoint,0.9,0.7
77,0.20847620156085037,0.048184207868238994,5.615935383947801,PopSize_600,600,3,TwoPoint,0.9,0.7
78,0.20700071650443985,0.048184207868238994,5.619490826964298,PopSize_600,600,3,TwoPoint,0.9,0.7
79,0.20700071650443985,0.048184207868238994,5.619585846118391,PopSize_600,600,3,TwoPoint,0.9,0.7
80,0.20700071650443985,0.048184207868238994,5.61963767839626,PopSize_600,600,3,TwoPoint,0.9,0.7
81,0.20700071650443985,0.048184207868238994,5.61965516217897,PopSize_600,600,3,TwoPoint,0.9,0.7
82,0.20700071650443985,0.048184207868238994,5.6196565157693135,PopSize_600,600,3,TwoPoint,0.9,0.7
83,0.20700071650443985,0.048184207868238994,5.619725360046128,PopSize_600,600,3,TwoPoint,0.9,0.7
84,0.20700071650443985,0.048184207868238994,5.619747154862458,PopSize_600,600,3,TwoPoint,0.9,0.7
85,0.20700071650443985,0.048184207868238994,5.619768744460132,PopSize_600,600,3,TwoPoint,0.9,0.7
86,0.20700071650443985,0.048184207868238994,5.619769045509239,PopSize_600,600,3,TwoPoint,0.9,0.7
87,0.20700071650443985,0.048184207868238994,5.619788439016316,PopSize_600,600,3,TwoPoint,0.9,0.7
88,0.20700071650443985,0.048184207868238994,5.619791327837128,PopSize_600,600,3,TwoPoint,0.9,0.7
89,0.20700071650443985,0.048184207868238994,5.61979189131849,PopSize_600,600,3,TwoPoint,0.9,0.7
90,0.20700071650443985,0.048184207868238994,5.6198187677814175,PopSize_600,600,3,TwoPoint,0.9,0.7
91,0.20700071650443985,0.048184207868238994,5.6198187677814175,PopSize_600,600,3,TwoPoint,0.9,0.7
92,0.20558788962471128,0.048184207868238994,5.623222283716352,PopSize_600,600,3,TwoPoint,0.9,0.7
93,0.20558788962471128,0.048184207868238994,5.623226907120852,PopSize_600,600,3,TwoPoint,0.9,0.7
94,0.20558788962471128,0.048184207868238994,5.623226907120853,PopSize_600,600,3,TwoPoint,0.9,0.7
95,0.20558788962471128,0.048184207868238994,5.623226907120853,PopSize_600,600,3,TwoPoint,0.9,0.7
96,0.20558788962471128,0.048184207868238994,5.623233774799168,PopSize_600,600,3,TwoPoint,0.9,0.7
97,0.20558788962471128,0.048184207868238994,5.6232391875834535,PopSize_600,600,3,TwoPoint,0.9,0.7
98,0.20558788962471128,0.048184207868238994,5.623246534792773,PopSize_600,600,3,TwoPoint,0.9,0.7
99,0.20558788962471128,0.048184207868238994,5.623247319933962,PopSize_600,600,3,TwoPoint,0.9,0.7
100,0.20558788962471128,0.048184207868238994,5.623247578265559,PopSize_600,600,3,TwoPoint,0.9,0.7
0,0.9880528092602054,0.07931454426648668,3.659948574460965,PopSize_700,700,3,TwoPoint,0.9,0.7
1,0.4495214977793317,0.0712018760000609,4.9801983394957645,PopSize_700,700,3,TwoPoint,0.9,0.7
2,0.4495214977793317,0.0712018760000609,4.9801983394957645,PopSize_700,700,3,TwoPoint,0.9,0.7
3,0.4451560953586077,0.057771031559703805,5.015881626394431,PopSize_700,700,3,TwoPoint,0.9,0.7
4,0.43632007060400235,0.04796161154358463,5.057295075306259,PopSize_700,700,3,TwoPoint,0.9,0.7
5,0.39129165455691695,0.04796161154358463,5.167857085777036,PopSize_700,700,3,TwoPoint,0.9,0.7
6,0.31751992548039704,0.04796161154358463,5.346755924844082,PopSize_700,700,3,TwoPoint,0.9,0.7
7,0.31751992548039704,0.04796161154358463,5.347548102780016,PopSize_700,700,3,TwoPoint,0.9,0.7
8,0.30521663292559187,0.04658396791408846,5.381373078245442,PopSize_700,700,3,TwoPoint,0.9,0.7
9,0.30521663292559187,0.04658396791408846,5.381653534333483,PopSize_700,700,3,TwoPoint,0.9,0.7
10,0.29310546447328645,0.04658396791408846,5.411004758678559,PopSize_700,700,3,TwoPoint,0.9,0.7
11,0.2779325972408269,0.04658396791408846,5.447678211495103,PopSize_700,700,3,TwoPoint,0.9,0.7
12,0.27301607391111116,0.04658396791408846,5.460041758063817,PopSize_700,700,3,TwoPoint,0.9,0.7
13,0.2607970885873737,0.04658396791408846,5.489598714078538,PopSize_700,700,3,TwoPoint,0.9,0.7
14,0.2607970885873737,0.04658396791408846,5.489956992420945,PopSize_700,700,3,TwoPoint,0.9,0.7
15,0.2597164388278346,0.04658396791408846,5.492674144611585,PopSize_700,700,3,TwoPoint,0.9,0.7
16,0.2597164388278346,0.04658396791408846,5.492711540131813,PopSize_700,700,3,TwoPoint,0.9,0.7
17,0.2597164388278346,0.04658396791408846,5.493175507069311,PopSize_700,700,3,TwoPoint,0.9,0.7
18,0.25804045070185666,0.04658396791408846,5.497241343021396,PopSize_700,700,3,TwoPoint,0.9,0.7
19,0.25719837702880377,0.04658396791408846,5.499478650777171,PopSize_700,700,3,TwoPoint,0.9,0.7
20,0.2519872110322187,0.04658396791408846,5.512176252395632,PopSize_700,700,3,TwoPoint,0.9,0.7
21,0.23781325356903904,0.04658396791408846,5.546281877788726,PopSize_700,700,3,TwoPoint,0.9,0.7
22,0.23781325356903904,0.04658396791408846,5.546358334081942,PopSize_700,700,3,TwoPoint,0.9,0.7
23,0.23781325356903904,0.04658396791408846,5.546404490039341,PopSize_700,700,3,TwoPoint,0.9,0.7
24,0.23781325356903904,0.04658396791408846,5.546424939589129,PopSize_700,700,3,TwoPoint,0.9,0.7
25,0.235056615683522,0.04658396791408846,5.553072603117474,PopSize_700,700,3,TwoPoint,0.9,0.7
26,0.22889586391498518,0.04658396791408846,5.567999681631368,PopSize_700,700,3,TwoPoint,0.9,0.7
27,0.2214383359353176,0.04658396791408846,5.585950405327267,PopSize_700,700,3,TwoPoint,0.9,0.7
28,0.21640508228195535,0.04658396791408846,5.598046038729487,PopSize_700,700,3,TwoPoint,0.9,0.7
29,0.21640508228195535,0.04658396791408846,5.598277242249352,PopSize_700,700,3,TwoPoint,0.9,0.7
30,0.21640508228195535,0.04658396791408846,5.598393773242919,PopSize_700,700,3,TwoPoint,0.9,0.7
31,0.21640508228195535,0.04658396791408846,5.598458857309137,PopSize_700,700,3,TwoPoint,0.9,0.7
32,0.21517223565849902,0.04658396791408846,5.601438211967971,PopSize_700,700,3,TwoPoint,0.9,0.7
33,0.2015837005692171,0.04658396791408846,5.6340438669448085,PopSize_700,700,3,TwoPoint,0.9,0.7
34,0.2015837005692171,0.04658396791408846,5.634103746073628,PopSize_700,700,3,TwoPoint,0.9,0.7
35,0.2015837005692171,0.04658396791408846,5.63412415594606,PopSize_700,700,3,TwoPoint,0.9,0.7
36,0.2015837005692171,0.04658396791408846,5.634279487332262,PopSize_700,700,3,TwoPoint,0.9,0.7
37,0.2015837005692171,0.04658396791408846,5.634297914181447,PopSize_700,700,3,TwoPoint,0.9,0.7
38,0.2015837005692171,0.04658396791408846,5.6343306925606775,PopSize_700,700,3,TwoPoint,0.9,0.7
39,0.2015837005692171,0.04658396791408846,5.63436176331724,PopSize_700,700,3,TwoPoint,0.9,0.7
40,0.2015837005692171,0.04658396791408846,5.634380428772289,PopSize_700,700,3,TwoPoint,0.9,0.7
41,0.2015837005692171,0.04658396791408846,5.634445762004954,PopSize_700,700,3,TwoPoint,0.9,0.7
42,0.2015837005692171,0.04658396791408846,5.634472947408314,PopSize_700,700,3,TwoPoint,0.9,0.7
43,0.2015837005692171,0.04658396791408846,5.63448681714427,PopSize_700,700,3,TwoPoint,0.9,0.7
44,0.2015837005692171,0.04658396791408846,5.6345607146545,PopSize_700,700,3,TwoPoint,0.9,0.7
45,0.2015837005692171,0.04658396791408846,5.6346073561252075,PopSize_700,700,3,TwoPoint,0.9,0.7
46,0.2015837005692171,0.04658396791408846,5.634669839664468,PopSize_700,700,3,TwoPoint,0.9,0.7
47,0.2015837005692171,0.04658396791408846,5.634857870720832,PopSize_700,700,3,TwoPoint,0.9,0.7
48,0.2015837005692171,0.04658396791408846,5.6348963397883445,PopSize_700,700,3,TwoPoint,0.9,0.7
49,0.2015837005692171,0.04658396791408846,5.63496670345284,PopSize_700,700,3,TwoPoint,0.9,0.7
50,0.2015837005692171,0.04658396791408846,5.635039161547669,PopSize_700,700,3,TwoPoint,0.9,0.7
51,0.2015837005692171,0.04658396791408846,5.635056424976135,PopSize_700,700,3,TwoPoint,0.9,0.7
52,0.19342135045142128,0.04658396791408846,5.654759726901631,PopSize_700,700,3,TwoPoint,0.9,0.7
53,0.19342135045142128,0.04658396791408846,5.654771342615543,PopSize_700,700,3,TwoPoint,0.9,0.7
54,0.19342135045142128,0.04658396791408846,5.654785838497974,PopSize_700,700,3,TwoPoint,0.9,0.7
55,0.19207753944563283,0.04658396791408846,5.65805231908873,PopSize_700,700,3,TwoPoint,0.9,0.7
56,0.19207753944563283,0.04658396791408846,5.658089158975493,PopSize_700,700,3,TwoPoint,0.9,0.7
57,0.19207753944563283,0.04658396791408846,5.658206511355517,PopSize_700,700,3,TwoPoint,0.9,0.7
58,0.19207753944563283,0.04658396791408846,5.658263685539906,PopSize_700,700,3,TwoPoint,0.9,0.7
59,0.19207753944563283,0.04658396791408846,5.658458176628913,PopSize_700,700,3,TwoPoint,0.9,0.7
60,0.19207753944563283,0.04658396791408846,5.658551600539593,PopSize_700,700,3,TwoPoint,0.9,0.7
61,0.19207753944563283,0.04658396791408846,5.65868839040423,PopSize_700,700,3,TwoPoint,0.9,0.7
62,0.19207753944563283,0.04658396791408846,5.658731534171589,PopSize_700,700,3,TwoPoint,0.9,0.7
63,0.18964654579729867,0.04658396791408846,5.6646296187823015,PopSize_700,700,3,TwoPoint,0.9,0.7
64,0.18964654579729867,0.04658396791408846,5.6646646292028215,PopSize_700,700,3,TwoPoint,0.9,0.7
65,0.18830273479151022,0.04658396791408846,5.667910403813274,PopSize_700,700,3,TwoPoint,0.9,0.7
66,0.18830273479151022,0.04658396791408846,5.667986242230324,PopSize_700,700,3,TwoPoint,0.9,0.7
67,0.18830273479151022,0.04658396791408846,5.668020840420274,PopSize_700,700,3,TwoPoint,0.9,0.7
68,0.18830273479151022,0.04658396791408846,5.668080385173127,PopSize_700,700,3,TwoPoint,0.9,0.7
69,0.18632348734515763,0.04658396791408846,5.672824866694096,PopSize_700,700,3,TwoPoint,0.9,0.7
70,0.18632348734515763,0.04658396791408846,5.672844358011831,PopSize_700,700,3,TwoPoint,0.9,0.7
71,0.18632348734515763,0.04658396791408846,5.672987086200337,PopSize_700,700,3,TwoPoint,0.9,0.7
72,0.18632348734515763,0.04658396791408846,5.673052607741532,PopSize_700,700,3,TwoPoint,0.9,0.7
73,0.18632348734515763,0.04658396791408846,5.6730615675470695,PopSize_700,700,3,TwoPoint,0.9,0.7
74,0.18632348734515763,0.04658396791408846,5.673061919818362,PopSize_700,700,3,TwoPoint,0.9,0.7
75,0.18632348734515763,0.04658396791408846,5.673062309189801,PopSize_700,700,3,TwoPoint,0.9,0.7
76,0.18632348734515763,0.04658396791408846,5.673067182752279,PopSize_700,700,3,TwoPoint,0.9,0.7
77,0.18632348734515763,0.04658396791408846,5.673070422553182,PopSize_700,700,3,TwoPoint,0.9,0.7
78,0.18632348734515763,0.04658396791408846,5.673090143784738,PopSize_700,700,3,TwoPoint,0.9,0.7
79,0.18632348734515763,0.04658396791408846,5.673094049644167,PopSize_700,700,3,TwoPoint,0.9,0.7
80,0.18632348734515763,0.04658396791408846,5.673094049644166,PopSize_700,700,3,TwoPoint,0.9,0.7
81,0.18632348734515763,0.04658396791408846,5.6731249147420435,PopSize_700,700,3,TwoPoint,0.9,0.7
82,0.18632348734515763,0.04658396791408846,5.673141618329674,PopSize_700,700,3,TwoPoint,0.9,0.7
83,0.18632348734515763,0.04658396791408846,5.673143299413322,PopSize_700,700,3,TwoPoint,0.9,0.7
84,0.18632348734515763,0.04658396791408846,5.673151500109718,PopSize_700,700,3,TwoPoint,0.9,0.7
85,0.18632348734515763,0.04658396791408846,5.673151600283368,PopSize_700,700,3,TwoPoint,0.9,0.7
86,0.18632348734515763,0.04658396791408846,5.673151600283368,PopSize_700,700,3,TwoPoint,0.9,0.7
87,0.18632348734515763,0.04658396791408846,5.673176851968961,PopSize_700,700,3,TwoPoint,0.9,0.7
88,0.18632348734515763,0.04658396791408846,5.67317724745736,PopSize_700,700,3,TwoPoint,0.9,0.7
89,0.18632348734515763,0.04658396791408846,5.67317724745736,PopSize_700,700,3,TwoPoint,0.9,0.7
90,0.18504400336718058,0.04658396791408846,5.6762732547043715,PopSize_700,700,3,TwoPoint,0.9,0.7
91,0.18504400336718058,0.04658396791408846,5.676284832393183,PopSize_700,700,3,TwoPoint,0.9,0.7
92,0.18504400336718058,0.04658396791408846,5.676287311553377,PopSize_700,700,3,TwoPoint,0.9,0.7
93,0.18504400336718058,0.04658396791408846,5.67629256739834,PopSize_700,700,3,TwoPoint,0.9,0.7
94,0.18504400336718058,0.04658396791408846,5.6762943710681215,PopSize_700,700,3,TwoPoint,0.9,0.7
95,0.18444850477919789,0.04658396791408846,5.677726068536565,PopSize_700,700,3,TwoPoint,0.9,0.7
96,0.18226014802351131,0.04658396791408846,5.683020620334169,PopSize_700,700,3,TwoPoint,0.9,0.7
97,0.17017713952978236,0.04658396791408846,5.712028425764832,PopSize_700,700,3,TwoPoint,0.9,0.7
98,0.17017713952978236,0.04658396791408846,5.712065556634179,PopSize_700,700,3,TwoPoint,0.9,0.7
99,0.16883332852399388,0.04658396791408846,5.715298127333023,PopSize_700,700,3,TwoPoint,0.9,0.7
100,0.16883332852399388,0.04658396791408846,5.715340565697817,PopSize_700,700,3,TwoPoint,0.9,0.7
