gen,nevals,avg,max,min,std,success_rate,valid_ratio,avg_cost,avg_co2,avg_dcr,best_margins,hof_avg_cost,hof_min_cost,hof_avg_co2,hof_min_co2,hof_avg_dcr,hof_size,sep1,sep2,sep3,sep4
1,78,[0.6266518  0.46818788],[1.0414239  0.90609087],[0.36813607 0.33563893],[0.13214111 0.09589246],100.0,3.0,42093723.32041333,125077.73739026661,0.41382764424350044,S:0.00 D:0.00 W:0.00 F:0.00 H:0.00,42093723.32041333,36927416.16063999,125077.73739026661,109754.76437839997,0.41382764424350044,3,|,|,|,|
2,86,[0.58214265 0.46418355],[1.0414239  0.71920423],[0.39047582 0.33563893],[0.11394789 0.08144274],100.0,12.0,41570904.40685,123233.3542260166,0.43344134412146595,S:0.00 D:0.00 W:0.00 F:0.00 H:0.00,40811181.98658399,36927416.16063999,120782.62744791992,109754.76437839997,0.42444722278300856,5,|,|,|,|
3,74,[0.50458069 0.48156407],[0.77389971 0.57621501],[0.39047582 0.35963247],[0.07515827 0.05489216],100.0,23.0,40379628.84603305,119517.60506357384,0.44553894952648493,S:0.00 D:0.00 W:0.00 F:0.00 H:0.00,39808297.49393331,35282132.96636001,118046.00589086663,106440.75149519995,0.4155585509010425,6,|,|,|,|
4,96,[0.51083228 0.46672519],[0.73995829 0.56143886],[0.39165648 0.35963247],[0.06722004 0.04741404],100.0,35.0,40050896.80431885,118404.73102025708,0.4482658869573436,S:0.00 D:0.00 W:0.00 F:0.00 H:0.00,38765696.71152444,33627492.86256002,114809.9775927777,99447.06318919992,0.43938639939851065,9,|,|,|,|
5,82,[0.49507942 0.47857717],[0.73995829 0.54936844],[0.40071373 0.36630922],[0.06571122 0.04570034],100.0,61.0,38889068.08712196,114760.12859023928,0.4628651587598909,S:0.00 D:0.00 W:0.00 F:0.00 H:0.00,39205334.645436354,32933763.560800005,116206.5098943454,97371.02101680005,0.43228193505733786,11,|,|,|,|
6,89,[0.48812724 0.4746757 ],[0.73995829 0.53755249],[0.40249565 0.36630922],[0.06109551 0.04135499],100.0,98.0,37948988.60396979,111857.0625342836,0.4745979943320182,S:0.00 D:0.00 W:0.00 F:0.00 H:0.00,38361251.237968564,32933763.560800005,113676.7972391571,97371.02101680005,0.43867702102793593,14,|,|,|,|
7,90,[0.46798808 0.46931586],[0.73995829 0.54197176],[0.38302994 0.36630922],[0.06669246 0.04203938],100.0,100.0,36662943.163957596,108509.26366473995,0.4693158579289189,S:0.00 D:0.00 W:0.00 F:0.00 H:0.00,37264989.44094286,31573314.939560007,110838.76676938566,94771.25790219985,0.44799045237676555,14,|,|,|,|
8,84,[0.43973002 0.48293948],[0.73995829 0.54402828],[0.377419   0.36630922],[0.05873398 0.04348726],100.0,100.0,34980541.68114162,103910.32651561793,0.48293948396969993,S:0.00 D:0.00 W:0.00 F:0.00 H:0.00,36861125.65334134,31249288.18396001,109917.80739670664,93829.79926219986,0.45300860051730785,15,|,|,|,|
9,91,[0.42988311 0.48638466],[0.73995829 0.54402828],[0.377419   0.36630922],[0.05375646 0.0441881 ],100.0,100.0,34369544.2065676,102377.52988751393,0.4863846587761773,S:0.00 D:0.00 W:0.00 F:0.00 H:0.00,36599111.231345,31249288.18396001,109220.01358627496,93829.79926219986,0.4544627263418677,16,|,|,|,|
10,79,[0.43725974 0.47356651],[0.73995829 0.5269817 ],[0.3604592  0.36630922],[0.04962149 0.03446803],100.0,100.0,34809197.169559605,103576.73474093396,0.47356650997063254,S:0.00 D:0.00 W:0.00 F:0.00 H:0.00,36867280.505490676,30246031.00436,109998.03480481333,91051.3618562,0.4474923518767418,15,|,|,|,|
11,81,[0.43912515 0.46419617],[0.73995829 0.5269817 ],[0.3604592  0.36630922],[0.05012666 0.02900695],100.0,100.0,34842740.202634014,104098.90872669398,0.46419616674063996,S:0.00 D:0.00 W:0.00 F:0.00 H:0.00,35891908.19374106,30246031.00436,107215.85569133684,91051.3618562,0.4573423035493252,19,|,|,|,|
12,80,[0.43000606 0.46939596],[0.73995829 0.48009026],[0.40570701 0.36630922],[0.04045375 0.02110987],100.0,100.0,34299710.8374764,102615.09379104205,0.4693959647364953,S:0.00 D:0.00 W:0.00 F:0.00 H:0.00,35891908.19374106,30246031.00436,107215.85569133684,91051.3618562,0.4573423035493252,19,|,|,|,|
13,85,[0.42411575 0.47072652],[0.73995829 0.48009026],[0.40570701 0.36630922],[0.04101832 0.02091679],100.0,100.0,33857860.3865196,101913.50981223803,0.47072652012949784,S:0.00 D:0.00 W:0.00 F:0.00 H:0.00,35891908.19374106,30246031.00436,107215.85569133684,91051.3618562,0.4573423035493252,19,|,|,|,|
14,86,[0.42541267 0.47057018],[0.73995829 0.48009026],[0.40570701 0.36630922],[0.04065605 0.020902  ],100.0,100.0,33971755.11117521,102021.15089634006,0.47057017513277655,S:0.00 D:0.00 W:0.00 F:0.00 H:0.00,35891908.19374106,30246031.00436,107215.85569133684,91051.3618562,0.4573423035493252,19,|,|,|,|
15,88,[0.43166488 0.4679704 ],[0.73995829 0.48203047],[0.40009607 0.36630922],[0.04196686 0.0218767 ],100.0,100.0,34418583.091135226,102828.35592404,0.4679704044142866,S:0.00 D:0.00 W:0.00 F:0.00 H:0.00,35835423.457471125,30246031.00436,107552.11806905553,91051.3618562,0.45516017554005805,18,|,|,|,|
16,87,[0.43494239 0.46586754],[0.73995829 0.48203047],[0.40009607 0.36630922],[0.04651312 0.0220094 ],100.0,100.0,34580366.75279162,103455.80068464403,0.4658675431130852,S:0.00 D:0.00 W:0.00 F:0.00 H:0.00,35824179.10085779,30246031.00436,107545.25680789998,91051.3618562,0.4549431067134388,18,|,|,|,|
17,81,[0.43637615 0.46357272],[0.73995829 0.48203047],[0.40009607 0.36630922],[0.05043626 0.02158985],100.0,100.0,34583149.80224522,103921.99707801001,0.46357271774139264,S:0.00 D:0.00 W:0.00 F:0.00 H:0.00,35834117.32358667,30246031.00436,107515.16648007775,91051.3618562,0.45469733504926946,18,|,|,|,|
18,86,[0.42637817 0.46488881],[0.73995829 0.48994177],[0.40009607 0.36630922],[0.04460637 0.02100151],100.0,100.0,33880010.82551963,102599.07198141796,0.46488880912874514,S:0.00 D:0.00 W:0.00 F:0.00 H:0.00,35678606.63476843,30246031.00436,107104.35600978945,91051.3618562,0.45548747487487856,19,|,|,|,|
19,85,[0.42218911 0.46640214],[0.73995829 0.48904733],[0.39352759 0.36630922],[0.04760061 0.0223401 ],100.0,100.0,33611782.92983962,101970.38881998397,0.4664021379717369,S:0.00 D:0.00 W:0.00 F:0.00 H:0.00,35641957.11736001,30246031.00436,107150.58113654284,91051.3618562,0.4557190396261041,21,|,|,|,|
20,83,[0.40919377 0.47605167],[0.73995829 0.48203047],[0.40009607 0.36630922],[0.04252688 0.02001148],100.0,100.0,32803951.031302422,99951.66115204598,0.47605166692773454,S:0.00 D:0.00 W:0.00 F:0.00 H:0.00,35641957.11736001,30246031.00436,107150.58113654284,91051.3618562,0.4557190396261041,21,|,|,|,|
21,92,[0.4081114  0.47770055],[0.73995829 0.48203047],[0.40009607 0.36630922],[0.04249068 0.01978219],100.0,100.0,32735428.06849682,99787.01645776202,0.47770054693851555,S:0.00 D:0.00 W:0.00 F:0.00 H:0.00,35641957.11736001,30246031.00436,107150.58113654284,91051.3618562,0.4557190396261041,21,|,|,|,|
22,78,[0.40746733 0.47830537],[0.73995829 0.48203047],[0.40009607 0.36630922],[0.04236303 0.01944007],100.0,100.0,32692578.558964815,99694.896401438,0.47830536975585347,S:0.00 D:0.00 W:0.00 F:0.00 H:0.00,35641957.11736001,30246031.00436,107150.58113654284,91051.3618562,0.4557190396261041,21,|,|,|,|
23,79,[0.40746733 0.47830537],[0.73995829 0.48203047],[0.40009607 0.36630922],[0.04236303 0.01944007],100.0,100.0,32692578.558964815,99694.896401438,0.47830536975585347,S:0.00 D:0.00 W:0.00 F:0.00 H:0.00,35641957.11736001,30246031.00436,107150.58113654284,91051.3618562,0.4557190396261041,21,|,|,|,|
24,95,[0.40746733 0.47830537],[0.73995829 0.48203047],[0.40009607 0.36630922],[0.04236303 0.01944007],100.0,100.0,32692578.558964815,99694.896401438,0.47830536975585347,S:0.00 D:0.00 W:0.00 F:0.00 H:0.00,35641957.11736001,30246031.00436,107150.58113654284,91051.3618562,0.4557190396261041,21,|,|,|,|
25,77,[0.40746733 0.47830537],[0.73995829 0.48203047],[0.40009607 0.36630922],[0.04236303 0.01944007],100.0,100.0,32692578.558964815,99694.896401438,0.47830536975585347,S:0.00 D:0.00 W:0.00 F:0.00 H:0.00,35641957.11736001,30246031.00436,107150.58113654284,91051.3618562,0.4557190396261041,21,|,|,|,|
26,84,[0.40746733 0.47830537],[0.73995829 0.48203047],[0.40009607 0.36630922],[0.04236303 0.01944007],100.0,100.0,32692578.558964815,99694.896401438,0.47830536975585347,S:0.00 D:0.00 W:0.00 F:0.00 H:0.00,35641957.11736001,30246031.00436,107150.58113654284,91051.3618562,0.4557190396261041,21,|,|,|,|
27,86,[0.40746733 0.47830537],[0.73995829 0.48203047],[0.40009607 0.36630922],[0.04236303 0.01944007],100.0,100.0,32692578.558964815,99694.896401438,0.47830536975585347,S:0.00 D:0.00 W:0.00 F:0.00 H:0.00,35641957.11736001,30246031.00436,107150.58113654284,91051.3618562,0.4557190396261041,21,|,|,|,|
28,82,[0.40746733 0.47830537],[0.73995829 0.48203047],[0.40009607 0.36630922],[0.04236303 0.01944007],100.0,100.0,32692578.558964815,99694.896401438,0.47830536975585347,S:0.00 D:0.00 W:0.00 F:0.00 H:0.00,35641957.11736001,30246031.00436,107150.58113654284,91051.3618562,0.4557190396261041,21,|,|,|,|
29,85,[0.40746733 0.47830537],[0.73995829 0.48203047],[0.40009607 0.36630922],[0.04236303 0.01944007],100.0,100.0,32692578.558964815,99694.896401438,0.47830536975585347,S:0.00 D:0.00 W:0.00 F:0.00 H:0.00,35641957.11736001,30246031.00436,107150.58113654284,91051.3618562,0.4557190396261041,21,|,|,|,|
30,93,[0.40842916 0.47748871],[0.73995829 0.48203047],[0.39621771 0.36630922],[0.04335659 0.02024964],100.0,100.0,32742629.166727215,99871.77246103801,0.47748870527372794,S:0.00 D:0.00 W:0.00 F:0.00 H:0.00,36103348.39050353,30246031.00436,108524.49575897644,91051.3618562,0.4513188101771293,17,|,|,|,|
31,80,[0.41060522 0.47612944],[0.73995829 0.48203047],[0.39621771 0.36630922],[0.04841691 0.02273184],100.0,100.0,32867346.79549961,100239.56579159401,0.47612944078535757,S:0.00 D:0.00 W:0.00 F:0.00 H:0.00,35922485.44536251,30246031.00436,107865.99960017497,91051.3618562,0.4523539419552218,16,|,|,|,|
32,90,[0.41034217 0.47425345],[0.73995829 0.51590044],[0.38183788 0.36630922],[0.04857442 0.02360442],100.0,100.0,32845052.87022361,100215.45663620399,0.4742534517759242,S:0.00 D:0.00 W:0.00 F:0.00 H:0.00,35521413.81869557,30246031.00436,106893.0060420111,91051.3618562,0.4559830966606765,18,|,|,|,|
33,88,[0.40984129 0.46900136],[0.73995829 0.51590044],[0.38183788 0.36630922],[0.04937592 0.02505347],100.0,100.0,32805752.87059361,100160.66717244398,0.4690013584363241,S:0.00 D:0.00 W:0.00 F:0.00 H:0.00,35232269.16164201,30246031.00436,105982.35023147997,91051.3618562,0.45844723227226547,20,|,|,|,|
34,84,[0.40374411 0.45507689],[0.73995829 0.45783414],[0.39621771 0.36630922],[0.04301272 0.01507784],100.0,100.0,32411138.734708816,99257.4876462379,0.4550768933653181,S:0.00 D:0.00 W:0.00 F:0.00 H:0.00,35232269.16164201,30246031.00436,105982.35023147997,91051.3618562,0.45844723227226547,20,|,|,|,|
35,79,[0.40334021 0.45518712],[0.73995829 0.45783414],[0.39621771 0.36630922],[0.04289169 0.01505729],100.0,100.0,32387020.584176816,99191.95559946791,0.4551871247746541,S:0.00 D:0.00 W:0.00 F:0.00 H:0.00,35232269.16164201,30246031.00436,105982.35023147997,91051.3618562,0.45844723227226547,20,|,|,|,|
36,82,[0.40334021 0.45518712],[0.73995829 0.45783414],[0.39621771 0.36630922],[0.04289169 0.01505729],100.0,100.0,32387020.584176816,99191.95559946791,0.4551871247746541,S:0.00 D:0.00 W:0.00 F:0.00 H:0.00,35232269.16164201,30246031.00436,105982.35023147997,91051.3618562,0.45844723227226547,20,|,|,|,|
37,85,[0.40334021 0.45518712],[0.73995829 0.45783414],[0.39621771 0.36630922],[0.04289169 0.01505729],100.0,100.0,32387020.584176816,99191.95559946791,0.4551871247746541,S:0.00 D:0.00 W:0.00 F:0.00 H:0.00,35232269.16164201,30246031.00436,105982.35023147997,91051.3618562,0.45844723227226547,20,|,|,|,|
38,93,[0.40334021 0.45518712],[0.73995829 0.45783414],[0.39621771 0.36630922],[0.04289169 0.01505729],100.0,100.0,32387020.584176816,99191.95559946791,0.4551871247746541,S:0.00 D:0.00 W:0.00 F:0.00 H:0.00,35232269.16164201,30246031.00436,105982.35023147997,91051.3618562,0.45844723227226547,20,|,|,|,|
39,86,[0.40334021 0.45518712],[0.73995829 0.45783414],[0.39621771 0.36630922],[0.04289169 0.01505729],100.0,100.0,32387020.584176816,99191.95559946791,0.4551871247746541,S:0.00 D:0.00 W:0.00 F:0.00 H:0.00,35232269.16164201,30246031.00436,105982.35023147997,91051.3618562,0.45844723227226547,20,|,|,|,|
40,86,[0.40334021 0.45518712],[0.73995829 0.45783414],[0.39621771 0.36630922],[0.04289169 0.01505729],100.0,100.0,32387020.584176816,99191.95559946791,0.4551871247746541,S:0.00 D:0.00 W:0.00 F:0.00 H:0.00,35232269.16164201,30246031.00436,105982.35023147997,91051.3618562,0.45844723227226547,20,|,|,|,|
41,91,[0.40533325 0.45475398],[0.73995829 0.45783414],[0.39621771 0.36630922],[0.04447318 0.01526386],100.0,100.0,32501149.68489681,99529.0942465879,0.45475398071255013,S:0.00 D:0.00 W:0.00 F:0.00 H:0.00,35323584.473962225,30246031.00436,106250.26226094441,91051.3618562,0.45900490362543983,18,|,|,|,|
42,85,[0.39965511 0.45691889],[0.73995829 0.45783414],[0.39621771 0.36630922],[0.03420176 0.00910661],100.0,100.0,32163704.259025212,98603.25690220989,0.45691888769258454,S:0.00 D:0.00 W:0.00 F:0.00 H:0.00,35323584.473962225,30246031.00436,106250.26226094441,91051.3618562,0.45900490362543983,18,|,|,|,|
43,89,[0.39965511 0.45691889],[0.73995829 0.45783414],[0.39621771 0.36630922],[0.03420176 0.00910661],100.0,100.0,32163704.259025212,98603.25690220989,0.45691888769258454,S:0.00 D:0.00 W:0.00 F:0.00 H:0.00,35323584.473962225,30246031.00436,106250.26226094441,91051.3618562,0.45900490362543983,18,|,|,|,|
44,79,[0.39965511 0.45691889],[0.73995829 0.45783414],[0.39621771 0.36630922],[0.03420176 0.00910661],100.0,100.0,32163704.259025212,98603.25690220989,0.45691888769258454,S:0.00 D:0.00 W:0.00 F:0.00 H:0.00,35323584.473962225,30246031.00436,106250.26226094441,91051.3618562,0.45900490362543983,18,|,|,|,|
45,76,[0.39965511 0.45691889],[0.73995829 0.45783414],[0.39621771 0.36630922],[0.03420176 0.00910661],100.0,100.0,32163704.259025212,98603.25690220989,0.45691888769258454,S:0.00 D:0.00 W:0.00 F:0.00 H:0.00,35323584.473962225,30246031.00436,106250.26226094441,91051.3618562,0.45900490362543983,18,|,|,|,|
46,84,[0.39965511 0.45691889],[0.73995829 0.45783414],[0.39621771 0.36630922],[0.03420176 0.00910661],100.0,100.0,32163704.259025212,98603.25690220989,0.45691888769258454,S:0.00 D:0.00 W:0.00 F:0.00 H:0.00,35323584.473962225,30246031.00436,106250.26226094441,91051.3618562,0.45900490362543983,18,|,|,|,|
47,89,[0.39965511 0.45691889],[0.73995829 0.45783414],[0.39621771 0.36630922],[0.03420176 0.00910661],100.0,100.0,32163704.259025212,98603.25690220989,0.45691888769258454,S:0.00 D:0.00 W:0.00 F:0.00 H:0.00,35323584.473962225,30246031.00436,106250.26226094441,91051.3618562,0.45900490362543983,18,|,|,|,|
48,88,[0.39965511 0.45691889],[0.73995829 0.45783414],[0.39621771 0.36630922],[0.03420176 0.00910661],100.0,100.0,32163704.259025212,98603.25690220989,0.45691888769258454,S:0.00 D:0.00 W:0.00 F:0.00 H:0.00,35323584.473962225,30246031.00436,106250.26226094441,91051.3618562,0.45900490362543983,18,|,|,|,|
49,77,[0.39965511 0.45691889],[0.73995829 0.45783414],[0.39621771 0.36630922],[0.03420176 0.00910661],100.0,100.0,32163704.259025212,98603.25690220989,0.45691888769258454,S:0.00 D:0.00 W:0.00 F:0.00 H:0.00,35323584.473962225,30246031.00436,106250.26226094441,91051.3618562,0.45900490362543983,18,|,|,|,|
50,84,[0.39965511 0.45691889],[0.73995829 0.45783414],[0.39621771 0.36630922],[0.03420176 0.00910661],100.0,100.0,32163704.259025212,98603.25690220989,0.45691888769258454,S:0.00 D:0.00 W:0.00 F:0.00 H:0.00,35323584.473962225,30246031.00436,106250.26226094441,91051.3618562,0.45900490362543983,18,|,|,|,|
51,82,[0.39965511 0.45691889],[0.73995829 0.45783414],[0.39621771 0.36630922],[0.03420176 0.00910661],100.0,100.0,32163704.259025212,98603.25690220989,0.45691888769258454,S:0.00 D:0.00 W:0.00 F:0.00 H:0.00,35323584.473962225,30246031.00436,106250.26226094441,91051.3618562,0.45900490362543983,18,|,|,|,|
52,84,[0.39992402 0.45681401],[0.73995829 0.45783414],[0.39621771 0.36630922],[0.0342793  0.00915573],100.0,100.0,32178782.225395214,98649.65018160992,0.4568140066070959,S:0.00 D:0.00 W:0.00 F:0.00 H:0.00,35226001.14839369,30246031.00436,106062.1259675368,91051.3618562,0.4583912786114559,19,|,|,|,|
53,87,[0.40185043 0.45608819],[0.73995829 0.45783414],[0.39514216 0.36630922],[0.03914524 0.011181  ],100.0,100.0,32287633.229042415,98979.6397836279,0.4560881916841396,S:0.00 D:0.00 W:0.00 F:0.00 H:0.00,35413683.07159295,30246031.00436,106705.2192361529,91051.3618562,0.4584318925451085,17,|,|,|,|
54,88,[0.40266915 0.45523655],[0.73995829 0.45783414],[0.39514216 0.36630922],[0.03952191 0.01215713],100.0,100.0,32335806.43108082,99114.49655730391,0.45523655321119855,S:0.00 D:0.00 W:0.00 F:0.00 H:0.00,35145358.20821,30246031.00436,106048.39677731245,91051.3618562,0.4573106560746323,16,|,|,|,|
55,78,[0.4025616  0.45451047],[0.73995829 0.45783414],[0.39514216 0.36630922],[0.03954078 0.01219707],100.0,100.0,32321576.10087281,99119.06218898391,0.4545104653981935,S:0.00 D:0.00 W:0.00 F:0.00 H:0.00,35145358.20821,30246031.00436,106048.39677731245,91051.3618562,0.4573106560746323,16,|,|,|,|
56,86,[0.40370999 0.45193285],[0.73995829 0.45783414],[0.39514216 0.36630922],[0.04189163 0.01331599],100.0,100.0,32364091.816611215,99378.8692292899,0.45193284785513993,S:0.00 D:0.00 W:0.00 F:0.00 H:0.00,35434188.04191294,30246031.00436,107032.8633329529,91051.3618562,0.4537109758416902,17,|,|,|,|
57,91,[0.39859032 0.44973062],[0.73995829 0.45057326],[0.39514216 0.36630922],[0.03430877 0.00838417],100.0,100.0,32022823.989966013,98648.45665584187,0.44973061834383476,S:0.00 D:0.00 W:0.00 F:0.00 H:0.00,35434188.04191294,30246031.00436,107032.8633329529,91051.3618562,0.4537109758416902,17,|,|,|,|
58,94,[0.39514216 0.45057326],[0.39514216 0.45057326],[0.39514216 0.45057326],[1.66533454e-16 2.77555756e-16],100.0,100.0,31819401.349080015,98082.00106299989,0.4505732587785596,S:0.00 D:0.00 W:0.00 F:0.00 H:0.00,35434188.04191294,30246031.00436,107032.8633329529,91051.3618562,0.4537109758416902,17,|,|,|,|
59,84,[0.39514216 0.45057326],[0.39514216 0.45057326],[0.39514216 0.45057326],[1.66533454e-16 2.77555756e-16],100.0,100.0,31819401.349080015,98082.00106299989,0.4505732587785596,S:0.00 D:0.00 W:0.00 F:0.00 H:0.00,35434188.04191294,30246031.00436,107032.8633329529,91051.3618562,0.4537109758416902,17,|,|,|,|
60,86,[0.39514216 0.45057326],[0.39514216 0.45057326],[0.39514216 0.45057326],[1.66533454e-16 2.77555756e-16],100.0,100.0,31819401.349080015,98082.00106299989,0.4505732587785596,S:0.00 D:0.00 W:0.00 F:0.00 H:0.00,35434188.04191294,30246031.00436,107032.8633329529,91051.3618562,0.4537109758416902,17,|,|,|,|
61,86,[0.39514216 0.45057326],[0.39514216 0.45057326],[0.39514216 0.45057326],[1.66533454e-16 2.77555756e-16],100.0,100.0,31819401.349080015,98082.00106299989,0.4505732587785596,S:0.00 D:0.00 W:0.00 F:0.00 H:0.00,35434188.04191294,30246031.00436,107032.8633329529,91051.3618562,0.4537109758416902,17,|,|,|,|
62,82,[0.39514216 0.45057326],[0.39514216 0.45057326],[0.39514216 0.45057326],[1.66533454e-16 2.77555756e-16],100.0,100.0,31819401.349080015,98082.00106299989,0.4505732587785596,S:0.00 D:0.00 W:0.00 F:0.00 H:0.00,35434188.04191294,30246031.00436,107032.8633329529,91051.3618562,0.4537109758416902,17,|,|,|,|
63,81,[0.39514216 0.45057326],[0.39514216 0.45057326],[0.39514216 0.45057326],[1.66533454e-16 2.77555756e-16],100.0,100.0,31819401.349080015,98082.00106299989,0.4505732587785596,S:0.00 D:0.00 W:0.00 F:0.00 H:0.00,35434188.04191294,30246031.00436,107032.8633329529,91051.3618562,0.4537109758416902,17,|,|,|,|
64,78,[0.39514216 0.45057326],[0.39514216 0.45057326],[0.39514216 0.45057326],[1.66533454e-16 2.77555756e-16],100.0,100.0,31819401.349080015,98082.00106299989,0.4505732587785596,S:0.00 D:0.00 W:0.00 F:0.00 H:0.00,35434188.04191294,30246031.00436,107032.8633329529,91051.3618562,0.4537109758416902,17,|,|,|,|
65,90,[0.39514216 0.45057326],[0.39514216 0.45057326],[0.39514216 0.45057326],[1.66533454e-16 2.77555756e-16],100.0,100.0,31819401.349080015,98082.00106299989,0.4505732587785596,S:0.00 D:0.00 W:0.00 F:0.00 H:0.00,35434188.04191294,30246031.00436,107032.8633329529,91051.3618562,0.4537109758416902,17,|,|,|,|
66,81,[0.39514216 0.45057326],[0.39514216 0.45057326],[0.39514216 0.45057326],[1.66533454e-16 2.77555756e-16],100.0,100.0,31819401.349080015,98082.00106299989,0.4505732587785596,S:0.00 D:0.00 W:0.00 F:0.00 H:0.00,35434188.04191294,30246031.00436,107032.8633329529,91051.3618562,0.4537109758416902,17,|,|,|,|
67,84,[0.39514216 0.45057326],[0.39514216 0.45057326],[0.39514216 0.45057326],[1.66533454e-16 2.77555756e-16],100.0,100.0,31819401.349080015,98082.00106299989,0.4505732587785596,S:0.00 D:0.00 W:0.00 F:0.00 H:0.00,35434188.04191294,30246031.00436,107032.8633329529,91051.3618562,0.4537109758416902,17,|,|,|,|
68,79,[0.39514216 0.45057326],[0.39514216 0.45057326],[0.39514216 0.45057326],[1.66533454e-16 2.77555756e-16],100.0,100.0,31819401.349080015,98082.00106299989,0.4505732587785596,S:0.00 D:0.00 W:0.00 F:0.00 H:0.00,35434188.04191294,30246031.00436,107032.8633329529,91051.3618562,0.4537109758416902,17,|,|,|,|
69,85,[0.39514216 0.45057326],[0.39514216 0.45057326],[0.39514216 0.45057326],[1.66533454e-16 2.77555756e-16],100.0,100.0,31819401.349080015,98082.00106299989,0.4505732587785596,S:0.00 D:0.00 W:0.00 F:0.00 H:0.00,35434188.04191294,30246031.00436,107032.8633329529,91051.3618562,0.4537109758416902,17,|,|,|,|
70,76,[0.39514216 0.45057326],[0.39514216 0.45057326],[0.39514216 0.45057326],[1.66533454e-16 2.77555756e-16],100.0,100.0,31819401.349080015,98082.00106299989,0.4505732587785596,S:0.00 D:0.00 W:0.00 F:0.00 H:0.00,35434188.04191294,30246031.00436,107032.8633329529,91051.3618562,0.4537109758416902,17,|,|,|,|
71,83,[0.39514216 0.45057326],[0.39514216 0.45057326],[0.39514216 0.45057326],[1.66533454e-16 2.77555756e-16],100.0,100.0,31819401.349080015,98082.00106299989,0.4505732587785596,S:0.00 D:0.00 W:0.00 F:0.00 H:0.00,35434188.04191294,30246031.00436,107032.8633329529,91051.3618562,0.4537109758416902,17,|,|,|,|
72,78,[0.39514216 0.45057326],[0.39514216 0.45057326],[0.39514216 0.45057326],[1.66533454e-16 2.77555756e-16],100.0,100.0,31819401.349080015,98082.00106299989,0.4505732587785596,S:0.00 D:0.00 W:0.00 F:0.00 H:0.00,35434188.04191294,30246031.00436,107032.8633329529,91051.3618562,0.4537109758416902,17,|,|,|,|
73,85,[0.39514216 0.45057326],[0.39514216 0.45057326],[0.39514216 0.45057326],[1.66533454e-16 2.77555756e-16],100.0,100.0,31819401.349080015,98082.00106299989,0.4505732587785596,S:0.00 D:0.00 W:0.00 F:0.00 H:0.00,35434188.04191294,30246031.00436,107032.8633329529,91051.3618562,0.4537109758416902,17,|,|,|,|
74,87,[0.39514216 0.45057326],[0.39514216 0.45057326],[0.39514216 0.45057326],[1.66533454e-16 2.77555756e-16],100.0,100.0,31819401.349080015,98082.00106299989,0.4505732587785596,S:0.00 D:0.00 W:0.00 F:0.00 H:0.00,35434188.04191294,30246031.00436,107032.8633329529,91051.3618562,0.4537109758416902,17,|,|,|,|
75,85,[0.39514216 0.45057326],[0.39514216 0.45057326],[0.39514216 0.45057326],[1.66533454e-16 2.77555756e-16],100.0,100.0,31819401.349080015,98082.00106299989,0.4505732587785596,S:0.00 D:0.00 W:0.00 F:0.00 H:0.00,35434188.04191294,30246031.00436,107032.8633329529,91051.3618562,0.4537109758416902,17,|,|,|,|
76,81,[0.39514216 0.45057326],[0.39514216 0.45057326],[0.39514216 0.45057326],[1.66533454e-16 2.77555756e-16],100.0,100.0,31819401.349080015,98082.00106299989,0.4505732587785596,S:0.00 D:0.00 W:0.00 F:0.00 H:0.00,35434188.04191294,30246031.00436,107032.8633329529,91051.3618562,0.4537109758416902,17,|,|,|,|
77,81,[0.39514216 0.45057326],[0.39514216 0.45057326],[0.39514216 0.45057326],[1.66533454e-16 2.77555756e-16],100.0,100.0,31819401.349080015,98082.00106299989,0.4505732587785596,S:0.00 D:0.00 W:0.00 F:0.00 H:0.00,35434188.04191294,30246031.00436,107032.8633329529,91051.3618562,0.4537109758416902,17,|,|,|,|
78,84,[0.39514216 0.45057326],[0.39514216 0.45057326],[0.39514216 0.45057326],[1.66533454e-16 2.77555756e-16],100.0,100.0,31819401.349080015,98082.00106299989,0.4505732587785596,S:0.00 D:0.00 W:0.00 F:0.00 H:0.00,35434188.04191294,30246031.00436,107032.8633329529,91051.3618562,0.4537109758416902,17,|,|,|,|
79,77,[0.3992877  0.45011498],[0.59845443 0.45057326],[0.39172289 0.42386792],[0.02497312 0.0028317 ],100.0,100.0,32055330.23506361,98787.37204707149,0.4501149814351605,S:0.00 D:0.00 W:0.00 F:0.00 H:0.00,36053790.85934,30246031.00436,108687.58260471423,91051.3618562,0.4491876669819087,14,|,|,|,|
80,83,[0.40090987 0.44973377],[0.59845443 0.45057326],[0.39172289 0.42274376],[0.02783274 0.00394906],100.0,100.0,32153737.058763612,99046.2225021115,0.44973377216908034,S:0.00 D:0.00 W:0.00 F:0.00 H:0.00,36053790.85934,30246031.00436,108687.58260471423,91051.3618562,0.4491876669819087,14,|,|,|,|
81,87,[0.39820648 0.44896464],[0.52056875 0.45057326],[0.39172289 0.41352555],[0.0167333  0.00563236],100.0,100.0,32000769.550621614,98583.7368475211,0.44896463871805525,S:0.00 D:0.00 W:0.00 F:0.00 H:0.00,35783948.426408574,30246031.00436,107987.33818275711,91051.3618562,0.45025515382908055,14,|,|,|,|
82,86,[0.39821695 0.44846826],[0.52056875 0.46727333],[0.38545276 0.41352555],[0.01844612 0.00626182],100.0,100.0,31993094.442460813,98608.84275704109,0.44846825750596375,S:0.00 D:0.00 W:0.00 F:0.00 H:0.00,35724930.10354286,30246031.00436,108063.27315594279,91051.3618562,0.44467948764322257,14,|,|,|,|
83,84,[0.39768799 0.44723227],[0.52056875 0.46727333],[0.38545276 0.41352555],[0.02200669 0.00677952],100.0,100.0,31935001.61312801,98597.7601488891,0.4472322689129403,S:0.00 D:0.00 W:0.00 F:0.00 H:0.00,35973257.680987686,30246031.00436,108704.81911504302,91051.3618562,0.4444965456447373,13,|,|,|,|
84,86,[0.39296523 0.44687985],[0.44560239 0.46359134],[0.3820335  0.40685987],[0.00794462 0.00672215],100.0,100.0,31629195.999816015,97898.58403527705,0.44687985216322557,S:0.00 D:0.00 W:0.00 F:0.00 H:0.00,36062714.31116667,30246031.00436,109155.16106317658,91051.3618562,0.43806975956917377,12,|,|,|,|
85,84,[0.39182874 0.44962777],[0.44560239 0.46359134],[0.3820335  0.40685987],[0.00732229 0.00895456],100.0,100.0,31582407.26483762,97654.76183385304,0.4496277707596032,S:0.00 D:0.00 W:0.00 F:0.00 H:0.00,36062714.31116667,30246031.00436,109155.16106317658,91051.3618562,0.43806975956917377,12,|,|,|,|
86,83,[0.38930313 0.4565036 ],[0.41009693 0.4615882 ],[0.38855394 0.41352555],[0.00224263 0.00824029],100.0,100.0,31472637.536255207,97129.24803380985,0.45650359602157947,S:0.00 D:0.00 W:0.00 F:0.00 H:0.00,36062714.31116667,30246031.00436,109155.16106317658,91051.3618562,0.43806975956917377,12,|,|,|,|
87,88,[0.38876937 0.46110757],[0.41009693 0.4615882 ],[0.38855394 0.41352555],[0.0021435  0.00478217],100.0,100.0,31450848.33964719,97014.21118744179,0.46110757237900485,S:0.00 D:0.00 W:0.00 F:0.00 H:0.00,36062714.31116667,30246031.00436,109155.16106317658,91051.3618562,0.43806975956917377,12,|,|,|,|
88,87,[0.38876937 0.46110757],[0.41009693 0.4615882 ],[0.38855394 0.41352555],[0.0021435  0.00478217],100.0,100.0,31450848.33964719,97014.21118744179,0.46110757237900485,S:0.00 D:0.00 W:0.00 F:0.00 H:0.00,36062714.31116667,30246031.00436,109155.16106317658,91051.3618562,0.43806975956917377,12,|,|,|,|
89,81,[0.38978965 0.46050359],[0.49000478 0.4615882 ],[0.38855394 0.4108049 ],[0.01029758 0.00697407],100.0,100.0,31507630.115367193,97191.43237021181,0.46050358986385986,S:0.00 D:0.00 W:0.00 F:0.00 H:0.00,35717113.00579692,30246031.00436,108204.61134260916,91051.3618562,0.4391392586345883,13,|,|,|,|
90,75,[0.38855394 0.4615882 ],[0.38855394 0.4615882 ],[0.38855394 0.4615882 ],[5.55111512e-16 2.22044605e-16],100.0,100.0,31437363.35835999,96981.0084757998,0.4615881988470536,S:0.00 D:0.00 W:0.00 F:0.00 H:0.00,35717113.00579692,30246031.00436,108204.61134260916,91051.3618562,0.4391392586345883,13,|,|,|,|
91,81,[0.38855394 0.4615882 ],[0.38855394 0.4615882 ],[0.38855394 0.4615882 ],[5.55111512e-16 2.22044605e-16],100.0,100.0,31437363.35835999,96981.0084757998,0.4615881988470536,S:0.00 D:0.00 W:0.00 F:0.00 H:0.00,35717113.00579692,30246031.00436,108204.61134260916,91051.3618562,0.4391392586345883,13,|,|,|,|
92,91,[0.38855394 0.4615882 ],[0.38855394 0.4615882 ],[0.38855394 0.4615882 ],[5.55111512e-16 2.22044605e-16],100.0,100.0,31437363.35835999,96981.0084757998,0.4615881988470536,S:0.00 D:0.00 W:0.00 F:0.00 H:0.00,35717113.00579692,30246031.00436,108204.61134260916,91051.3618562,0.4391392586345883,13,|,|,|,|
93,93,[0.38855394 0.4615882 ],[0.38855394 0.4615882 ],[0.38855394 0.4615882 ],[5.55111512e-16 2.22044605e-16],100.0,100.0,31437363.35835999,96981.0084757998,0.4615881988470536,S:0.00 D:0.00 W:0.00 F:0.00 H:0.00,35717113.00579692,30246031.00436,108204.61134260916,91051.3618562,0.4391392586345883,13,|,|,|,|
94,84,[0.38855394 0.4615882 ],[0.38855394 0.4615882 ],[0.38855394 0.4615882 ],[5.55111512e-16 2.22044605e-16],100.0,100.0,31437363.35835999,96981.0084757998,0.4615881988470536,S:0.00 D:0.00 W:0.00 F:0.00 H:0.00,35717113.00579692,30246031.00436,108204.61134260916,91051.3618562,0.4391392586345883,13,|,|,|,|
95,87,[0.38855394 0.4615882 ],[0.38855394 0.4615882 ],[0.38855394 0.4615882 ],[5.55111512e-16 2.22044605e-16],100.0,100.0,31437363.35835999,96981.0084757998,0.4615881988470536,S:0.00 D:0.00 W:0.00 F:0.00 H:0.00,35717113.00579692,30246031.00436,108204.61134260916,91051.3618562,0.4391392586345883,13,|,|,|,|
96,85,[0.38855394 0.4615882 ],[0.38855394 0.4615882 ],[0.38855394 0.4615882 ],[5.55111512e-16 2.22044605e-16],100.0,100.0,31437363.35835999,96981.0084757998,0.4615881988470536,S:0.00 D:0.00 W:0.00 F:0.00 H:0.00,35717113.00579692,30246031.00436,108204.61134260916,91051.3618562,0.4391392586345883,13,|,|,|,|
97,90,[0.39351346 0.46062692],[0.58873203 0.4615882 ],[0.38855394 0.41435633],[0.02922135 0.00606607],100.0,100.0,31715339.99676479,97836.93843568781,0.46062692022183127,S:0.00 D:0.00 W:0.00 F:0.00 H:0.00,35717113.00579692,30246031.00436,108204.61134260916,91051.3618562,0.4391392586345883,13,|,|,|,|
98,82,[0.38855394 0.4615882 ],[0.38855394 0.4615882 ],[0.38855394 0.4615882 ],[5.55111512e-16 2.22044605e-16],100.0,100.0,31437363.35835999,96981.0084757998,0.4615881988470536,S:0.00 D:0.00 W:0.00 F:0.00 H:0.00,35717113.00579692,30246031.00436,108204.61134260916,91051.3618562,0.4391392586345883,13,|,|,|,|
99,82,[0.38855394 0.4615882 ],[0.38855394 0.4615882 ],[0.38855394 0.4615882 ],[5.55111512e-16 2.22044605e-16],100.0,100.0,31437363.35835999,96981.0084757998,0.4615881988470536,S:0.00 D:0.00 W:0.00 F:0.00 H:0.00,35717113.00579692,30246031.00436,108204.61134260916,91051.3618562,0.4391392586345883,13,|,|,|,|
100,77,[0.38855394 0.4615882 ],[0.38855394 0.4615882 ],[0.38855394 0.4615882 ],[5.55111512e-16 2.22044605e-16],100.0,100.0,31437363.35835999,96981.0084757998,0.4615881988470536,S:0.00 D:0.00 W:0.00 F:0.00 H:0.00,35717113.00579692,30246031.00436,108204.61134260916,91051.3618562,0.4391392586345883,13,|,|,|,|
101,84,[0.38855394 0.4615882 ],[0.38855394 0.4615882 ],[0.38855394 0.4615882 ],[5.55111512e-16 2.22044605e-16],100.0,100.0,31437363.35835999,96981.0084757998,0.4615881988470536,S:0.00 D:0.00 W:0.00 F:0.00 H:0.00,35717113.00579692,30246031.00436,108204.61134260916,91051.3618562,0.4391392586345883,13,|,|,|,|
102,85,[0.39171225 0.46102182],[0.59186621 0.4615882 ],[0.38740365 0.41484697],[0.02218983 0.00470007],100.0,100.0,31614394.70135839,97526.04927597381,0.4610218173998162,S:0.00 D:0.00 W:0.00 F:0.00 H:0.00,35710659.9460923,30246031.00436,108193.55225079377,91051.3618562,0.43907399493430754,13,|,|,|,|
103,66,[0.39175805 0.46016033],[0.48387699 0.4615882 ],[0.38740365 0.41484697],[0.01563826 0.00749694],100.0,100.0,31623122.750994388,97516.5797437118,0.46016033200771633,S:0.00 D:0.00 W:0.00 F:0.00 H:0.00,35710659.9460923,30246031.00436,108193.55225079377,91051.3618562,0.43907399493430754,13,|,|,|,|
104,78,[0.3923599  0.45987735],[0.48387699 0.4615882 ],[0.38740365 0.41484697],[0.016219   0.00771038],100.0,100.0,31662145.34549039,97605.53351558381,0.45987734908828237,S:0.00 D:0.00 W:0.00 F:0.00 H:0.00,35710659.9460923,30246031.00436,108193.55225079377,91051.3618562,0.43907399493430754,13,|,|,|,|
105,87,[0.39110063 0.46011932],[0.48030835 0.4615882 ],[0.38740365 0.41484697],[0.01287104 0.00669796],100.0,100.0,31582529.18452239,97413.68163681582,0.460119324509114,S:0.00 D:0.00 W:0.00 F:0.00 H:0.00,35710659.9460923,30246031.00436,108193.55225079377,91051.3618562,0.43907399493430754,13,|,|,|,|
106,92,[0.39036444 0.45957633],[0.48030835 0.4615882 ],[0.38740365 0.41484697],[0.01302759 0.00659039],100.0,100.0,31528839.72777999,97321.66999291182,0.4595763305227783,S:0.00 D:0.00 W:0.00 F:0.00 H:0.00,35710659.9460923,30246031.00436,108193.55225079377,91051.3618562,0.43907399493430754,13,|,|,|,|
107,75,[0.38740365 0.46073977],[0.38740365 0.46073977],[0.38740365 0.46073977],[5.55111512e-16 3.33066907e-16],100.0,100.0,31353473.5822,96837.24028219985,0.46073977074340405,S:0.00 D:0.00 W:0.00 F:0.00 H:0.00,35710659.9460923,30246031.00436,108193.55225079377,91051.3618562,0.43907399493430754,13,|,|,|,|
108,80,[0.38740365 0.46073977],[0.38740365 0.46073977],[0.38740365 0.46073977],[5.55111512e-16 3.33066907e-16],100.0,100.0,31353473.5822,96837.24028219985,0.46073977074340405,S:0.00 D:0.00 W:0.00 F:0.00 H:0.00,35710659.9460923,30246031.00436,108193.55225079377,91051.3618562,0.43907399493430754,13,|,|,|,|
109,87,[0.38740365 0.46073977],[0.38740365 0.46073977],[0.38740365 0.46073977],[5.55111512e-16 3.33066907e-16],100.0,100.0,31353473.5822,96837.24028219985,0.46073977074340405,S:0.00 D:0.00 W:0.00 F:0.00 H:0.00,35710659.9460923,30246031.00436,108193.55225079377,91051.3618562,0.43907399493430754,13,|,|,|,|
110,80,[0.38740365 0.46073977],[0.38740365 0.46073977],[0.38740365 0.46073977],[5.55111512e-16 3.33066907e-16],100.0,100.0,31353473.5822,96837.24028219985,0.46073977074340405,S:0.00 D:0.00 W:0.00 F:0.00 H:0.00,35710659.9460923,30246031.00436,108193.55225079377,91051.3618562,0.43907399493430754,13,|,|,|,|
111,88,[0.38740365 0.46073977],[0.38740365 0.46073977],[0.38740365 0.46073977],[5.55111512e-16 3.33066907e-16],100.0,100.0,31353473.5822,96837.24028219985,0.46073977074340405,S:0.00 D:0.00 W:0.00 F:0.00 H:0.00,35710659.9460923,30246031.00436,108193.55225079377,91051.3618562,0.43907399493430754,13,|,|,|,|
112,82,[0.38740365 0.46073977],[0.38740365 0.46073977],[0.38740365 0.46073977],[5.55111512e-16 3.33066907e-16],100.0,100.0,31353473.5822,96837.24028219985,0.46073977074340405,S:0.00 D:0.00 W:0.00 F:0.00 H:0.00,35710659.9460923,30246031.00436,108193.55225079377,91051.3618562,0.43907399493430754,13,|,|,|,|
113,80,[0.38740365 0.46073977],[0.38740365 0.46073977],[0.38740365 0.46073977],[5.55111512e-16 3.33066907e-16],100.0,100.0,31353473.5822,96837.24028219985,0.46073977074340405,S:0.00 D:0.00 W:0.00 F:0.00 H:0.00,35710659.9460923,30246031.00436,108193.55225079377,91051.3618562,0.43907399493430754,13,|,|,|,|
114,90,[0.38740365 0.46073977],[0.38740365 0.46073977],[0.38740365 0.46073977],[5.55111512e-16 3.33066907e-16],100.0,100.0,31353473.5822,96837.24028219985,0.46073977074340405,S:0.00 D:0.00 W:0.00 F:0.00 H:0.00,35710659.9460923,30246031.00436,108193.55225079377,91051.3618562,0.43907399493430754,13,|,|,|,|
115,85,[0.38740365 0.46073977],[0.38740365 0.46073977],[0.38740365 0.46073977],[5.55111512e-16 3.33066907e-16],100.0,100.0,31353473.5822,96837.24028219985,0.46073977074340405,S:0.00 D:0.00 W:0.00 F:0.00 H:0.00,35710659.9460923,30246031.00436,108193.55225079377,91051.3618562,0.43907399493430754,13,|,|,|,|
116,85,[0.38740365 0.46073977],[0.38740365 0.46073977],[0.38740365 0.46073977],[5.55111512e-16 3.33066907e-16],100.0,100.0,31353473.5822,96837.24028219985,0.46073977074340405,S:0.00 D:0.00 W:0.00 F:0.00 H:0.00,35710659.9460923,30246031.00436,108193.55225079377,91051.3618562,0.43907399493430754,13,|,|,|,|
117,74,[0.38740365 0.46073977],[0.38740365 0.46073977],[0.38740365 0.46073977],[5.55111512e-16 3.33066907e-16],100.0,100.0,31353473.5822,96837.24028219985,0.46073977074340405,S:0.00 D:0.00 W:0.00 F:0.00 H:0.00,35710659.9460923,30246031.00436,108193.55225079377,91051.3618562,0.43907399493430754,13,|,|,|,|
118,85,[0.38740365 0.46073977],[0.38740365 0.46073977],[0.38740365 0.46073977],[5.55111512e-16 3.33066907e-16],100.0,100.0,31353473.5822,96837.24028219985,0.46073977074340405,S:0.00 D:0.00 W:0.00 F:0.00 H:0.00,35710659.9460923,30246031.00436,108193.55225079377,91051.3618562,0.43907399493430754,13,|,|,|,|
119,84,[0.38740365 0.46073977],[0.38740365 0.46073977],[0.38740365 0.46073977],[5.55111512e-16 3.33066907e-16],100.0,100.0,31353473.5822,96837.24028219985,0.46073977074340405,S:0.00 D:0.00 W:0.00 F:0.00 H:0.00,35710659.9460923,30246031.00436,108193.55225079377,91051.3618562,0.43907399493430754,13,|,|,|,|
120,88,[0.38740365 0.46073977],[0.38740365 0.46073977],[0.38740365 0.46073977],[5.55111512e-16 3.33066907e-16],100.0,100.0,31353473.5822,96837.24028219985,0.46073977074340405,S:0.00 D:0.00 W:0.00 F:0.00 H:0.00,35710659.9460923,30246031.00436,108193.55225079377,91051.3618562,0.43907399493430754,13,|,|,|,|
121,82,[0.38740365 0.46073977],[0.38740365 0.46073977],[0.38740365 0.46073977],[5.55111512e-16 3.33066907e-16],100.0,100.0,31353473.5822,96837.24028219985,0.46073977074340405,S:0.00 D:0.00 W:0.00 F:0.00 H:0.00,35710659.9460923,30246031.00436,108193.55225079377,91051.3618562,0.43907399493430754,13,|,|,|,|
122,83,[0.38740365 0.46073977],[0.38740365 0.46073977],[0.38740365 0.46073977],[5.55111512e-16 3.33066907e-16],100.0,100.0,31353473.5822,96837.24028219985,0.46073977074340405,S:0.00 D:0.00 W:0.00 F:0.00 H:0.00,35710659.9460923,30246031.00436,108193.55225079377,91051.3618562,0.43907399493430754,13,|,|,|,|
123,76,[0.38870366 0.46102011],[0.51409647 0.5117547 ],[0.37094616 0.44671844],[0.0128695  0.00543036],100.0,100.0,31425504.4229972,97063.94955429986,0.4610201058647633,S:0.00 D:0.00 W:0.00 F:0.00 H:0.00,36004332.84673666,30246031.00436,109295.97018984322,91051.3618562,0.4322154247554226,12,|,|,|,|
124,75,[0.38725357 0.46179784],[0.40763386 0.5117547 ],[0.37094616 0.44859548],[0.00308186 0.00727412],100.0,100.0,31350268.434715204,96796.65505775585,0.4617978362754044,S:0.00 D:0.00 W:0.00 F:0.00 H:0.00,36004332.84673666,30246031.00436,109295.97018984322,91051.3618562,0.4322154247554226,12,|,|,|,|
125,85,[0.38604577 0.46575098],[0.40763386 0.5117547 ],[0.37094616 0.44859548],[0.00516352 0.01457098],100.0,100.0,31291706.1015552,96562.45477812785,0.46575098496786366,S:0.00 D:0.00 W:0.00 F:0.00 H:0.00,36004332.84673666,30246031.00436,109295.97018984322,91051.3618562,0.4322154247554226,12,|,|,|,|
126,83,[0.38316243 0.47439236],[0.40763386 0.5117547 ],[0.37094616 0.44859548],[0.00769636 0.02275441],100.0,100.0,31100486.60331519,96148.33639615586,0.4743923600287721,S:0.00 D:0.00 W:0.00 F:0.00 H:0.00,36004332.84673666,30246031.00436,109295.97018984322,91051.3618562,0.4322154247554226,12,|,|,|,|
127,74,[0.37246506 0.50755207],[0.40763386 0.5117547 ],[0.37094616 0.44859548],[0.00548746 0.01429704],100.0,100.0,30462090.821915172,94411.60909189585,0.5075520670516857,S:0.00 D:0.00 W:0.00 F:0.00 H:0.00,36004332.84673666,30246031.00436,109295.97018984322,91051.3618562,0.4322154247554226,12,|,|,|,|
128,86,[0.37094616 0.5117547 ],[0.37094616 0.5117547 ],[0.37094616 0.5117547 ],[2.77555756e-16 8.88178420e-16],100.0,100.0,30371326.226199973,94165.35212179986,0.5117547046248094,S:0.00 D:0.00 W:0.00 F:0.00 H:0.00,36004332.84673666,30246031.00436,109295.97018984322,91051.3618562,0.4322154247554226,12,|,|,|,|
129,87,[0.37094616 0.5117547 ],[0.37094616 0.5117547 ],[0.37094616 0.5117547 ],[2.77555756e-16 8.88178420e-16],100.0,100.0,30371326.226199973,94165.35212179986,0.5117547046248094,S:0.00 D:0.00 W:0.00 F:0.00 H:0.00,36004332.84673666,30246031.00436,109295.97018984322,91051.3618562,0.4322154247554226,12,|,|,|,|
130,79,[0.37094616 0.5117547 ],[0.37094616 0.5117547 ],[0.37094616 0.5117547 ],[2.77555756e-16 8.88178420e-16],100.0,100.0,30371326.226199973,94165.35212179986,0.5117547046248094,S:0.00 D:0.00 W:0.00 F:0.00 H:0.00,36004332.84673666,30246031.00436,109295.97018984322,91051.3618562,0.4322154247554226,12,|,|,|,|
131,83,[0.37094616 0.5117547 ],[0.37094616 0.5117547 ],[0.37094616 0.5117547 ],[2.77555756e-16 8.88178420e-16],100.0,100.0,30371326.226199973,94165.35212179986,0.5117547046248094,S:0.00 D:0.00 W:0.00 F:0.00 H:0.00,36004332.84673666,30246031.00436,109295.97018984322,91051.3618562,0.4322154247554226,12,|,|,|,|
132,90,[0.37094616 0.5117547 ],[0.37094616 0.5117547 ],[0.37094616 0.5117547 ],[2.77555756e-16 8.88178420e-16],100.0,100.0,30371326.226199973,94165.35212179986,0.5117547046248094,S:0.00 D:0.00 W:0.00 F:0.00 H:0.00,36004332.84673666,30246031.00436,109295.97018984322,91051.3618562,0.4322154247554226,12,|,|,|,|
133,89,[0.37458935 0.51067751],[0.57076229 0.5117547 ],[0.37094616 0.45319196],[0.02562431 0.00756964],100.0,100.0,30578333.166975975,94786.18424605388,0.510677509603794,S:0.00 D:0.00 W:0.00 F:0.00 H:0.00,36004332.84673666,30246031.00436,109295.97018984322,91051.3618562,0.4322154247554226,12,|,|,|,|
134,89,[0.37094616 0.5117547 ],[0.37094616 0.5117547 ],[0.37094616 0.5117547 ],[2.77555756e-16 8.88178420e-16],100.0,100.0,30371326.226199973,94165.35212179986,0.5117547046248094,S:0.00 D:0.00 W:0.00 F:0.00 H:0.00,36004332.84673666,30246031.00436,109295.97018984322,91051.3618562,0.4322154247554226,12,|,|,|,|
135,87,[0.37094616 0.5117547 ],[0.37094616 0.5117547 ],[0.37094616 0.5117547 ],[2.77555756e-16 8.88178420e-16],100.0,100.0,30371326.226199973,94165.35212179986,0.5117547046248094,S:0.00 D:0.00 W:0.00 F:0.00 H:0.00,36004332.84673666,30246031.00436,109295.97018984322,91051.3618562,0.4322154247554226,12,|,|,|,|
136,83,[0.37094616 0.5117547 ],[0.37094616 0.5117547 ],[0.37094616 0.5117547 ],[2.77555756e-16 8.88178420e-16],100.0,100.0,30371326.226199973,94165.35212179986,0.5117547046248094,S:0.00 D:0.00 W:0.00 F:0.00 H:0.00,36004332.84673666,30246031.00436,109295.97018984322,91051.3618562,0.4322154247554226,12,|,|,|,|
137,80,[0.37094616 0.5117547 ],[0.37094616 0.5117547 ],[0.37094616 0.5117547 ],[2.77555756e-16 8.88178420e-16],100.0,100.0,30371326.226199973,94165.35212179986,0.5117547046248094,S:0.00 D:0.00 W:0.00 F:0.00 H:0.00,36004332.84673666,30246031.00436,109295.97018984322,91051.3618562,0.4322154247554226,12,|,|,|,|
138,79,[0.37094616 0.5117547 ],[0.37094616 0.5117547 ],[0.37094616 0.5117547 ],[2.77555756e-16 8.88178420e-16],100.0,100.0,30371326.226199973,94165.35212179986,0.5117547046248094,S:0.00 D:0.00 W:0.00 F:0.00 H:0.00,36004332.84673666,30246031.00436,109295.97018984322,91051.3618562,0.4322154247554226,12,|,|,|,|
139,79,[0.37363945 0.51131785],[0.49428199 0.5117547 ],[0.37094616 0.49030009],[0.01638106 0.00280971],100.0,100.0,30527528.885889977,94615.37724481987,0.5113178527920464,S:0.00 D:0.00 W:0.00 F:0.00 H:0.00,36004332.84673666,30246031.00436,109295.97018984322,91051.3618562,0.4322154247554226,12,|,|,|,|
140,86,[0.37094616 0.5117547 ],[0.37094616 0.5117547 ],[0.37094616 0.5117547 ],[2.77555756e-16 8.88178420e-16],100.0,100.0,30371326.226199973,94165.35212179986,0.5117547046248094,S:0.00 D:0.00 W:0.00 F:0.00 H:0.00,36004332.84673666,30246031.00436,109295.97018984322,91051.3618562,0.4322154247554226,12,|,|,|,|
141,88,[0.37462973 0.51000999],[0.5801449 0.5117547],[0.37094616 0.42679503],[0.02478188 0.01068767],100.0,100.0,30581421.62830077,94790.82723564588,0.5100099891104843,S:0.00 D:0.00 W:0.00 F:0.00 H:0.00,35608792.55021537,30246031.00436,108240.43643470146,91051.3618562,0.43775049885693257,13,|,|,|,|
142,88,[0.37094616 0.5117547 ],[0.37094616 0.5117547 ],[0.37094616 0.5117547 ],[2.77555756e-16 8.88178420e-16],100.0,100.0,30371326.226199973,94165.35212179986,0.5117547046248094,S:0.00 D:0.00 W:0.00 F:0.00 H:0.00,35608792.55021537,30246031.00436,108240.43643470146,91051.3618562,0.43775049885693257,13,|,|,|,|
143,88,[0.37350619 0.51054278],[0.53722995 0.5117547 ],[0.37094616 0.44271347],[0.01738101 0.00761881],100.0,100.0,30516856.671385575,94601.40950748388,0.5105427815688346,S:0.00 D:0.00 W:0.00 F:0.00 H:0.00,35608792.55021537,30246031.00436,108240.43643470146,91051.3618562,0.43775049885693257,13,|,|,|,|
144,86,[0.37094616 0.5117547 ],[0.37094616 0.5117547 ],[0.37094616 0.5117547 ],[2.77555756e-16 8.88178420e-16],100.0,100.0,30371326.226199973,94165.35212179986,0.5117547046248094,S:0.00 D:0.00 W:0.00 F:0.00 H:0.00,35608792.55021537,30246031.00436,108240.43643470146,91051.3618562,0.43775049885693257,13,|,|,|,|
145,82,[0.37094616 0.5117547 ],[0.37094616 0.5117547 ],[0.37094616 0.5117547 ],[2.77555756e-16 8.88178420e-16],100.0,100.0,30371326.226199973,94165.35212179986,0.5117547046248094,S:0.00 D:0.00 W:0.00 F:0.00 H:0.00,35608792.55021537,30246031.00436,108240.43643470146,91051.3618562,0.43775049885693257,13,|,|,|,|
146,79,[0.37094616 0.5117547 ],[0.37094616 0.5117547 ],[0.37094616 0.5117547 ],[2.77555756e-16 8.88178420e-16],100.0,100.0,30371326.226199973,94165.35212179986,0.5117547046248094,S:0.00 D:0.00 W:0.00 F:0.00 H:0.00,35608792.55021537,30246031.00436,108240.43643470146,91051.3618562,0.43775049885693257,13,|,|,|,|
147,88,[0.37094616 0.5117547 ],[0.37094616 0.5117547 ],[0.37094616 0.5117547 ],[2.77555756e-16 8.88178420e-16],100.0,100.0,30371326.226199973,94165.35212179986,0.5117547046248094,S:0.00 D:0.00 W:0.00 F:0.00 H:0.00,35608792.55021537,30246031.00436,108240.43643470146,91051.3618562,0.43775049885693257,13,|,|,|,|
148,85,[0.37094616 0.5117547 ],[0.37094616 0.5117547 ],[0.37094616 0.5117547 ],[2.77555756e-16 8.88178420e-16],100.0,100.0,30371326.226199973,94165.35212179986,0.5117547046248094,S:0.00 D:0.00 W:0.00 F:0.00 H:0.00,35608792.55021537,30246031.00436,108240.43643470146,91051.3618562,0.43775049885693257,13,|,|,|,|
149,80,[0.37228672 0.51110027],[0.46509309 0.5117547 ],[0.37094616 0.47593139],[0.01000705 0.00447251],100.0,100.0,30451448.38751878,94382.65413034186,0.5111002659551208,S:0.00 D:0.00 W:0.00 F:0.00 H:0.00,35252916.8020657,30246031.00436,107269.10440515133,91051.3618562,0.4428837852548257,14,|,|,|,|
150,97,[0.37094616 0.5117547 ],[0.37094616 0.5117547 ],[0.37094616 0.5117547 ],[2.77555756e-16 8.88178420e-16],100.0,100.0,30371326.226199973,94165.35212179986,0.5117547046248094,S:0.00 D:0.00 W:0.00 F:0.00 H:0.00,35252916.8020657,30246031.00436,107269.10440515133,91051.3618562,0.4428837852548257,14,|,|,|,|
151,85,[0.37094616 0.5117547 ],[0.37094616 0.5117547 ],[0.37094616 0.5117547 ],[2.77555756e-16 8.88178420e-16],100.0,100.0,30371326.226199973,94165.35212179986,0.5117547046248094,S:0.00 D:0.00 W:0.00 F:0.00 H:0.00,35252916.8020657,30246031.00436,107269.10440515133,91051.3618562,0.4428837852548257,14,|,|,|,|
152,83,[0.37094616 0.5117547 ],[0.37094616 0.5117547 ],[0.37094616 0.5117547 ],[2.77555756e-16 8.88178420e-16],100.0,100.0,30371326.226199973,94165.35212179986,0.5117547046248094,S:0.00 D:0.00 W:0.00 F:0.00 H:0.00,35252916.8020657,30246031.00436,107269.10440515133,91051.3618562,0.4428837852548257,14,|,|,|,|
153,88,[0.37094616 0.5117547 ],[0.37094616 0.5117547 ],[0.37094616 0.5117547 ],[2.77555756e-16 8.88178420e-16],100.0,100.0,30371326.226199973,94165.35212179986,0.5117547046248094,S:0.00 D:0.00 W:0.00 F:0.00 H:0.00,35252916.8020657,30246031.00436,107269.10440515133,91051.3618562,0.4428837852548257,14,|,|,|,|
154,85,[0.37094616 0.5117547 ],[0.37094616 0.5117547 ],[0.37094616 0.5117547 ],[2.77555756e-16 8.88178420e-16],100.0,100.0,30371326.226199973,94165.35212179986,0.5117547046248094,S:0.00 D:0.00 W:0.00 F:0.00 H:0.00,35252916.8020657,30246031.00436,107269.10440515133,91051.3618562,0.4428837852548257,14,|,|,|,|
155,89,[0.37094616 0.5117547 ],[0.37094616 0.5117547 ],[0.37094616 0.5117547 ],[2.77555756e-16 8.88178420e-16],100.0,100.0,30371326.226199973,94165.35212179986,0.5117547046248094,S:0.00 D:0.00 W:0.00 F:0.00 H:0.00,35252916.8020657,30246031.00436,107269.10440515133,91051.3618562,0.4428837852548257,14,|,|,|,|
156,76,[0.37094616 0.5117547 ],[0.37094616 0.5117547 ],[0.37094616 0.5117547 ],[2.77555756e-16 8.88178420e-16],100.0,100.0,30371326.226199973,94165.35212179986,0.5117547046248094,S:0.00 D:0.00 W:0.00 F:0.00 H:0.00,35252916.8020657,30246031.00436,107269.10440515133,91051.3618562,0.4428837852548257,14,|,|,|,|
157,81,[0.37094616 0.5117547 ],[0.37094616 0.5117547 ],[0.37094616 0.5117547 ],[2.77555756e-16 8.88178420e-16],100.0,100.0,30371326.226199973,94165.35212179986,0.5117547046248094,S:0.00 D:0.00 W:0.00 F:0.00 H:0.00,35252916.8020657,30246031.00436,107269.10440515133,91051.3618562,0.4428837852548257,14,|,|,|,|
158,87,[0.37139955 0.51111903],[0.4162858 0.5117547],[0.37094616 0.44818698],[0.00451124 0.00632491],100.0,100.0,30399547.995111972,94235.67901684386,0.5111190273861822,S:0.00 D:0.00 W:0.00 F:0.00 H:0.00,35252916.8020657,30246031.00436,107269.10440515133,91051.3618562,0.4428837852548257,14,|,|,|,|
159,89,[0.37094616 0.5117547 ],[0.37094616 0.5117547 ],[0.37094616 0.5117547 ],[2.77555756e-16 8.88178420e-16],100.0,100.0,30371326.226199973,94165.35212179986,0.5117547046248094,S:0.00 D:0.00 W:0.00 F:0.00 H:0.00,35252916.8020657,30246031.00436,107269.10440515133,91051.3618562,0.4428837852548257,14,|,|,|,|
160,84,[0.37094616 0.5117547 ],[0.37094616 0.5117547 ],[0.37094616 0.5117547 ],[2.77555756e-16 8.88178420e-16],100.0,100.0,30371326.226199973,94165.35212179986,0.5117547046248094,S:0.00 D:0.00 W:0.00 F:0.00 H:0.00,35252916.8020657,30246031.00436,107269.10440515133,91051.3618562,0.4428837852548257,14,|,|,|,|
161,81,[0.37094616 0.5117547 ],[0.37094616 0.5117547 ],[0.37094616 0.5117547 ],[2.77555756e-16 8.88178420e-16],100.0,100.0,30371326.226199973,94165.35212179986,0.5117547046248094,S:0.00 D:0.00 W:0.00 F:0.00 H:0.00,35252916.8020657,30246031.00436,107269.10440515133,91051.3618562,0.4428837852548257,14,|,|,|,|
162,91,[0.37094616 0.5117547 ],[0.37094616 0.5117547 ],[0.37094616 0.5117547 ],[2.77555756e-16 8.88178420e-16],100.0,100.0,30371326.226199973,94165.35212179986,0.5117547046248094,S:0.00 D:0.00 W:0.00 F:0.00 H:0.00,35252916.8020657,30246031.00436,107269.10440515133,91051.3618562,0.4428837852548257,14,|,|,|,|
163,82,[0.37094616 0.5117547 ],[0.37094616 0.5117547 ],[0.37094616 0.5117547 ],[2.77555756e-16 8.88178420e-16],100.0,100.0,30371326.226199973,94165.35212179986,0.5117547046248094,S:0.00 D:0.00 W:0.00 F:0.00 H:0.00,35252916.8020657,30246031.00436,107269.10440515133,91051.3618562,0.4428837852548257,14,|,|,|,|
164,87,[0.37130279 0.51137819],[0.39237655 0.5117547 ],[0.36164531 0.49518722],[0.00310404 0.00209185],100.0,100.0,30400708.152701173,94200.41550659988,0.5113781934154379,S:0.00 D:0.00 W:0.00 F:0.00 H:0.00,35242160.79931427,30246031.00436,107065.32530686562,91051.3618562,0.4423452945272248,14,|,|,|,|
165,90,[0.37249099 0.51043858],[0.46750954 0.5117547 ],[0.36164531 0.4775342 ],[0.01099552 0.00512515],100.0,100.0,30485693.00184557,94353.63026595187,0.510438580193057,S:0.00 D:0.00 W:0.00 F:0.00 H:0.00,35242869.29919998,30246031.00436,107061.19870092276,91051.3618562,0.4420643938110496,14,|,|,|,|
166,81,[0.37193036 0.51003775],[0.43061279 0.53742425],[0.34314122 0.47670572],[0.00933343 0.00655927],100.0,100.0,30478999.14841397,94187.14306164786,0.5100377531237258,S:0.00 D:0.00 W:0.00 F:0.00 H:0.00,34831079.51435199,28918262.360199954,105740.83840599457,89069.54708179994,0.44825431064450716,15,|,|,|,|
167,96,[0.37304687 0.50725259],[0.44421852 0.53742425],[0.34314122 0.45770965],[0.01500162 0.01239374],100.0,100.0,30601795.592029963,94210.03494196787,0.5072525918244196,S:0.00 D:0.00 W:0.00 F:0.00 H:0.00,34777291.25351731,28918262.360199954,105668.65228002124,89069.54708179994,0.4470294785030053,15,|,|,|,|
168,88,[0.36904293 0.50754646],[0.44228178 0.53742425],[0.34314122 0.44758675],[0.0199381  0.01768673],100.0,100.0,30493277.571411952,93192.21145928394,0.5075464560013316,S:0.00 D:0.00 W:0.00 F:0.00 H:0.00,34508940.07000497,28918262.360199954,104899.48957533241,89069.54708179994,0.45078242105655103,16,|,|,|,|
169,94,[0.35664075 0.51568763],[0.37930398 0.53742425],[0.34314122 0.50023878],[0.00859913 0.01357346],100.0,100.0,29896787.95478673,90773.65920575192,0.5156876297453123,S:0.00 D:0.00 W:0.00 F:0.00 H:0.00,34508940.07000497,28918262.360199954,104899.48957533241,89069.54708179994,0.45078242105655103,16,|,|,|,|
170,78,[0.36164531 0.50733303],[0.36164531 0.50733303],[0.36164531 0.50733303],[1.11022302e-16 7.77156117e-16],100.0,100.0,30268946.780319944,91378.90624499995,0.5073330306548641,S:0.00 D:0.00 W:0.00 F:0.00 H:0.00,34508940.07000497,28918262.360199954,104899.48957533241,89069.54708179994,0.45078242105655103,16,|,|,|,|
171,89,[0.36164531 0.50733303],[0.36164531 0.50733303],[0.36164531 0.50733303],[1.11022302e-16 7.77156117e-16],100.0,100.0,30268946.780319944,91378.90624499995,0.5073330306548641,S:0.00 D:0.00 W:0.00 F:0.00 H:0.00,34508940.07000497,28918262.360199954,104899.48957533241,89069.54708179994,0.45078242105655103,16,|,|,|,|
172,83,[0.36164531 0.50733303],[0.36164531 0.50733303],[0.36164531 0.50733303],[1.11022302e-16 7.77156117e-16],100.0,100.0,30268946.780319944,91378.90624499995,0.5073330306548641,S:0.00 D:0.00 W:0.00 F:0.00 H:0.00,34508940.07000497,28918262.360199954,104899.48957533241,89069.54708179994,0.45078242105655103,16,|,|,|,|
173,80,[0.36164531 0.50733303],[0.36164531 0.50733303],[0.36164531 0.50733303],[1.11022302e-16 7.77156117e-16],100.0,100.0,30268946.780319944,91378.90624499995,0.5073330306548641,S:0.00 D:0.00 W:0.00 F:0.00 H:0.00,34508940.07000497,28918262.360199954,104899.48957533241,89069.54708179994,0.45078242105655103,16,|,|,|,|
174,81,[0.36164531 0.50733303],[0.36164531 0.50733303],[0.36164531 0.50733303],[1.11022302e-16 7.77156117e-16],100.0,100.0,30268946.780319944,91378.90624499995,0.5073330306548641,S:0.00 D:0.00 W:0.00 F:0.00 H:0.00,34508940.07000497,28918262.360199954,104899.48957533241,89069.54708179994,0.45078242105655103,16,|,|,|,|
175,77,[0.36164531 0.50733303],[0.36164531 0.50733303],[0.36164531 0.50733303],[1.11022302e-16 7.77156117e-16],100.0,100.0,30268946.780319944,91378.90624499995,0.5073330306548641,S:0.00 D:0.00 W:0.00 F:0.00 H:0.00,34508940.07000497,28918262.360199954,104899.48957533241,89069.54708179994,0.45078242105655103,16,|,|,|,|
176,76,[0.36164531 0.50733303],[0.36164531 0.50733303],[0.36164531 0.50733303],[1.11022302e-16 7.77156117e-16],100.0,100.0,30268946.780319944,91378.90624499995,0.5073330306548641,S:0.00 D:0.00 W:0.00 F:0.00 H:0.00,34508940.07000497,28918262.360199954,104899.48957533241,89069.54708179994,0.45078242105655103,16,|,|,|,|
177,94,[0.36164531 0.50733303],[0.36164531 0.50733303],[0.36164531 0.50733303],[1.11022302e-16 7.77156117e-16],100.0,100.0,30268946.780319944,91378.90624499995,0.5073330306548641,S:0.00 D:0.00 W:0.00 F:0.00 H:0.00,34508940.07000497,28918262.360199954,104899.48957533241,89069.54708179994,0.45078242105655103,16,|,|,|,|
178,87,[0.36164531 0.50733303],[0.36164531 0.50733303],[0.36164531 0.50733303],[1.11022302e-16 7.77156117e-16],100.0,100.0,30268946.780319944,91378.90624499995,0.5073330306548641,S:0.00 D:0.00 W:0.00 F:0.00 H:0.00,34508940.07000497,28918262.360199954,104899.48957533241,89069.54708179994,0.45078242105655103,16,|,|,|,|
179,81,[0.36164531 0.50733303],[0.36164531 0.50733303],[0.36164531 0.50733303],[1.11022302e-16 7.77156117e-16],100.0,100.0,30268946.780319944,91378.90624499995,0.5073330306548641,S:0.00 D:0.00 W:0.00 F:0.00 H:0.00,34508940.07000497,28918262.360199954,104899.48957533241,89069.54708179994,0.45078242105655103,16,|,|,|,|
180,80,[0.36164531 0.50733303],[0.36164531 0.50733303],[0.36164531 0.50733303],[1.11022302e-16 7.77156117e-16],100.0,100.0,30268946.780319944,91378.90624499995,0.5073330306548641,S:0.00 D:0.00 W:0.00 F:0.00 H:0.00,34508940.07000497,28918262.360199954,104899.48957533241,89069.54708179994,0.45078242105655103,16,|,|,|,|
181,83,[0.36164531 0.50733303],[0.36164531 0.50733303],[0.36164531 0.50733303],[1.11022302e-16 7.77156117e-16],100.0,100.0,30268946.780319944,91378.90624499995,0.5073330306548641,S:0.00 D:0.00 W:0.00 F:0.00 H:0.00,34508940.07000497,28918262.360199954,104899.48957533241,89069.54708179994,0.45078242105655103,16,|,|,|,|
182,88,[0.36322284 0.50629856],[0.48589981 0.50733303],[0.36164531 0.42990858],[0.01268638 0.00799955],100.0,100.0,30358937.496373143,91646.73053527795,0.5062985553386399,S:0.00 D:0.00 W:0.00 F:0.00 H:0.00,34762307.83397598,28918262.360199954,105613.30984460792,89069.54708179994,0.4470053230997266,15,|,|,|,|
183,86,[0.36164531 0.50733303],[0.36164531 0.50733303],[0.36164531 0.50733303],[1.11022302e-16 7.77156117e-16],100.0,100.0,30268946.780319944,91378.90624499995,0.5073330306548641,S:0.00 D:0.00 W:0.00 F:0.00 H:0.00,34762307.83397598,28918262.360199954,105613.30984460792,89069.54708179994,0.4470053230997266,15,|,|,|,|
184,86,[0.36164531 0.50733303],[0.36164531 0.50733303],[0.36164531 0.50733303],[1.11022302e-16 7.77156117e-16],100.0,100.0,30268946.780319944,91378.90624499995,0.5073330306548641,S:0.00 D:0.00 W:0.00 F:0.00 H:0.00,34762307.83397598,28918262.360199954,105613.30984460792,89069.54708179994,0.4470053230997266,15,|,|,|,|
185,83,[0.36448988 0.5069854 ],[0.52299048 0.50733303],[0.35660778 0.48731625],[0.01958483 0.00222217],100.0,100.0,30426457.678316746,91875.25899281997,0.5069853960236747,S:0.00 D:0.00 W:0.00 F:0.00 H:0.00,34502678.97255248,28918262.360199954,104861.3211240074,89069.54708179994,0.4504144626531523,16,|,|,|,|
186,81,[0.36328058 0.50619343],[0.46015478 0.52402303],[0.35630329 0.43813781],[0.01244886 0.00831696],100.0,100.0,30359992.40663554,91662.84630988796,0.5061934252475594,S:0.00 D:0.00 W:0.00 F:0.00 H:0.00,34737334.60480531,28918262.360199954,105377.43715006126,89069.54708179994,0.44620081995845384,15,|,|,|,|
187,88,[0.36456585 0.50528698],[0.52344295 0.5210368 ],[0.34821988 0.42404885],[0.02033935 0.01160937],100.0,100.0,30429286.42932194,91892.39878237195,0.5052869809319135,S:0.00 D:0.00 W:0.00 F:0.00 H:0.00,34411216.44652497,28918262.360199954,104357.1909738949,89053.49833139993,0.4508780684094839,16,|,|,|,|
188,86,[0.36343905 0.50543326],[0.52344295 0.52791428],[0.33783953 0.42404885],[0.02242375 0.01279845],100.0,100.0,30326468.319819145,91809.76965542797,0.5054332645610419,S:0.00 D:0.00 W:0.00 F:0.00 H:0.00,34404260.269012466,28806963.51999994,104267.2499677949,87630.49098419993,0.4502836951559239,16,|,|,|,|
189,81,[0.35777842 0.5077222 ],[0.46015478 0.5210368 ],[0.34821988 0.43813781],[0.01618929 0.01105319],100.0,100.0,29934220.155598346,91044.2567979519,0.5077221972223322,S:0.00 D:0.00 W:0.00 F:0.00 H:0.00,34404260.269012466,28806963.51999994,104267.2499677949,87630.49098419993,0.4502836951559239,16,|,|,|,|
190,78,[0.35660778 0.50645823],[0.35660778 0.50645823],[0.35660778 0.50645823],[3.33066907e-16 2.22044605e-16],100.0,100.0,29828299.292799946,90955.8818945999,0.5064582276306187,S:0.00 D:0.00 W:0.00 F:0.00 H:0.00,34404260.269012466,28806963.51999994,104267.2499677949,87630.49098419993,0.4502836951559239,16,|,|,|,|
191,81,[0.35660778 0.50645823],[0.35660778 0.50645823],[0.35660778 0.50645823],[3.33066907e-16 2.22044605e-16],100.0,100.0,29828299.292799946,90955.8818945999,0.5064582276306187,S:0.00 D:0.00 W:0.00 F:0.00 H:0.00,34404260.269012466,28806963.51999994,104267.2499677949,87630.49098419993,0.4502836951559239,16,|,|,|,|
192,77,[0.35660778 0.50645823],[0.35660778 0.50645823],[0.35660778 0.50645823],[3.33066907e-16 2.22044605e-16],100.0,100.0,29828299.292799946,90955.8818945999,0.5064582276306187,S:0.00 D:0.00 W:0.00 F:0.00 H:0.00,34404260.269012466,28806963.51999994,104267.2499677949,87630.49098419993,0.4502836951559239,16,|,|,|,|
193,83,[0.35660778 0.50645823],[0.35660778 0.50645823],[0.35660778 0.50645823],[3.33066907e-16 2.22044605e-16],100.0,100.0,29828299.292799946,90955.8818945999,0.5064582276306187,S:0.00 D:0.00 W:0.00 F:0.00 H:0.00,34404260.269012466,28806963.51999994,104267.2499677949,87630.49098419993,0.4502836951559239,16,|,|,|,|
194,82,[0.35660778 0.50645823],[0.35660778 0.50645823],[0.35660778 0.50645823],[3.33066907e-16 2.22044605e-16],100.0,100.0,29828299.292799946,90955.8818945999,0.5064582276306187,S:0.00 D:0.00 W:0.00 F:0.00 H:0.00,34404260.269012466,28806963.51999994,104267.2499677949,87630.49098419993,0.4502836951559239,16,|,|,|,|
195,91,[0.35660778 0.50645823],[0.35660778 0.50645823],[0.35660778 0.50645823],[3.33066907e-16 2.22044605e-16],100.0,100.0,29828299.292799946,90955.8818945999,0.5064582276306187,S:0.00 D:0.00 W:0.00 F:0.00 H:0.00,34404260.269012466,28806963.51999994,104267.2499677949,87630.49098419993,0.4502836951559239,16,|,|,|,|
196,88,[0.35660778 0.50645823],[0.35660778 0.50645823],[0.35660778 0.50645823],[3.33066907e-16 2.22044605e-16],100.0,100.0,29828299.292799946,90955.8818945999,0.5064582276306187,S:0.00 D:0.00 W:0.00 F:0.00 H:0.00,34404260.269012466,28806963.51999994,104267.2499677949,87630.49098419993,0.4502836951559239,16,|,|,|,|
197,86,[0.35660778 0.50645823],[0.35660778 0.50645823],[0.35660778 0.50645823],[3.33066907e-16 2.22044605e-16],100.0,100.0,29828299.292799946,90955.8818945999,0.5064582276306187,S:0.00 D:0.00 W:0.00 F:0.00 H:0.00,34404260.269012466,28806963.51999994,104267.2499677949,87630.49098419993,0.4502836951559239,16,|,|,|,|
198,81,[0.35660778 0.50645823],[0.35660778 0.50645823],[0.35660778 0.50645823],[3.33066907e-16 2.22044605e-16],100.0,100.0,29828299.292799946,90955.8818945999,0.5064582276306187,S:0.00 D:0.00 W:0.00 F:0.00 H:0.00,34404260.269012466,28806963.51999994,104267.2499677949,87630.49098419993,0.4502836951559239,16,|,|,|,|
199,80,[0.35660778 0.50645823],[0.35660778 0.50645823],[0.35660778 0.50645823],[3.33066907e-16 2.22044605e-16],100.0,100.0,29828299.292799946,90955.8818945999,0.5064582276306187,S:0.00 D:0.00 W:0.00 F:0.00 H:0.00,34404260.269012466,28806963.51999994,104267.2499677949,87630.49098419993,0.4502836951559239,16,|,|,|,|
200,76,[0.35660778 0.50645823],[0.35660778 0.50645823],[0.35660778 0.50645823],[3.33066907e-16 2.22044605e-16],100.0,100.0,29828299.292799946,90955.8818945999,0.5064582276306187,S:0.00 D:0.00 W:0.00 F:0.00 H:0.00,34404260.269012466,28806963.51999994,104267.2499677949,87630.49098419993,0.4502836951559239,16,|,|,|,|
