name,b,d,h,PiM,M,rho_t,rho_c,PiVn,stirrup,stirrup_space,fck,fy,Cost,CO2,UnitWeight,dimension,PI_size,n_b,N_r,N_n,N_r_C,N_n_C
1,300,426,500,164.2327794,193.2150346,0.00557361,0.002270468,290.3010299,13.0,200,24,500,26040.90754,81.74010938,3.627775521,22,50,3,2,1,1,1
2,300,417,500,164.4180884,193.4330452,0.007812148,0.003334186,207.6122054,10.0,150,24,400,28095.65865,85.7503639,3.641983496,16,40,4,5,2,2,1
3,300,442,500,180.2450778,212.0530328,0.005950748,0.002635859,254.7735791,10.0,150,24,500,26107.91872,81.84613057,3.62830608,16,40,4,4,1,2,1
4,300,414,500,180.5728391,212.4386343,0.008736284,0.004009202,240.9101602,13.0,200,24,400,30968.29793,91.42904861,3.661651116,16,40,4,6,2,3,1
5,300,429,500,187.2671956,220.3143477,0.006362646,0.002915681,205.163262,10.0,200,24,500,24977.54257,79.58553029,3.620637614,22,50,3,3,1,1,1
6,300,417,500,187.3904223,220.4593203,0.006965686,0.003450077,322.2410673,10.0,100,24,500,30016.08406,89.59036247,3.655013263,16,40,4,5,2,3,1
7,300,442,500,194.336436,228.6311012,0.006326339,0.002789597,216.305972,10.0,200,27,500,25338.0074,80.29991308,3.623100639,16,40,4,4,1,2,1
8,300,401,500,194.6837018,229.0396492,0.009825461,0.004891521,168.1518031,10.0,200,24,400,29455.64503,88.38122665,3.651450936,22,50,3,4,2,2,1
9,300,426,500,195.9655095,230.5476583,0.008591076,0.003983225,417.5249295,13.0,100,24,400,36989.73827,103.4068944,3.702674808,22,50,3,3,1,2,1
10,300,429,500,197.2182293,232.0214463,0.006554451,0.002964942,252.0610081,10.0,150,27,500,26451.6847,82.51284324,3.630694553,22,50,3,3,1,1,1
11,300,417,500,198.1282512,233.0920602,0.007688411,0.003169948,204.0714713,10.0,200,27,500,26500.45892,82.5831504,3.631099337,16,40,4,5,2,2,1
12,300,464,550,200.9721294,236.4377992,0.007839906,0.003295856,270.0055902,13.0,200,24,400,32433.70652,97.36381629,4.016600831,16,40,4,6,2,3,1
13,300,429,500,203.8711724,239.8484381,0.008778524,0.003821199,184.6738457,10.0,200,27,400,28298.93565,86.10926781,3.643491748,22,50,3,3,1,2,1
14,300,401,500,205.5562342,241.8308638,0.010942596,0.004397474,267.1039402,10.0,100,27,400,33737.28916,96.88664703,3.680653046,22,50,3,4,2,2,1
15,300,417,500,211.3978321,248.7033319,0.007842723,0.003527751,249.405632,10.0,150,30,500,28313.52803,86.17829357,3.643482631,16,40,4,5,2,3,1
16,300,426,500,215.2625319,253.2500375,0.007191285,0.003209886,299.5385112,13.0,200,30,500,28580.11591,86.72751331,3.645247529,22,50,3,3,1,2,1
17,300,464,550,217.4520093,255.8258933,0.006918514,0.002815459,316.196427,13.0,200,24,500,30917.5535,94.38585368,4.006168351,16,40,4,5,2,2,1
18,400,429,500,222.0717423,261.2608733,0.005625625,0.002311106,273.551016,10.0,150,24,500,32336.64821,104.2364518,4.820807131,22,50,5,3,1,1,1
19,300,479,550,224.0221323,263.5554498,0.008191602,0.003309195,200.8596351,10.0,200,24,400,30048.69744,92.59705288,4.00041298,22,50,3,3,1,2,1
20,300,414,500,224.390167,263.9884318,0.011380249,0.005176488,300.474938,13.0,150,27,400,36869.10784,103.0766102,3.702098056,16,40,4,7,2,4,1
21,300,451,550,224.4408473,264.0480556,0.009632537,0.003856279,189.1183621,10.0,200,24,400,31388.03026,95.22771282,4.009628779,22,50,3,4,2,2,1
22,300,479,550,224.8566907,264.5372832,0.00621956,0.00282877,276.1007791,10.0,150,24,500,28646.2284,89.87690534,3.990669074,22,50,3,3,1,2,1
23,300,464,550,225.0222133,264.7320156,0.006927428,0.00285372,552.32142,13.0,100,27,500,38158.02256,108.7930685,4.055485058,16,40,4,5,2,2,1
24,300,414,500,226.8174437,266.8440514,0.010662288,0.00528034,249.8874308,13.0,200,30,400,34053.6486,97.48916176,3.682881069,16,40,4,7,2,4,1
25,300,414,500,227.9296617,268.1525431,0.009053778,0.003692607,291.1008067,13.0,200,30,500,30969.16508,91.43075183,3.661657083,16,40,4,6,2,3,1
26,400,417,500,232.0537646,273.0044289,0.008622082,0.003503586,233.1481359,10.0,150,24,400,37798.47209,114.9728292,4.858366271,16,40,6,7,2,3,1
27,300,401,500,232.8970735,273.996557,0.012203685,0.005252794,176.8471786,10.0,200,30,400,32016.33765,93.41082903,3.669070775,22,50,3,4,2,2,1
28,300,479,550,234.2388024,275.5750617,0.006341518,0.002819492,281.438748,10.0,150,27,500,28772.04176,90.12402253,3.991534782,22,50,3,3,1,2,1
29,400,442,500,240.8401248,283.3413232,0.005900186,0.00269616,238.4471922,10.0,200,24,500,32371.48734,104.2740771,4.82113044,16,40,6,5,1,3,1
30,300,464,550,241.0911079,283.6365975,0.009589312,0.004709823,270.0055902,13.0,200,24,400,35855.15981,104.0840878,4.040143468,16,40,4,7,2,4,1
31,300,501,600,241.7632621,284.4273672,0.00783375,0.003509491,186.4758523,10.0,250,24,400,31099.59905,97.68986037,4.352585961,22,50,3,4,2,2,1
32,300,467,550,246.029017,289.4459024,0.009567686,0.00444847,201.031902,10.0,200,27,400,32711.77522,97.83412904,4.018720027,16,40,4,7,2,3,1
33,300,517,600,249.0169553,292.9611239,0.006143798,0.002857756,399.5171026,10.0,100,24,500,34372.77212,104.2654714,4.374710547,16,40,4,5,2,3,1
34,300,529,600,249.1935135,293.1688394,0.00569403,0.002454304,221.8261941,10.0,250,24,500,27900.3131,91.40596042,4.330572033,22,50,3,3,1,1,1
35,300,464,550,250.8647495,295.1349994,0.007418763,0.003434406,403.2426369,13.0,150,30,500,34524.5401,101.532474,4.030819572,16,40,4,5,2,3,1
36,400,414,500,252.602415,297.1793118,0.009146211,0.003887856,272.4138589,13.0,200,27,400,40481.50984,120.2847895,4.876713845,16,40,6,8,2,4,1
37,400,417,500,255.7723524,300.9086499,0.00991297,0.004003342,233.1481359,10.0,150,24,400,40119.21205,119.5311268,4.874335023,16,40,6,8,2,4,1
38,300,517,600,257.214393,302.6051682,0.008061401,0.003990771,338.6094751,10.0,100,24,400,38049.15386,111.4864624,4.400007318,16,40,4,7,2,3,1
39,300,448,550,257.4639611,302.8987778,0.010725587,0.004860794,265.6875579,13.0,200,27,400,36249.33646,104.8475418,4.042884979,22,50,3,4,2,2,1
40,300,467,550,258.3384289,303.9275635,0.007902223,0.003762647,366.083326,10.0,100,27,500,34406.32803,101.2724357,4.030081741,16,40,4,6,2,3,1
41,300,448,550,259.7222821,305.5556259,0.008486982,0.003487846,315.0076362,13.0,200,30,500,32477.83384,97.43971843,4.016933692,22,50,3,4,2,2,1
42,400,442,500,260.1323765,306.03809,0.006659641,0.002909698,368.6269378,10.0,100,24,500,38270.50112,115.9785719,4.861400963,16,40,6,6,1,3,1
43,400,429,500,260.8269199,306.8551999,0.008783953,0.003765053,239.8574348,10.0,150,24,400,38486.34077,116.3154135,4.863122477,22,50,5,4,1,2,1
44,300,467,550,261.2517807,307.3550361,0.009992803,0.004613959,242.6322898,10.0,150,30,400,34772.73105,101.9188162,4.032801795,16,40,4,7,2,4,1
45,400,442,500,261.7496344,307.9407464,0.006563504,0.002712042,245.0147141,10.0,200,27,500,33304.52922,106.1067179,4.827550597,16,40,6,6,1,3,1
46,300,451,550,262.4166729,308.7254975,0.010678815,0.004570161,234.3194062,10.0,150,30,400,34574.28453,101.5205384,4.031459365,22,50,3,4,2,2,1
47,400,414,500,265.0454454,311.818171,0.010157992,0.004507404,321.213547,13.0,150,24,400,45150.69849,129.5222292,4.908661782,16,40,6,9,2,4,1
48,300,479,550,267.0601916,314.1884607,0.007313073,0.003240662,239.4618095,10.0,200,30,500,28991.25567,90.52007119,3.993136842,22,50,3,3,1,2,1
49,300,467,550,270.4454971,318.1711731,0.011213767,0.004847616,201.031902,10.0,200,27,400,34938.16057,102.2070994,4.034039535,16,40,4,8,2,4,1
50,400,429,500,271.3803731,319.2710271,0.007172103,0.003261267,231.4340395,10.0,200,24,500,34226.90934,107.912044,4.833914685,22,50,5,4,1,2,1
51,300,448,550,274.9429329,323.462274,0.011420966,0.005623467,325.1516237,13.0,150,27,400,40029.51696,112.3307518,4.06873767,22,50,3,5,2,2,1
52,400,417,500,275.8854093,324.5710698,0.009909688,0.00417201,212.4534635,10.0,200,30,400,38812.76622,116.9257603,4.865452159,16,40,6,8,2,4,1
53,400,417,500,276.1510547,324.8835938,0.007657387,0.003780389,231.1564158,10.0,200,27,500,35386.14755,110.1953432,4.84187398,16,40,6,7,2,4,1
54,400,429,500,276.6676999,325.4914116,0.008605895,0.004180342,246.2317943,10.0,150,27,400,38802.65019,116.9366949,4.865298966,22,50,5,4,1,2,1
55,300,467,550,277.2222445,326.143817,0.008708224,0.003702653,233.4627662,10.0,200,30,500,30964.30467,94.40182251,4.006695878,16,40,4,6,2,3,1
56,300,514,600,278.2109582,327.3070096,0.008675219,0.004172094,509.5022191,13.0,100,27,400,45213.64035,125.7213483,4.448863843,16,40,4,7,2,4,1
57,300,517,600,278.9318184,328.1550805,0.007143787,0.002956043,253.009474,10.0,200,27,500,31133.95514,97.78602084,4.352744541,16,40,4,6,2,3,1
58,500,429,500,279.3931428,328.697815,0.005730077,0.002295168,257.704817,10.0,200,24,500,38307.69583,126.0866545,6.011627334,22,50,7,4,1,2,1
59,300,464,550,280.1771523,329.6201791,0.011266047,0.004950426,280.0670721,13.0,200,30,400,37928.92207,108.1572825,4.054412793,16,40,4,8,2,4,1
60,400,417,500,281.6900781,331.4000919,0.01070744,0.004469277,206.5930883,10.0,200,27,400,40231.95023,119.7132605,4.875217406,16,40,6,9,2,4,1
61,300,567,650,281.8401694,331.5766699,0.005695372,0.002764224,438.1551203,10.0,100,24,500,36522.14697,111.5461258,4.734359855,16,40,4,5,2,3,1
62,300,529,600,282.2315359,332.037101,0.006331035,0.002887506,310.8164879,10.0,150,27,500,31521.72497,98.57846579,4.355329156,22,50,3,3,1,2,1
63,500,417,500,283.920067,334.0236083,0.008355459,0.003404635,225.9329631,10.0,200,24,400,44230.79684,137.7269282,6.052366235,16,40,8,9,2,4,1
64,300,517,600,284.6694949,334.9052881,0.006968285,0.00303625,258.4587798,10.0,200,30,500,31019.11299,97.56045281,4.351954325,16,40,4,6,2,3,1
65,300,501,600,284.9056801,335.1831531,0.009681804,0.004028943,333.7134016,10.0,100,27,400,39043.36139,113.4264955,4.406882936,22,50,3,4,2,2,1
66,300,467,550,285.8210225,336.2600265,0.009038672,0.003885872,371.0056196,10.0,100,30,500,35777.57999,103.9657899,4.039517172,16,40,4,7,2,3,1
67,500,426,500,286.4451243,336.9942639,0.005668543,0.002605209,554.5149941,13.0,100,24,500,50364.31849,150.0711221,6.093764431,22,50,7,3,1,2,1
68,400,429,500,287.9081292,338.7154462,0.007487541,0.003339889,279.9253755,10.0,150,27,500,36190.90897,111.8068251,4.847327867,22,50,5,4,1,2,1
69,400,429,500,289.7589581,340.8928918,0.007053527,0.003351395,243.8374181,10.0,200,30,500,34188.97831,107.8375415,4.833653686,22,50,5,3,1,2,1
70,400,414,500,291.7073448,343.1851115,0.010404738,0.004811929,333.183241,13.0,150,30,400,45860.0271,130.915462,4.913542592,16,40,6,9,2,4,1
71,400,417,500,292.5623794,344.1910346,0.00816134,0.003785387,359.8334288,10.0,100,30,500,40608.14462,120.5700708,4.877486026,16,40,6,7,2,4,1
72,300,567,650,293.4689751,345.2576177,0.008189651,0.003380529,282.2928548,10.0,150,24,400,37386.23628,113.1594182,4.740533255,16,40,4,7,2,3,1
73,300,448,550,293.639439,345.4581636,0.012694495,0.005374785,270.4095869,13.0,200,30,400,38842.1972,109.9403274,4.060726163,22,50,3,5,2,2,1
74,400,479,550,295.1286585,347.2101865,0.005902956,0.002897311,305.4334188,10.0,150,24,500,36866.6144,117.2019875,5.311819077,22,50,5,3,1,2,1
75,400,467,550,300.031225,352.9779118,0.008747847,0.004200761,224.4254537,10.0,200,24,400,41264.72161,125.807101,5.342172752,16,40,6,8,2,4,1
76,300,498,600,300.2507762,353.2362073,0.008265908,0.003366159,427.5415476,13.0,150,27,500,37627.79703,110.6743597,4.397065928,22,50,3,4,2,2,1
77,400,476,550,301.545756,354.7597129,0.007696297,0.003807324,306.1374213,13.0,200,24,400,42433.16232,128.1781829,5.35000622,22,50,5,4,1,2,1
78,400,401,500,302.6823469,356.0968786,0.012003444,0.00487851,298.7851709,10.0,100,30,400,45671.64034,130.5028249,4.91236196,22,50,5,6,2,3,1
79,300,501,600,304.7484695,358.5276112,0.007731384,0.003553581,220.9487194,10.0,250,30,500,31031.54232,97.55618626,4.352117671,22,50,3,4,2,2,1
80,400,467,550,305.0948819,358.9351551,0.009002388,0.004267767,224.4254537,10.0,200,24,400,41731.42729,126.7237842,5.345384101,16,40,6,9,2,4,1
81,400,464,550,306.2894492,360.3405284,0.006963769,0.003443717,344.610508,13.0,200,24,500,40840.15332,125.0600339,5.339015677,16,40,6,7,2,4,1
82,300,567,650,306.9308492,361.0951167,0.008759619,0.003544164,282.2928548,10.0,150,24,400,38355.82262,115.063838,4.747204871,16,40,4,8,2,3,1
83,400,429,500,308.8056976,363.3008207,0.009974749,0.004455736,218.5672322,10.0,200,30,400,39556.38939,118.3799796,4.870586241,22,50,5,5,1,2,1
84,500,414,500,310.0089522,364.7164144,0.00882758,0.003841674,299.3039476,13.0,200,27,400,49129.46843,147.441037,6.085822862,16,40,8,9,2,4,1
85,300,542,650,312.1250469,367.2059375,0.009958802,0.00412065,269.8460799,10.0,150,24,400,39882.20307,118.0618889,4.757707723,16,40,4,9,3,4,1
86,300,517,600,312.9167409,368.1373422,0.010497752,0.004704041,263.1607453,10.0,150,27,400,38803.26077,112.8890431,4.405409531,16,40,4,8,2,4,1
87,400,417,500,313.1331197,368.3919055,0.011972746,0.004912065,245.2045669,10.0,150,30,400,43966.49282,127.0877903,4.900807731,16,40,6,10,2,4,1
88,400,479,550,313.4384971,368.751173,0.006770582,0.002886375,305.4334188,10.0,150,24,500,38141.99585,119.707037,5.320594834,22,50,5,4,1,2,1
89,400,429,500,317.8328551,373.921006,0.010687656,0.005056732,212.5382131,10.0,200,27,400,41308.25964,121.8209279,4.882640664,22,50,5,5,1,3,1
90,400,492,550,318.075224,374.2061459,0.006628505,0.002983186,313.7228435,10.0,150,24,500,38791.77784,120.9918085,5.325042853,16,40,6,6,1,3,1
91,300,579,650,318.8018621,375.0610143,0.006231082,0.002845008,242.7927531,10.0,250,24,500,31548.7601,101.621468,4.700562229,22,50,3,3,1,2,1
92,300,548,650,319.7629309,376.1916834,0.006996663,0.003338744,318.8859126,13.0,250,24,500,35054.0164,108.5723051,4.724502517,22,50,3,4,2,2,1
93,400,479,550,320.4027774,376.944444,0.00895168,0.003742103,230.1922748,10.0,200,24,400,41121.67163,125.5197551,5.341205735,22,50,5,5,1,2,1
94,300,529,600,321.6222161,378.3790777,0.007316046,0.003298134,316.3922766,10.0,150,30,500,33242.6851,101.9587017,4.36717089,22,50,3,3,1,2,1
95,500,417,500,321.7794325,378.5640382,0.00952379,0.004432823,225.9329631,10.0,200,24,400,47789.25718,144.7163031,6.076851602,16,40,8,10,2,5,1
96,300,548,650,322.7115863,379.6606897,0.008965845,0.004412034,318.8859126,13.0,200,24,400,40503.356,119.3160543,4.761889215,22,50,3,4,2,2,1
97,400,467,550,323.8412897,380.9897525,0.010087639,0.004392572,224.4254537,10.0,200,24,400,43487.7461,130.1734701,5.357469134,16,40,6,10,2,4,1
98,500,417,500,327.2202396,384.9649878,0.009561776,0.004094701,331.931343,10.0,100,27,400,52481.9373,154.0673023,6.108778244,16,40,8,10,2,5,1
99,400,429,500,327.6537819,385.4750375,0.008306068,0.00405185,243.8374181,10.0,200,30,500,36792.97113,112.9521923,4.851571469,22,50,5,4,1,2,1
100,300,498,600,327.8132524,385.6626499,0.010754556,0.005164702,300.5892283,13.0,200,30,400,40173.31836,115.6113334,4.414751861,22,50,3,5,2,3,1
101,400,489,550,330.1174931,388.3735213,0.006475804,0.003204609,451.5763748,13.0,150,27,500,43287.59819,129.9381078,5.355663866,16,40,6,6,1,3,1
102,300,551,650,331.0223682,389.4380803,0.007325517,0.003069666,323.7426935,10.0,150,27,500,35116.74997,108.6932931,4.724940232,22,50,3,4,2,2,1
103,300,614,700,331.1897721,389.635026,0.006072169,0.002497759,357.2918801,13.0,250,24,500,36067.46546,113.6252773,5.076326274,16,40,4,6,2,3,1
104,300,564,650,332.3071963,390.9496427,0.007312888,0.003258399,328.1964501,13.0,250,24,500,36083.01535,110.6020373,4.731559563,16,40,4,7,2,3,1
105,300,564,650,334.0534421,393.0040496,0.008778178,0.004348392,409.3426691,13.0,150,27,400,43832.48231,125.9366599,4.784574929,16,40,4,8,2,4,1
106,300,514,600,334.3910042,393.4011815,0.008319482,0.004082726,361.4150112,13.0,200,30,500,36969.92575,109.3301382,4.392680449,16,40,4,7,2,4,1
107,500,439,500,334.8079096,393.8916584,0.006985782,0.003033247,352.9262814,13.0,200,24,500,45839.97057,140.9799467,6.063188196,16,40,8,7,1,4,1
108,500,442,500,338.2683381,397.9627506,0.007191223,0.002921147,395.6937995,10.0,100,24,500,47722.48866,144.7189978,6.076029011,16,40,8,8,1,3,1
109,400,467,550,338.4065078,398.1253033,0.009877807,0.004742942,268.042536,10.0,150,27,400,45315.27668,133.8049845,5.369930319,16,40,6,9,2,5,1
110,400,529,600,338.5369984,398.2788216,0.005945134,0.002436733,285.3813681,10.0,200,24,500,37913.19619,123.2831209,5.778977537,22,50,5,4,1,2,1
111,500,426,500,339.987029,399.98474,0.006871443,0.003171996,350.3873909,13.0,200,27,500,44957.58046,139.2360232,6.057145794,22,50,7,4,1,2,1
112,500,442,500,340.2069605,400.243483,0.006760965,0.002988027,273.7234563,10.0,200,27,500,41919.59052,133.1873561,6.036463083,16,40,8,7,1,3,1
113,300,589,700,341.3412957,401.5779949,0.008963351,0.003814882,342.7441651,13.0,200,24,400,43096.35638,127.4763601,5.124568535,16,40,4,9,3,4,1
114,400,467,550,342.6468156,403.1139007,0.00822888,0.003395082,258.8730124,10.0,200,27,500,39342.08406,122.030739,5.328943298,16,40,6,8,2,4,1
115,300,551,650,343.4537857,404.0632773,0.010045721,0.004593925,205.0862167,10.0,250,24,400,38102.10856,114.4932734,4.745655086,22,50,3,5,2,2,1
116,400,464,550,343.6040302,404.2400355,0.007520476,0.003697816,358.0258173,13.0,200,30,500,42009.4264,127.3566698,5.347061314,16,40,6,7,2,4,1
117,300,598,700,343.7846391,404.4525165,0.008439578,0.00339027,427.3552517,13.0,150,24,400,44404.19242,130.1061901,5.133401994,22,50,3,4,2,2,1
118,400,479,550,343.8068524,404.4786499,0.009110181,0.004147165,237.3095666,10.0,200,27,400,41960.66787,127.1676755,5.346978774,22,50,5,5,1,2,1
119,500,429,500,344.7410655,405.5777241,0.009014499,0.004442243,232.4346311,10.0,200,24,400,47360.18021,143.8671552,6.073916465,22,50,7,5,1,3,1
120,300,567,650,344.7788484,405.6221745,0.007296679,0.003360125,333.1435702,10.0,150,27,500,36179.04857,110.788312,4.732226732,16,40,4,6,2,3,1
121,300,614,700,345.034221,405.922613,0.008192436,0.003501946,275.7942543,13.0,300,24,400,39372.30791,120.0863484,5.099148358,16,40,4,8,2,4,1
122,400,448,550,345.7634081,406.7804801,0.010650755,0.005044602,473.1782088,13.0,100,27,400,55083.19103,153.2267785,5.436501661,22,50,5,6,2,3,1
123,400,514,600,347.249908,408.5293035,0.006485688,0.003094988,330.5769634,13.0,250,24,500,41507.13901,130.3956734,5.803561927,16,40,6,7,2,4,1
124,500,442,500,347.921122,409.318967,0.007107812,0.002968901,317.1167048,10.0,150,27,500,44208.65039,137.728042,6.052092793,16,40,8,8,1,3,1
125,500,414,500,349.0153567,410.606302,0.008143532,0.003616065,546.5842032,13.0,100,27,500,56418.75243,161.9845226,6.135365861,16,40,8,9,2,4,1
126,300,542,650,349.0715347,410.6723938,0.010621704,0.004486681,239.0303512,10.0,200,30,400,39558.61034,117.3843446,4.755594967,16,40,4,9,3,4,1
127,500,417,500,349.8602683,411.6003156,0.010565075,0.004466428,266.4291362,10.0,150,27,400,51256.93319,151.5719761,6.100591238,16,40,8,11,2,5,1
128,300,626,700,350.0182901,411.7862237,0.005706948,0.002687688,322.7295767,13.0,300,24,500,34606.56223,110.7184951,5.066375279,22,50,3,3,1,2,1
129,300,542,650,351.5432971,413.5803495,0.010723712,0.005111162,233.3175394,10.0,200,27,400,40476.45779,119.1871411,4.761910573,16,40,4,9,3,5,2
130,500,492,550,352.4703085,414.6709511,0.005620226,0.002548016,343.8515674,10.0,150,24,500,44929.18564,144.2255944,6.631860117,16,40,8,7,1,3,1
131,400,479,550,353.7917308,416.2255657,0.007746031,0.003185187,406.6021407,10.0,100,27,500,43121.71767,129.5676583,5.354643573,22,50,5,4,1,2,1
132,300,617,700,357.8593599,421.0110116,0.006439876,0.002693212,301.9474767,10.0,200,27,500,35114.36913,111.7061352,5.069895959,16,40,4,6,2,3,1
133,300,567,650,359.8535957,423.3571714,0.007836109,0.0034424,277.4784754,10.0,200,27,500,35377.19223,109.1713829,4.726823098,16,40,4,7,2,3,1
134,500,417,500,360.1054029,423.6534152,0.01021784,0.004680197,339.256812,10.0,100,30,400,54493.3217,158.017977,6.122618355,16,40,8,11,2,5,1
135,300,551,650,360.5568942,424.1845814,0.007612192,0.003572559,275.456069,10.0,200,30,500,34589.51319,107.6178843,4.72142046,22,50,3,4,2,2,1
136,300,601,700,362.2535904,426.1806946,0.00702041,0.002832563,346.4228983,10.0,150,24,500,37179.73536,115.798954,5.084009516,22,50,3,4,2,2,1
137,500,426,500,363.3811862,427.5072778,0.007560995,0.003106166,357.8709636,13.0,200,30,500,45989.84495,141.2635527,6.064248691,22,50,7,4,1,2,1
138,300,598,700,363.5263896,427.6781054,0.006381684,0.003090157,414.1758775,13.0,200,27,500,38338.74648,118.1208965,5.091861181,22,50,3,4,2,2,1
139,500,479,550,366.3259229,430.971674,0.006302865,0.002530273,287.7403434,10.0,200,24,500,43678.28919,141.7149957,6.623398393,22,50,7,4,1,2,1
140,400,467,550,366.9541728,431.7107915,0.011261913,0.005166444,231.3644418,10.0,200,27,400,46315.3545,135.727337,5.376925591,16,40,6,11,2,5,1
141,400,514,600,368.0527585,433.0032453,0.007190628,0.003190234,330.5769634,13.0,250,24,500,42785.44525,132.9064676,5.812357809,16,40,6,8,2,4,1
142,300,551,650,368.6363726,433.6898501,0.010568573,0.004842512,280.4672546,10.0,150,27,400,41559.07992,121.3470406,4.769269183,22,50,3,5,2,3,1
143,400,567,650,368.9736975,434.0867029,0.005765996,0.00251851,361.5464477,10.0,150,24,500,42715.50064,136.8345579,6.271725064,16,40,6,7,2,3,1
144,400,464,550,370.5218707,435.9080832,0.00845003,0.004016057,435.0105452,13.0,150,30,500,46552.68457,136.3512502,5.37813056,16,40,6,8,2,4,1
145,400,514,600,370.6335303,436.0394474,0.006881062,0.003172626,389.3826055,13.0,200,27,500,44013.25401,135.3633142,5.820683474,16,40,6,7,2,4,1
146,500,464,550,372.278731,437.9749776,0.008926298,0.003974685,326.8337522,13.0,200,24,400,54529.16913,163.1320466,6.69777929,16,40,8,10,2,5,1
147,300,542,650,374.5835852,440.6865709,0.011431804,0.005195384,213.4892029,10.0,250,30,400,40503.34021,119.214768,4.762163857,16,40,4,10,3,5,2
148,300,667,750,376.4755043,442.912358,0.005664248,0.002714909,515.4311556,10.0,100,24,500,42002.09038,128.4274846,5.461786133,16,40,4,6,2,3,1
149,400,479,550,377.5659903,444.1952827,0.009594136,0.004765942,244.0412686,10.0,200,30,400,43602.33848,130.3921743,5.358274925,22,50,5,5,1,3,1
150,500,429,500,378.1546735,444.8878511,0.007710466,0.003808433,392.0236959,10.0,100,27,500,49062.74713,147.3387294,6.085285767,22,50,7,5,1,3,1
151,500,492,550,378.2089581,444.9517154,0.006329917,0.002675801,295.5495803,10.0,200,24,500,44700.89472,143.7299268,6.630417533,16,40,8,8,1,3,1
152,300,551,650,378.5576325,445.3619206,0.010491623,0.004816334,286.2749287,10.0,150,30,400,41426.62354,121.0868755,4.768357766,22,50,3,5,2,3,1
153,400,529,600,380.880621,448.0948482,0.008834078,0.003734344,229.2921582,10.0,250,24,400,43809.98469,134.8398463,5.819621852,22,50,5,5,1,2,1
154,400,464,550,381.4247177,448.734962,0.008948501,0.004045604,358.0258173,13.0,200,30,500,44570.34799,132.386722,5.364682729,16,40,6,9,2,4,1
155,400,517,600,381.5216746,448.849029,0.00950437,0.004523212,224.0908238,10.0,250,24,400,45883.15578,138.9169785,5.833873275,16,40,6,10,2,5,1
156,300,567,650,381.9103128,449.3062503,0.008389022,0.003412009,339.1198881,10.0,150,30,500,37691.34784,113.7587052,4.742632694,16,40,4,7,2,3,1
157,300,651,750,382.2653297,449.7239173,0.006144733,0.002556765,247.4198878,10.0,300,24,500,34698.07169,113.8879226,5.41205257,22,50,3,4,2,2,1
158,300,601,700,384.1908742,451.9892638,0.007036226,0.002859301,241.4490454,10.0,300,30,500,33951.15165,109.3725317,5.062024573,22,50,3,4,2,2,1
159,500,479,550,385.9115397,454.0135762,0.008396681,0.003614483,259.5249144,10.0,200,24,400,49592.32437,153.3310894,6.664092206,22,50,7,5,1,3,1
160,400,479,550,386.3140998,454.4871762,0.008402284,0.003457664,272.2566976,10.0,200,30,500,39880.31654,123.0815388,5.332664109,22,50,5,4,1,2,1
161,500,439,500,386.4182836,454.6097454,0.007957828,0.003299849,368.7919085,13.0,200,30,500,47952.50391,145.1292939,6.077724301,16,40,8,8,1,4,1
162,500,464,550,387.8299779,456.2705622,0.007260504,0.003362316,603.9787729,13.0,100,24,500,59695.80299,173.5197775,6.732680038,16,40,8,9,2,4,1
163,500,414,500,391.7574762,460.8911485,0.011201048,0.005583244,471.4302192,13.0,100,30,400,64500.42154,177.8581897,6.190974921,16,40,8,12,2,6,1
164,500,429,500,392.1486732,461.3513803,0.008035064,0.003653975,315.3260168,10.0,150,30,500,46058.11225,141.3521778,6.064841791,22,50,7,5,1,2,1
165,400,526,600,394.0923746,463.6380878,0.008951301,0.003659225,304.2200511,13.0,250,27,400,46484.25957,140.162903,5.837832317,22,50,5,5,1,2,1
166,300,642,750,395.1444796,464.8758584,0.009000005,0.003755509,420.4783037,10.0,100,24,400,48063.02015,140.3321023,5.503490712,16,40,4,9,3,4,1
167,400,451,550,395.5602178,465.3649622,0.012214509,0.005858512,229.7758082,10.0,200,30,400,47557.12918,138.1600042,5.385487397,22,50,5,6,2,3,1
168,400,479,550,396.0894922,465.9876379,0.008754538,0.003526937,272.2566976,10.0,200,30,500,40507.85626,124.3141253,5.33698214,22,50,5,5,1,2,1
169,500,467,550,398.3194319,468.6110963,0.009572547,0.004538719,289.7013407,10.0,150,24,400,54918.24532,163.8456761,6.700593718,16,40,8,11,2,6,1
170,500,429,500,400.2548923,470.8881086,0.010601265,0.005250948,240.4025805,10.0,200,27,400,51352.62874,151.708951,6.101388057,22,50,7,6,1,3,1
171,300,601,700,401.1003599,471.8827763,0.009656006,0.004278172,211.5131445,10.0,300,27,400,39609.02287,120.4854792,5.100955752,22,50,3,5,2,3,1
172,500,467,550,402.3304995,473.3299994,0.009596689,0.004106075,261.6969815,10.0,200,27,400,52348.04028,158.7501214,6.683036685,16,40,8,11,2,5,1
173,400,517,600,402.3449538,473.3470044,0.00758023,0.003243037,263.4015363,10.0,250,30,500,40734.34744,128.8039105,5.798444902,16,40,6,8,2,4,1
174,400,567,650,402.5888684,473.6339629,0.006506593,0.002789908,305.8813529,10.0,200,24,500,42669.81312,136.6975521,6.271538954,16,40,6,8,2,4,1
175,400,567,650,403.2434507,474.4040596,0.008530656,0.003526478,245.7630505,10.0,250,24,400,46437.26313,144.0690544,6.297539312,16,40,6,10,2,4,1
176,400,529,600,406.2587098,477.9514233,0.007129464,0.003132842,262.0809201,10.0,250,27,500,40018.42749,127.3926327,5.793532572,22,50,5,4,1,2,1
177,300,592,700,406.466256,478.1955953,0.01064893,0.004877302,226.9439548,10.0,250,27,400,42368.58818,125.9277927,5.119884061,16,40,4,10,3,5,2
178,400,576,650,406.5063654,478.2427828,0.005968388,0.002618519,370.4520056,13.0,250,24,500,43257.59883,137.8933543,6.275471379,22,50,5,4,1,2,1
179,300,601,700,407.7387285,479.6926217,0.010153961,0.004757219,204.8156094,10.0,300,24,400,40977.73415,123.173843,5.110373701,22,50,3,5,2,3,1
180,300,548,650,409.2399706,481.458789,0.011533579,0.005562631,403.5061644,13.0,150,30,400,47857.97757,133.8290035,4.812312879,22,50,3,6,2,3,1
181,500,476,550,409.6104262,481.894619,0.006642576,0.003156705,470.4883839,13.0,150,27,500,51930.16862,158.092724,6.679718066,22,50,7,4,1,2,1
182,400,514,600,410.2403656,482.6357242,0.009881966,0.00490987,542.8874984,13.0,100,27,400,60334.86965,167.6477174,5.932376935,16,40,6,10,2,5,1
183,400,501,600,410.569691,483.0231659,0.010201881,0.00497017,287.5574101,10.0,150,27,400,49400.92233,145.8893073,5.857908003,22,50,5,6,2,3,1
184,500,464,550,410.8053448,483.3004056,0.009688644,0.003893663,405.1906712,13.0,150,30,400,58848.46477,171.695705,6.727283119,16,40,8,11,2,5,1
185,500,476,550,411.7795842,484.4465697,0.006995317,0.003347779,619.5989136,13.0,100,24,500,58840.19757,171.8176925,6.726851165,22,50,7,5,1,2,1
186,500,514,600,413.3245897,486.2642232,0.008139095,0.003414339,362.0529066,13.0,200,24,400,56865.25321,172.805632,7.288655314,16,40,8,11,2,5,1
187,500,489,550,413.43179,486.3903412,0.006709336,0.003046712,483.3378565,13.0,150,27,500,52898.65321,160.0093409,6.686343132,16,40,8,8,1,4,1
188,500,417,500,415.4879558,488.8093598,0.012512893,0.005769048,241.0035018,10.0,200,30,400,54796.48198,158.4795928,6.125067532,16,40,8,13,2,6,1
189,300,714,800,415.9428662,489.3445484,0.005702817,0.002322837,415.4827401,13.0,250,24,500,40392.82201,128.2285215,5.795835984,16,40,4,6,2,3,1
190,500,464,550,416.1129059,489.5445952,0.007769743,0.003455463,612.5967881,13.0,100,27,500,60781.68694,175.6526241,6.740151883,16,40,8,9,2,4,1
191,300,617,700,416.600876,490.1186777,0.007629615,0.003154286,272.1065068,10.0,250,30,500,36452.82994,114.3083147,5.079178391,16,40,4,7,2,3,1
192,500,479,550,416.7081396,490.2448701,0.006885086,0.003130559,437.7141034,10.0,100,27,500,51119.404,156.4659455,6.674232382,22,50,7,5,1,2,1
193,400,514,600,417.0875582,490.6912449,0.009845388,0.004684218,413.6622847,13.0,150,30,400,54081.04385,155.21343,5.889754226,16,40,6,10,2,5,1
194,400,567,650,417.1070631,490.7141919,0.006693358,0.002698225,369.9713005,10.0,150,27,500,44666.43268,140.6664948,6.285149209,16,40,6,8,2,3,1
195,300,567,650,418.6761757,492.5602068,0.009000629,0.004304249,250.0557364,10.0,250,30,500,37081.26884,112.4932825,4.738616967,16,40,4,8,2,4,1
196,500,526,600,420.9826182,495.2736685,0.005875167,0.002473313,684.6828331,13.0,100,24,500,59815.27526,178.8315112,7.308325724,22,50,7,4,1,2,1
197,500,514,600,423.5144311,498.2522719,0.007913211,0.003929768,362.0529066,13.0,200,24,400,57443.44159,173.9412847,7.292633763,16,40,8,10,2,5,1
198,400,501,600,424.9045753,499.8877357,0.010142327,0.005037866,294.5982926,10.0,150,30,400,49413.60052,145.9142092,5.857995241,22,50,5,6,2,3,1
199,400,517,600,425.3924195,500.46167,0.008247305,0.003799945,337.3459654,10.0,150,27,500,45463.17662,138.1634541,5.830789758,16,40,6,9,2,4,1
200,500,539,600,427.0098536,502.3645336,0.005656497,0.002678711,379.6624837,13.0,250,24,500,49289.50299,157.8750462,7.236664787,16,40,8,8,1,4,1
201,500,429,500,428.3695953,503.9642298,0.011557936,0.005240826,281.6324356,10.0,150,30,400,54574.30895,158.0793253,6.123440787,22,50,7,7,1,3,1
202,500,464,550,430.6156797,506.606682,0.007602895,0.003669439,620.7479095,13.0,100,30,500,60866.64316,175.8194914,6.740736458,16,40,8,9,2,5,1
203,300,692,800,430.6682828,506.668568,0.008273168,0.003653855,257.5674446,10.0,250,24,400,43075.27182,133.4146001,5.814517953,16,40,4,9,3,4,1
204,300,667,750,431.0719212,507.1434367,0.006849015,0.003148586,318.98344,10.0,200,24,500,39031.22523,122.4504338,5.441728724,16,40,4,7,2,4,1
205,400,517,600,433.8460274,510.4070911,0.010631538,0.00476972,263.4015363,10.0,200,30,400,49126.21173,145.3136173,5.856115747,16,40,6,11,2,5,1
206,400,517,600,433.8707575,510.4361852,0.00822449,0.003726076,293.85535,10.0,200,30,500,43581.51539,134.4229631,5.817963313,16,40,6,9,2,4,1
207,300,717,800,434.2061839,510.8308046,0.005847191,0.002644675,342.8952421,10.0,200,24,500,39188.13865,125.8096145,5.787689745,16,40,4,7,2,3,1
208,300,639,750,434.8318475,511.5668794,0.009329496,0.004549658,633.4084008,13.0,100,27,400,57219.80869,158.513164,5.56596655,16,40,4,10,3,5,2
209,400,514,600,435.4361687,512.2778456,0.011398505,0.00478076,406.4387047,13.0,150,27,400,56716.39307,160.3896697,5.907887769,16,40,6,12,2,5,1
210,500,467,550,436.2344799,513.2170352,0.010504028,0.004240034,269.9008042,10.0,200,30,400,54237.26337,162.4608522,6.696036218,16,40,8,12,2,5,1
211,300,598,700,437.3001813,514.4708015,0.010295012,0.00476135,599.0702387,13.0,100,30,400,54458.81103,149.9986508,5.202197018,22,50,3,5,2,3,1
212,400,579,650,438.2939218,515.639908,0.008269939,0.003842834,414.6727781,10.0,100,24,400,53078.46152,157.2708305,6.342809503,22,50,5,5,1,3,1
213,500,514,600,439.353023,516.8859094,0.006479823,0.002891497,508.0483809,13.0,150,27,500,55772.58177,170.7438252,7.280907826,16,40,8,9,2,4,1
214,500,529,600,439.4852013,517.0414133,0.006141201,0.002660238,286.6151978,10.0,250,24,500,46527.48104,152.3622287,7.217897791,22,50,7,5,1,2,1
215,400,614,700,440.3861418,518.1013433,0.007672701,0.003334463,394.8915477,13.0,200,24,400,53199.41935,161.5480099,6.803560542,16,40,6,10,2,4,1
216,300,617,700,440.7394161,518.5169601,0.008257657,0.003339059,308.4508068,10.0,200,30,500,38657.62586,118.6656478,5.094276711,16,40,4,8,2,3,1
217,400,492,600,440.9851947,518.8061115,0.012640355,0.005238641,289.3061077,10.0,150,30,400,53444.63761,153.8402967,5.885709297,16,40,6,13,3,6,1
218,300,651,750,441.1118048,518.9550644,0.006819667,0.003266095,254.6746221,10.0,300,27,500,36798.66584,118.0138193,5.426506523,22,50,3,4,2,2,1
219,500,479,550,441.7375632,519.6912508,0.009633056,0.004811331,297.1454865,10.0,150,24,400,55867.20211,165.7010785,6.707146441,22,50,7,6,1,3,1
220,300,601,700,442.0313935,520.0369335,0.011277911,0.004697901,305.9180037,10.0,150,27,400,45757.41069,132.6468551,5.143031539,22,50,3,6,2,3,1
221,400,514,600,442.5699816,520.6705666,0.011146622,0.004736824,304.5032497,13.0,250,30,400,51575.88833,150.172278,5.872843864,16,40,6,12,2,5,1
222,300,648,750,442.8608912,521.0128132,0.00951833,0.004191191,291.0662488,13.0,300,24,400,44612.44176,133.4236008,5.480103195,22,50,3,5,2,3,1
223,300,589,700,442.9651173,521.1354321,0.011332832,0.005440428,355.5161756,13.0,200,30,400,48581.36531,138.2497789,5.162310268,16,40,4,11,3,5,2
224,300,667,750,443.0636023,521.2512968,0.006868775,0.003135584,326.4164781,10.0,200,27,500,39041.73227,122.4710712,5.441801022,16,40,4,7,2,4,1
225,500,467,550,443.3255795,521.5595053,0.008152335,0.003970843,289.2055522,10.0,200,27,500,49482.20605,153.121173,6.663317201,16,40,8,10,2,5,1
226,400,526,600,443.8876565,522.2207723,0.008119635,0.003522801,398.47325,13.0,200,27,500,46568.73623,140.3719117,5.838296687,22,50,5,5,1,2,1
227,400,551,650,444.1358028,522.5127092,0.009536924,0.004467996,238.827938,10.0,250,24,400,48975.99338,149.0504206,6.315021865,22,50,5,6,2,3,1
228,300,642,750,444.1739537,522.5575926,0.010032725,0.004910259,269.2106174,10.0,200,24,400,45849.38991,135.8423797,5.488643752,16,40,4,10,3,5,2
229,500,479,550,444.6682801,523.139153,0.009233859,0.004590029,306.0421013,10.0,150,27,400,54712.50509,163.4330723,6.699201101,22,50,7,6,1,3,1
230,400,551,650,445.8044791,524.4758578,0.009193779,0.004218499,402.8066321,10.0,100,27,400,54249.77121,159.5714667,6.350869154,22,50,5,6,2,3,1
231,400,567,650,447.8720367,526.9082785,0.009370399,0.003954249,414.5033764,10.0,100,27,400,55255.54231,161.5597056,6.357755165,16,40,6,11,2,5,1
232,400,579,650,450.7965839,530.3489222,0.006751177,0.002723112,320.9581889,10.0,200,27,500,43089.85663,137.5162102,6.27444652,22,50,5,4,1,2,1
233,400,567,650,451.8857192,531.6302579,0.007344049,0.003467422,272.482296,10.0,250,24,500,44242.11121,139.7574313,6.282434717,16,40,6,9,2,4,1
234,500,514,600,455.3007418,535.6479316,0.009248801,0.003966625,321.1182684,13.0,250,24,400,58225.20411,175.4261662,7.298150346,16,40,8,12,2,5,1
235,300,664,750,457.3175205,538.0206124,0.007283834,0.003146079,790.3909976,13.0,100,27,500,52689.93489,149.6157806,5.534796996,16,40,4,8,2,4,1
236,400,567,650,459.5632679,540.6626681,0.010144187,0.004261174,272.482296,10.0,200,24,400,51672.83104,154.3808929,6.333487712,16,40,6,12,2,5,1
237,400,614,700,460.0851166,541.2766077,0.006205427,0.002829397,354.1427348,13.0,300,24,500,46170.80801,147.6583422,6.755426393,16,40,6,8,2,4,1
238,300,642,750,462.1717366,543.7314548,0.009902854,0.004652662,252.8783547,10.0,250,30,400,44172.10622,132.5195702,5.477179507,16,40,4,10,3,5,2
239,300,589,700,462.430856,544.0363012,0.009126562,0.004549388,511.8748128,13.0,150,30,500,47246.3414,135.7029781,5.152919535,16,40,4,9,3,5,2
240,300,689,800,462.4712242,544.0837932,0.009168756,0.003932859,346.0634966,13.0,250,24,400,48077.41877,143.3222761,5.848712834,16,40,4,10,3,5,2
241,300,651,750,463.0072021,544.7143555,0.007387737,0.003046213,261.5363204,10.0,300,30,500,37327.03435,119.051618,5.430142167,22,50,3,4,2,2,1
242,500,464,550,464.1566618,546.0666609,0.010728286,0.005243026,343.6028888,13.0,200,30,400,60063.86679,174.0030618,6.735862924,16,40,8,13,2,6,1
243,500,467,550,464.4056682,546.3596096,0.00867803,0.003808494,297.4093748,10.0,200,30,500,50141.42236,154.4159773,6.667853195,16,40,8,10,2,5,1
244,500,542,600,464.7508173,546.7656674,0.006356238,0.002641142,495.2840167,10.0,100,27,500,54536.41968,168.2778665,7.272504887,16,40,8,8,1,4,1
245,400,551,650,465.0432699,547.1097293,0.009676136,0.004025719,254.7586177,10.0,250,30,400,48456.99052,148.0310175,6.311450665,22,50,5,6,2,3,1
246,300,651,750,466.6778297,549.0327408,0.01011589,0.004594746,272.984598,10.0,200,24,400,45563.67971,135.2748268,5.486695106,22,50,3,6,2,3,1
247,300,667,750,467.2818995,549.7434111,0.007279661,0.003107817,398.9293922,10.0,150,30,500,41466.4574,127.2808805,5.458357024,16,40,4,8,2,4,1
248,400,579,650,467.3116403,549.7784004,0.007023383,0.002910859,286.8522736,10.0,250,27,500,42869.44251,137.0561959,6.273003372,22,50,5,5,1,2,1
249,300,651,750,468.2853895,550.9239876,0.009959825,0.004195552,229.1099119,10.0,300,27,400,42974.22914,130.1435953,5.468999882,22,50,3,6,2,3,1
250,500,526,600,472.1904059,555.5181246,0.006480676,0.002847714,380.2750639,13.0,250,27,500,50564.68571,160.3710886,7.245462558,22,50,7,5,1,2,1
251,500,479,550,472.8007468,556.2361727,0.010855907,0.004455692,381.2832453,10.0,100,27,400,60974.723,175.8233395,6.742045729,22,50,7,7,1,3,1
252,400,501,600,473.9981417,557.6448725,0.012549949,0.005390606,294.5982926,10.0,150,30,400,53711.78293,154.3565143,5.887570553,22,50,5,7,2,3,1
253,400,542,650,474.6161285,558.3719159,0.011043598,0.004484386,250.5974062,10.0,250,30,400,51347.19526,153.712932,6.331324005,16,40,6,13,3,5,1
254,300,601,700,476.5987545,560.7044171,0.011423746,0.005520355,236.7288025,10.0,250,30,400,44483.35673,130.0764316,5.134449381,22,50,3,6,2,3,1
255,500,464,550,477.5875768,561.8677374,0.009185198,0.003864609,389.7937256,13.0,200,30,500,54797.44605,163.6589845,6.699625273,16,40,8,11,2,5,1
256,400,617,700,477.6715328,561.9665092,0.006741963,0.002727854,296.5107172,10.0,250,24,500,45196.02466,145.6947892,6.748851774,16,40,6,9,2,4,1
257,400,617,700,477.6842387,561.9814573,0.006463154,0.002683784,281.4489689,10.0,300,27,500,43804.13302,142.9409259,6.73932851,16,40,6,8,2,4,1
258,500,517,600,477.8432163,562.1684898,0.009812769,0.004285659,320.7186148,10.0,150,24,400,60044.5988,178.9969473,7.310676984,16,40,8,13,2,6,1
259,400,576,650,478.5204662,562.9652543,0.007232288,0.003443426,714.4941003,13.0,100,24,500,57624.8723,166.3875912,6.373585713,22,50,5,5,1,2,1
260,400,564,650,478.9269947,563.4435231,0.007899125,0.003386865,707.9890834,13.0,100,27,500,59130.02999,169.3654989,6.383884083,16,40,6,9,2,4,1
261,500,526,600,479.8057842,564.4773931,0.008917284,0.003823039,370.5055036,13.0,200,24,400,59412.51454,177.7980824,7.30621196,22,50,7,6,1,3,1
262,500,517,600,480.030005,564.7411824,0.007412484,0.003122264,472.438813,10.0,100,27,500,56750.4215,172.6265137,7.287739186,16,40,8,10,2,4,1
263,300,692,800,480.3916488,565.1666456,0.008917003,0.00433026,265.2790823,10.0,250,27,400,45204.88511,137.5974949,5.829171584,16,40,4,10,3,5,2
264,500,564,650,480.8561559,565.7131246,0.006237716,0.002545353,546.9940836,13.0,150,24,500,58998.65294,182.1699728,7.877895574,16,40,8,9,2,4,1
265,400,601,700,482.3989763,567.5282074,0.008659472,0.003965506,288.8216224,10.0,200,24,400,51531.13542,158.1615225,6.792378976,22,50,5,6,2,3,1
266,400,529,600,482.8453886,568.0533983,0.008477632,0.003981611,300.6759771,10.0,200,30,500,44616.94043,136.4503272,5.82510525,22,50,5,5,1,3,1
267,400,579,650,483.3714787,568.6723279,0.007108288,0.002919962,294.9893414,10.0,250,30,500,43038.61118,137.3884697,6.274167403,22,50,5,5,1,2,1
268,400,564,650,485.6589731,571.3634978,0.010641369,0.004258327,326.1979255,13.0,250,27,400,54336.53015,159.6627316,6.351680884,16,40,6,12,2,5,1
269,500,564,650,485.714018,571.4282565,0.007948552,0.003488984,397.2720609,13.0,200,24,400,61376.53405,186.7516454,7.894498623,16,40,8,11,2,5,1
270,300,639,750,486.017598,571.7854094,0.011357864,0.004819731,463.7765347,13.0,150,27,400,54461.12978,152.9349182,5.54741791,16,40,4,12,3,5,2
271,300,714,800,486.9450973,572.8765851,0.006841866,0.002998304,841.9515866,13.0,100,24,500,55165.96084,157.549023,5.896664122,16,40,4,8,2,4,1
272,500,529,600,488.0754605,574.2064241,0.009236171,0.003796203,261.6866601,10.0,250,24,400,55222.74772,169.4410978,7.277728947,22,50,7,7,1,3,1
273,300,648,750,488.1859731,574.336439,0.00791171,0.003306318,391.1281525,13.0,250,30,500,42029.94705,128.381693,5.462250531,22,50,3,5,2,2,1
274,500,479,550,489.4016014,575.7665898,0.00843612,0.003619586,352.0773008,10.0,150,30,500,51422.06873,156.9701386,6.676559976,22,50,7,5,1,3,1
275,500,514,600,490.2872614,576.8085428,0.007477582,0.003033386,380.6290622,13.0,250,30,500,52824.69855,164.8187253,7.260990072,16,40,8,10,2,4,1
276,400,629,700,490.6533976,577.2392913,0.006289536,0.00270197,277.576766,10.0,300,24,500,43677.0086,142.6869847,6.73846531,22,50,5,4,1,2,1
277,400,567,650,491.5207493,578.2597051,0.008259247,0.003372033,280.9071488,10.0,250,27,500,45686.80663,142.59504,6.292375505,16,40,6,10,2,4,1
278,300,701,800,491.9637965,578.780937,0.008820852,0.004299189,223.1643425,10.0,350,24,400,43809.31874,134.818508,5.819671621,22,50,3,5,2,3,1
279,300,601,700,492.0798209,578.9174363,0.009275963,0.004440781,241.4490454,10.0,300,30,500,39304.41246,119.8871765,5.098859762,22,50,3,5,2,3,1
280,300,648,750,492.3554088,579.2416574,0.007966863,0.003750661,771.3454314,13.0,100,27,500,53412.30484,151.0130869,5.539825995,22,50,3,5,2,2,1
281,300,717,800,492.4527362,579.3561602,0.006580612,0.003073879,350.8854794,10.0,200,27,500,41131.26427,129.6262184,5.801060175,16,40,4,7,2,4,1
282,400,564,650,494.9513563,582.2957133,0.009776433,0.004816356,603.6238293,13.0,100,30,400,64926.55888,180.7507918,6.423769349,16,40,6,11,2,6,1
283,400,542,650,495.3096396,582.7172231,0.011380289,0.005682386,311.0900525,10.0,150,27,400,56858.93618,164.6144861,6.36904446,16,40,6,13,3,7,2
284,400,551,650,495.4493866,582.8816313,0.010871748,0.004745701,247.0150524,10.0,250,27,400,51737.46141,154.4743774,6.334023217,22,50,5,7,2,3,1
285,500,464,550,497.1784729,584.9158505,0.012415689,0.005317795,528.366236,13.0,100,30,400,72513.77063,198.6962786,6.820879038,16,40,8,14,2,6,1
286,500,479,550,497.2669591,585.0199519,0.010351486,0.005152174,276.8361567,10.0,200,30,400,56091.56273,166.096614,6.708812738,22,50,7,7,1,4,1
287,400,567,650,499.4007784,587.5303275,0.008179112,0.003326559,288.8755726,10.0,250,30,500,45465.45561,142.1602718,6.290852413,16,40,6,9,2,4,1
288,500,517,600,503.6543976,592.5345854,0.009905337,0.004562626,411.5311854,10.0,100,27,400,64650.45992,188.1434296,7.342098466,16,40,8,13,2,6,1
289,300,701,800,503.6746998,592.5584704,0.00723654,0.003205722,541.7050076,10.0,100,24,500,47360.6555,141.9987461,5.843552107,22,50,3,4,2,2,1
290,300,698,800,504.5462289,593.5837987,0.007276605,0.003215011,359.8486334,13.0,300,24,500,42521.94784,132.3695298,5.81059732,22,50,3,5,2,2,1
291,500,564,650,506.9037512,596.3573544,0.006290239,0.002757835,407.7474069,13.0,250,27,500,54077.82941,172.3625279,7.844421723,16,40,8,9,2,4,1
292,500,476,550,508.4472222,598.1732026,0.008570978,0.004132283,478.8503101,13.0,150,30,500,57300.38187,168.640666,6.716669902,22,50,7,6,1,3,1
293,500,498,600,508.6561945,598.4190523,0.010815488,0.004391181,360.0322848,13.0,200,27,400,62798.33492,184.4483652,7.329509411,22,50,7,8,2,3,1
294,300,639,750,509.3401532,599.2237096,0.00903512,0.003697408,767.3675158,13.0,100,30,500,55511.8974,155.158558,5.554214604,16,40,4,9,3,4,1
295,400,601,700,509.6302508,599.5650009,0.008923918,0.004074671,250.5492395,10.0,300,27,400,50379.39238,155.8515188,6.784583663,22,50,5,6,2,3,1
296,300,689,800,510.1459094,600.1716581,0.010103236,0.004247367,500.0657784,13.0,150,27,400,55307.00332,157.6573096,5.898092495,16,40,4,11,3,5,2
297,300,701,800,510.3757642,600.4420756,0.008863571,0.004320991,230.9762761,10.0,350,27,400,43914.74724,135.0255862,5.820397063,22,50,3,5,2,3,1
298,400,617,700,511.4150601,601.6647766,0.0089983,0.00395396,276.6030623,10.0,250,27,400,51874.08236,158.811543,6.794802742,16,40,6,11,2,5,1
299,300,689,800,513.6696308,604.3172127,0.007671988,0.003077164,598.7805535,13.0,150,30,500,49522.85977,146.2963435,5.858292451,16,40,4,9,3,4,1
300,300,642,750,517.0643906,608.3110478,0.011468027,0.005495137,283.131892,10.0,200,30,400,48872.59366,141.7804266,5.509446079,16,40,4,12,3,6,2
301,500,529,600,517.6893533,609.046298,0.007261256,0.002922367,492.6974919,10.0,100,30,500,56026.70286,171.1922702,7.282793946,22,50,7,5,1,2,1
302,400,626,700,519.4779393,611.1505168,0.006894343,0.002842635,464.9271078,13.0,200,24,500,50721.87834,156.6709595,6.786542086,22,50,5,5,1,2,1
303,300,701,800,520.7920944,612.6965816,0.007220875,0.002963287,261.9605914,10.0,350,30,500,39012.00107,125.3958229,5.786661815,22,50,3,4,2,2,1
304,500,567,650,521.1592136,613.1284866,0.008500252,0.004078552,351.735889,10.0,150,24,400,61846.82217,187.6191051,7.897887282,16,40,8,12,2,6,1
305,400,551,650,521.7639713,613.8399662,0.011238826,0.004858425,254.7586177,10.0,250,30,400,52559.1269,156.0882574,6.339677006,22,50,5,7,2,3,1
306,400,567,650,522.468251,614.6685306,0.008287208,0.003907696,288.8755726,10.0,250,30,500,46680.04543,144.5459169,6.29920987,16,40,6,10,2,5,1
307,500,564,650,523.0235103,615.3217768,0.008590468,0.003542053,482.6084183,13.0,150,27,400,66337.77135,196.5851537,7.928395226,16,40,8,12,2,5,1
308,300,692,800,526.084929,618.9234459,0.010303615,0.00413318,305.1826624,10.0,200,30,400,48282.7544,143.6728679,5.850268778,16,40,4,11,3,5,2
309,400,614,700,526.5316367,619.4489844,0.007026718,0.003359673,567.0100085,13.0,150,27,500,55279.56163,165.7181074,6.817644831,16,40,6,9,2,5,1
310,400,589,700,527.1970912,620.231872,0.010256346,0.0046906,622.1026003,13.0,100,27,400,69350.68922,193.5247543,6.914008808,16,40,6,13,3,6,1
311,400,614,700,528.0092996,621.1874113,0.009507164,0.004588358,313.3939219,13.0,300,24,400,55828.19595,166.6269684,6.821877798,16,40,6,12,2,6,1
312,400,648,750,528.1187626,621.3161913,0.008022948,0.003686823,502.76903,13.0,150,24,400,60781.30646,180.5853372,7.315362558,22,50,5,6,2,3,1
313,500,529,600,529.6510695,623.1189053,0.007723908,0.003169127,296.440478,10.0,250,27,500,50826.05385,160.8053007,7.247475789,22,50,7,6,1,3,1
314,300,698,800,530.6420298,624.284741,0.010146943,0.004449526,313.5250643,13.0,300,24,400,49200.70065,145.487649,5.85655307,22,50,3,6,2,3,1
315,300,714,800,533.7473581,627.9380684,0.007223857,0.003158669,349.7331179,13.0,350,30,500,42076.74168,131.4781494,5.807579833,16,40,4,8,2,4,1
316,400,614,700,534.1721153,628.4377827,0.009736891,0.004004924,355.1161814,13.0,250,27,400,56459.12206,167.899955,6.826127554,16,40,6,12,2,5,1
317,300,623,750,535.2226304,629.6736828,0.012228563,0.005962408,245.3944159,10.0,250,30,400,48609.62039,141.2304462,5.50772738,22,50,3,7,3,4,2
318,500,567,650,535.3103499,629.7768823,0.009039486,0.004041693,280.4845676,10.0,250,24,400,59698.13325,183.3146155,7.883330669,16,40,8,13,2,6,1
319,500,514,600,536.0556768,630.6537374,0.00825577,0.003960026,422.7678848,13.0,200,27,500,58187.9153,175.403548,7.297756404,16,40,8,11,2,5,1
320,400,601,700,536.3111671,630.9543142,0.009811232,0.0041966,269.4302114,10.0,250,27,400,53004.41267,161.0265906,6.802594253,22,50,5,7,2,3,1
321,400,589,700,536.8982957,631.6450537,0.010196759,0.004537319,474.0215675,13.0,150,30,400,62431.46782,179.7655741,6.866856296,16,40,6,13,3,6,1
322,300,689,800,537.9107752,632.8362061,0.010800431,0.004610754,682.9708735,13.0,100,27,400,63539.9046,173.9967634,5.954284292,16,40,4,12,3,5,2
323,300,714,800,538.315888,633.3128094,0.00754256,0.003280331,376.0541181,13.0,300,27,500,43742.44932,134.7739669,5.81897597,16,40,4,8,2,4,1
324,300,648,750,539.9944735,635.2876159,0.011448645,0.005101944,305.1176288,13.0,300,30,400,48903.84121,141.8525831,5.509631834,22,50,3,6,2,3,1
325,500,514,600,542.3607908,638.0715186,0.008086998,0.003879622,687.6388481,13.0,100,30,500,67484.65403,193.9169169,7.361039408,16,40,8,11,2,5,1
326,400,667,750,543.657377,639.5969141,0.008331445,0.003788962,289.1075038,10.0,250,24,400,54009.01928,167.0686164,7.269346289,16,40,6,11,2,5,1
327,300,670,800,544.6762637,640.7956044,0.01100514,0.005025007,664.1371339,13.0,100,27,400,62990.47449,172.8960547,5.950562177,22,50,3,7,3,3,1
328,300,698,800,549.3661688,646.3131398,0.010254149,0.004402891,321.303566,13.0,300,27,400,49299.25272,145.6812207,5.857231196,22,50,3,6,2,3,1
329,500,517,600,549.7421878,646.755515,0.010783428,0.0049051,420.6133617,10.0,100,30,400,67102.02118,192.9586808,7.358967384,16,40,8,14,2,7,1
330,500,617,700,553.7944369,651.522867,0.006118171,0.002474252,370.6383965,10.0,200,24,500,55008.41602,179.2144748,8.425792254,16,40,8,10,2,4,1
331,500,567,650,555.7226758,653.7913833,0.008802592,0.004314711,291.0156336,10.0,250,27,400,59777.70836,183.4709135,7.883878217,16,40,8,13,2,6,1
332,500,617,700,556.2198863,654.3763368,0.005908254,0.002727282,552.3598965,10.0,100,24,500,61523.74972,192.1773181,8.470173903,16,40,8,9,2,5,1
333,500,567,650,556.7405275,654.9888559,0.007186392,0.003420625,307.2038131,10.0,250,24,500,54248.06062,172.6098171,7.84582933,16,40,8,10,2,5,1
334,400,614,700,559.061645,657.7195824,0.007956462,0.003286055,404.0147568,13.0,250,27,500,51689.68276,158.5320273,6.793309577,16,40,6,10,2,4,1
335,400,617,700,559.2458875,657.9363382,0.007690304,0.003189114,411.2677424,10.0,150,30,500,50990.03459,157.1550127,6.788502962,16,40,6,10,2,4,1
336,500,626,700,559.8119803,658.6023298,0.005706931,0.002289423,607.1246389,13.0,150,24,500,61339.85968,191.8437467,8.468833638,22,50,7,5,1,2,1
337,400,642,750,564.202863,663.7680741,0.009508993,0.004489332,358.9474898,10.0,150,24,400,60069.65728,179.0567882,7.310820586,16,40,6,13,3,6,1
338,400,601,700,566.471586,666.43716,0.008076074,0.003621357,510.1626025,10.0,100,27,500,55347.40145,165.8006668,6.81824917,22,50,5,6,2,3,1
339,500,617,700,566.7619832,666.7788037,0.007926933,0.003541276,305.2186564,10.0,250,24,400,60619.40545,190.202198,8.464490771,16,40,8,12,2,6,1
340,300,673,800,567.3021664,667.4143134,0.010983472,0.005267606,296.8033696,10.0,200,30,400,50242.92859,147.5165845,5.863773811,22,50,3,7,3,3,1
341,500,501,600,569.6717469,670.2020551,0.012131503,0.004880236,265.941901,10.0,250,30,400,61550.46384,181.8697258,7.321269253,22,50,7,8,2,4,1
342,500,579,650,569.6896984,670.2231746,0.00676879,0.003190864,347.8113964,10.0,200,24,500,54260.50139,172.6594272,7.845846624,22,50,7,5,1,3,1
343,500,551,650,571.1683804,671.9628005,0.00995789,0.004019345,308.7688155,10.0,200,27,400,61777.26689,187.4235348,7.897568646,22,50,7,8,2,3,1
344,400,639,750,571.8284726,672.7393796,0.010148852,0.004070623,665.4179929,13.0,100,24,400,72870.62602,204.5227387,7.398026613,16,40,6,14,3,6,1
345,500,564,650,572.3135342,673.3100402,0.007349232,0.003281297,557.4694296,13.0,150,27,500,63046.69733,190.1209676,7.905749714,16,40,8,11,2,5,1
346,400,667,750,574.0190689,675.3165517,0.006822106,0.003159536,294.3461096,10.0,300,24,500,48761.44983,156.7405343,7.23329542,16,40,6,9,2,5,1
347,500,514,600,574.1496686,675.4701984,0.011600466,0.005109486,380.6290622,13.0,200,30,400,67162.2515,193.0305534,7.359507806,16,40,8,15,2,7,1
348,400,667,750,575.0107711,676.4832601,0.006867432,0.002784408,330.4498558,10.0,250,27,500,48891.58901,157.0171799,7.234133824,16,40,6,9,2,4,1
349,400,629,700,578.3740078,680.4400092,0.007324228,0.003417362,348.6747855,10.0,200,27,500,48947.91537,153.0876727,6.774604128,22,50,5,5,1,3,1
350,500,551,650,581.3152323,683.9002733,0.009963816,0.004937344,341.8103612,10.0,150,24,400,65707.42058,195.1934288,7.924474686,22,50,7,8,2,4,1
351,300,698,800,581.7086217,684.3630843,0.008216353,0.003964356,367.627135,13.0,300,27,500,45270.16825,137.7674662,5.829507517,22,50,3,5,2,3,1
352,400,714,800,582.7915251,685.6370884,0.007679507,0.003442912,364.4352772,13.0,300,24,400,57506.06863,178.0552228,7.7531155,16,40,6,11,2,5,1
353,300,667,800,583.9572033,687.0084744,0.01245313,0.005752201,262.7256427,10.0,250,30,400,52141.5915,151.2222754,5.876902284,16,40,4,14,4,7,2
354,400,651,750,584.6737325,687.8514499,0.009642228,0.003874915,312.8500436,10.0,200,24,400,57206.45002,173.3740469,7.291279143,22,50,5,7,2,3,1
355,500,576,650,585.2252091,688.5002461,0.009200507,0.004145372,405.7246579,13.0,200,24,400,65763.38465,195.3573379,7.924713277,22,50,7,7,1,3,1
356,500,526,600,586.3763405,689.8545183,0.008216065,0.003823765,441.878232,13.0,200,30,500,57981.04887,174.986459,7.296362205,22,50,7,6,1,3,1
357,400,642,750,592.1086271,696.5983848,0.009910573,0.004425698,267.6416169,10.0,300,27,400,56674.82412,172.2836439,7.287746462,16,40,6,13,3,6,1
358,300,692,800,592.8159616,697.430543,0.009074748,0.003836774,413.8817682,10.0,150,30,500,47754.22646,142.6846799,5.84649657,16,40,4,10,3,5,2
359,500,567,650,592.9471613,697.5848957,0.007496231,0.003253162,327.6954089,10.0,250,30,500,54561.68717,173.2258289,7.847987359,16,40,8,11,2,5,1
360,400,729,800,594.9893551,699.9874766,0.00564737,0.00245731,321.7066175,10.0,300,24,500,48073.2828,159.4472772,7.688427917,22,50,5,5,1,2,1
361,500,567,650,595.367287,700.4321023,0.010061489,0.004428936,362.2669549,10.0,150,27,400,66057.73195,195.889993,7.926862081,16,40,8,14,2,7,1
362,500,579,650,602.3868116,708.6903666,0.007222502,0.003503816,313.7054811,10.0,250,24,500,54813.6259,173.7155775,7.849734756,22,50,7,6,1,3,1
363,400,667,750,602.6493672,708.9992556,0.007284049,0.003342265,425.3112533,10.0,150,24,500,54167.02592,167.4630934,7.27020524,16,40,6,10,2,5,1
364,400,592,700,605.0625517,711.8382961,0.011643927,0.005696216,273.7152481,10.0,250,30,400,58941.11457,172.6923039,6.843430199,16,40,6,14,3,7,2
365,400,717,800,605.9528955,712.8857594,0.008236495,0.003517867,310.7797305,10.0,250,24,400,56923.4362,176.8567109,7.749253351,16,40,6,12,2,5,1
366,400,676,750,606.7392337,713.8108632,0.00701133,0.002894097,434.7665899,13.0,250,24,500,52730.18967,164.6352492,7.260333922,22,50,5,5,1,2,1
367,400,679,750,606.96413,714.075447,0.0064042,0.003081921,309.730713,10.0,300,27,500,47923.60331,155.0906233,7.227541821,22,50,5,5,1,3,1
368,400,651,750,607.3148557,714.4880655,0.009272597,0.004306177,291.8453704,10.0,250,27,400,56159.72712,171.2878457,7.284158904,22,50,5,7,2,3,1
369,400,601,700,608.2105541,715.5418283,0.008739488,0.003691378,400.6027766,10.0,150,30,500,53018.1658,161.1300832,6.802481364,22,50,5,6,2,3,1
370,400,698,800,608.4499571,715.823479,0.008252356,0.003608483,356.2686603,13.0,300,24,400,58277.03816,179.5623474,7.758439939,22,50,5,7,2,3,1
371,400,692,800,608.5411191,715.9307283,0.009059676,0.003825015,278.203796,10.0,300,24,400,57586.23003,178.1364481,7.753873912,16,40,6,13,3,6,1
372,300,698,800,613.6369217,721.9257902,0.008530939,0.004104525,606.6020702,13.0,150,30,500,52261.76133,151.6616151,5.877177494,22,50,3,5,2,3,1
373,400,667,750,614.497981,722.9388012,0.007189878,0.00334024,304.256827,10.0,300,27,500,49898.46127,158.9738033,7.241119068,16,40,6,10,2,5,1
374,500,629,700,616.8344179,725.6875505,0.00643355,0.00263444,563.1027146,10.0,100,24,500,62489.87993,194.062203,8.476856324,22,50,7,6,1,3,1
375,500,576,650,617.2711823,726.201391,0.009360564,0.004320301,645.7842801,13.0,100,27,400,76411.51451,216.5277439,7.997287746,22,50,7,7,1,4,1
376,500,629,700,617.9065545,726.9488877,0.008241461,0.003443945,291.39422,10.0,300,24,400,60665.46751,190.2663283,8.464879198,22,50,7,7,1,3,1
377,500,548,650,621.903748,731.6514682,0.010740671,0.004388024,362.1644832,13.0,250,30,400,66127.49853,196.0213533,7.927357528,22,50,7,8,2,4,1
378,400,714,800,622.0572637,731.8320749,0.006285283,0.003032517,530.2842731,13.0,200,24,500,57113.50462,177.3775126,7.750161018,16,40,6,9,2,5,1
379,500,526,600,622.6090262,732.4812073,0.009184119,0.0039317,389.5153438,13.0,250,30,500,58304.33735,175.5729796,7.298718234,22,50,7,7,1,3,1
380,400,639,750,623.5307077,733.5655385,0.010351101,0.00499595,674.9126683,13.0,100,27,400,75110.00803,208.9212365,7.41343555,16,40,6,14,3,7,2
381,400,648,750,625.6530912,736.0624603,0.007477383,0.003161367,607.514727,13.0,150,30,500,58624.28602,176.3486103,7.300520342,22,50,5,6,2,3,1
382,500,579,650,626.0484299,736.5275646,0.007004113,0.003422001,539.266253,10.0,100,30,500,61166.8698,186.3759842,7.89295785,22,50,7,6,1,3,1
383,500,598,700,626.4728714,737.0269076,0.009472048,0.003916484,373.5967403,13.0,250,24,400,67440.22669,203.6822144,8.511199262,22,50,7,8,2,4,1
384,300,698,800,626.8487014,737.4690605,0.009224051,0.003781263,838.2199156,13.0,100,30,500,59115.21329,165.2844332,5.923896938,22,50,3,6,2,3,1
385,500,567,650,627.4707551,738.2008884,0.010516472,0.005030702,362.2669549,10.0,150,27,400,68385.53283,200.4621595,7.942879418,16,40,8,15,2,7,1
386,500,667,750,631.7158999,743.1951764,0.005843478,0.00261704,597.1216385,10.0,100,24,500,65364.21807,204.8082201,9.071394726,16,40,8,10,2,5,1
387,500,614,700,634.3177926,746.2562266,0.006622186,0.003257893,505.0184461,13.0,200,27,500,62404.10684,193.8551092,8.476370928,16,40,8,10,2,5,1
388,400,648,750,634.4148949,746.3704646,0.007531807,0.003651716,813.434266,13.0,100,27,500,66320.45698,191.6356365,7.353014086,22,50,5,6,2,3,1
389,500,614,700,636.6545741,749.0053812,0.007304729,0.003011263,432.4912152,13.0,250,24,500,61276.67609,191.5846499,8.468765179,16,40,8,11,2,5,1
390,500,617,700,637.4445525,749.9347676,0.006766551,0.003184808,382.0981279,10.0,200,27,500,58265.84722,185.6125811,8.448206273,16,40,8,11,2,5,1
391,400,717,800,643.7713621,757.378073,0.00669383,0.002701827,355.2212093,10.0,250,27,500,51667.21184,166.532661,7.71308586,16,40,6,10,2,4,1
392,400,648,750,644.079789,757.7409282,0.010274065,0.00450358,340.3763858,13.0,300,27,400,60360.94679,179.5891467,7.312932857,22,50,5,8,2,4,1
393,500,576,650,646.9699538,761.1411221,0.007589847,0.003772389,760.4649784,13.0,100,27,500,71222.97848,206.3366445,7.961586011,22,50,7,6,1,3,1
394,400,651,750,648.5289568,762.9752433,0.010153757,0.004182124,485.0602151,10.0,100,30,400,64720.1166,188.2834329,7.342569119,22,50,5,7,2,3,1
395,400,614,700,648.8641603,763.3696003,0.009171663,0.00405717,412.6437026,13.0,250,30,500,55480.19368,165.9771859,6.819391658,16,40,6,11,2,5,1
396,500,564,650,649.1138289,763.6633281,0.008554389,0.003590423,473.8009941,13.0,200,30,500,62926.27376,189.7955775,7.905162209,16,40,8,12,2,5,1
397,400,692,800,651.0725078,765.9676563,0.010009793,0.004060788,386.9029018,10.0,150,24,400,64411.42534,191.6526733,7.800537562,16,40,6,14,3,6,1
398,400,692,800,652.1394149,767.222841,0.009685786,0.003881541,310.2258008,10.0,250,27,400,59909.33212,182.7214793,7.769798967,16,40,6,14,3,6,1
399,400,642,750,652.3567935,767.4785806,0.010529859,0.005187363,327.0866272,10.0,200,30,400,61464.85907,181.7446041,7.320563485,16,40,6,14,3,7,2
400,500,617,700,659.1149718,775.4293786,0.009792937,0.004293648,382.7531631,10.0,150,24,400,70315.50122,209.3352285,8.530968716,16,40,8,15,2,7,1
401,500,664,750,661.1451578,777.8178327,0.007921072,0.003718112,379.5761293,13.0,300,24,400,67596.39578,209.0408944,9.087165649,16,40,8,13,2,7,1
402,400,679,750,662.6491905,779.587283,0.007232755,0.003102664,452.5944847,10.0,150,30,500,53620.64127,166.3814105,7.266468687,22,50,5,5,1,3,1
403,400,639,750,663.7880354,780.9271005,0.010876643,0.005206102,683.8929555,13.0,100,30,400,76571.10339,211.7910572,7.423489184,16,40,6,15,3,7,2
404,500,626,700,670.3445683,788.6406686,0.008791978,0.003707027,535.6611167,13.0,150,27,400,72290.35215,213.3522333,8.54418275,22,50,7,7,1,3,1
405,500,667,750,673.6918145,792.5786053,0.006469054,0.002721294,335.1913511,10.0,300,24,500,58295.07617,190.6917534,9.023381085,16,40,8,11,2,5,1
406,400,614,700,674.8273219,793.9144964,0.00928049,0.004640089,412.6437026,13.0,250,30,500,56800.25998,168.5700034,6.828474886,16,40,6,12,2,6,1
407,400,701,800,678.5070401,798.2435766,0.007051642,0.002830179,467.2588127,10.0,150,30,500,55350.10358,173.8463169,7.73821068,22,50,5,6,2,3,1
408,400,692,800,679.2494351,799.1169825,0.009627163,0.004209751,319.9509319,10.0,250,30,400,60489.14296,183.8603189,7.77378858,16,40,6,14,3,6,1
409,500,617,700,682.6009336,803.0599219,0.007703031,0.003177065,345.7538278,10.0,250,27,500,59209.67241,187.433261,8.454790555,16,40,8,12,2,5,1
410,400,701,800,682.7082575,803.1861853,0.009432038,0.003880696,276.5075617,10.0,350,27,400,58127.63124,179.1804218,7.757651938,22,50,5,7,2,3,1
411,400,717,800,687.9448507,809.3468831,0.007249841,0.003351929,597.9762769,10.0,100,24,500,62049.34624,187.123649,7.783984605,16,40,6,11,2,5,1
412,400,701,800,690.2952817,812.1120962,0.007362483,0.003078091,457.4071987,10.0,150,27,500,56567.46424,176.2374044,7.746587202,22,50,5,6,2,3,1
413,500,601,700,692.3873997,814.5734114,0.010009685,0.004067861,300.1431449,10.0,300,30,400,64979.70055,198.7401594,8.494564953,22,50,7,8,2,4,1
414,400,701,800,694.5456953,817.1125827,0.009564388,0.004061078,402.3507874,10.0,150,27,400,63506.41397,189.8665912,7.794333338,22,50,5,8,2,3,1
415,500,617,700,698.7348792,822.0410344,0.007291399,0.003559396,392.9370113,10.0,200,30,500,60421.83482,189.8472793,8.463041383,16,40,8,11,2,6,1
416,500,679,750,700.8482203,824.527318,0.006165397,0.002734203,407.8824493,10.0,200,24,500,59950.03421,193.9938681,9.034628876,22,50,7,6,1,3,1
417,400,717,800,702.2433769,826.1686787,0.007090894,0.003117874,337.1411577,10.0,300,30,500,52624.24555,168.3903314,7.719731053,16,40,6,10,2,5,1
418,500,664,750,703.6057854,827.7715122,0.008633233,0.004044656,414.8298254,13.0,250,24,400,71790.18099,217.3172811,9.115916427,16,40,8,14,2,7,1
419,500,564,650,705.8343197,830.3933173,0.009211287,0.004337166,473.8009941,13.0,200,30,500,66001.84895,195.8364901,7.926324897,16,40,8,13,2,6,1
420,400,651,750,707.1603704,831.9533769,0.008819694,0.003658589,433.9307947,10.0,150,30,500,57056.88383,173.1307304,7.290113087,22,50,5,7,2,3,1
421,400,651,750,707.9229946,832.8505819,0.010955315,0.005166693,331.6719538,10.0,200,30,400,62476.89483,183.726028,7.327544483,22,50,5,8,2,4,1
422,500,679,750,711.7220889,837.3201046,0.008129946,0.003588688,335.8889266,10.0,250,24,400,66091.67606,206.0235573,9.076979617,22,50,7,7,1,4,1
423,500,617,700,712.7336812,838.5102132,0.010606174,0.004407993,491.1310279,10.0,100,27,400,76813.61687,222.2090179,8.575381767,16,40,8,16,2,7,1
424,500,617,700,713.736729,839.6902694,0.009994009,0.004486753,356.5927113,10.0,200,30,400,69123.02684,206.9377866,8.522913311,16,40,8,15,2,7,1
425,500,601,700,715.0139083,841.1928333,0.010232088,0.005009925,336.7877642,10.0,200,27,400,69753.72376,208.1702011,8.527270359,22,50,7,9,2,4,1
426,400,639,750,716.6793469,843.1521728,0.01217458,0.005695241,429.4451563,13.0,200,30,400,69804.96835,198.2347277,7.377655512,16,40,6,16,3,8,2
427,400,714,800,718.5988648,845.4104292,0.007414242,0.003096307,479.8495174,13.0,250,30,500,57593.09787,178.2635007,7.753613021,16,40,6,11,2,5,1
428,400,692,800,720.822396,848.0263482,0.010387848,0.005159797,310.2258008,10.0,250,27,400,64168.47209,191.087099,7.799105632,16,40,6,15,3,8,2
429,400,701,800,721.700811,849.0597776,0.009736115,0.004074113,302.0895789,10.0,300,30,400,59798.70443,182.4778463,7.76910923,22,50,5,8,2,4,1
430,500,642,750,725.9666975,854.0784677,0.009912936,0.004044676,410.1858643,10.0,150,27,400,73773.00406,221.208615,9.129568807,16,40,8,17,3,7,1
431,500,667,750,727.6246227,856.0289679,0.009031034,0.004262033,329.9527453,10.0,250,24,400,69822.46518,213.3565116,9.102636924,16,40,8,15,2,7,1
432,500,648,750,728.4838901,857.0398707,0.00904431,0.003825548,416.8694299,13.0,250,27,400,71151.97537,216.0551284,9.111548386,22,50,7,8,2,4,1
433,500,676,750,729.0279755,857.6799712,0.006405484,0.002648044,488.7185232,13.0,250,27,500,62529.28595,199.1188125,9.052216626,22,50,7,6,1,3,1
434,500,598,700,729.6593418,858.4227551,0.010712032,0.004448376,395.2086879,13.0,250,30,400,71556.70192,211.7676181,8.539524267,22,50,7,9,2,4,1
435,500,651,750,730.5984194,859.5275523,0.00931099,0.004185799,301.5860687,10.0,300,24,400,68450.96488,210.6352646,9.093274147,22,50,7,8,2,4,1
436,500,664,750,730.8356584,859.806657,0.008586111,0.004176464,427.1625023,13.0,250,27,400,72008.63946,217.7463678,9.117419615,16,40,8,14,2,7,1
437,400,692,800,730.9293372,859.9168673,0.010423045,0.004853002,319.9509319,10.0,250,30,400,63584.33732,189.9397666,7.795086266,16,40,6,15,3,7,2
438,500,617,700,732.8463849,862.1722175,0.010619765,0.004404232,356.5927113,10.0,200,30,400,70425.18837,209.4954363,8.531873338,16,40,8,16,2,7,1
439,500,576,650,738.2772136,868.5614277,0.009207309,0.003952424,426.5415172,13.0,250,30,500,63367.13266,190.5995614,7.90836376,22,50,7,7,1,3,1
440,500,617,700,742.8423309,873.932154,0.008290133,0.003481944,453.5108446,10.0,150,30,500,64767.52092,198.4381241,8.492793685,16,40,8,13,2,6,1
441,500,651,750,744.6697792,876.0820932,0.009643252,0.004220344,301.5860687,10.0,300,24,400,69378.66933,212.4574218,9.099657577,22,50,7,9,2,4,1
442,500,592,700,745.1153585,876.6063041,0.012121795,0.004882689,388.6396314,10.0,150,30,400,75658.27294,219.8292711,8.56773173,16,40,8,19,3,8,1
443,500,701,800,746.404281,878.1226835,0.008097374,0.003469553,309.018958,10.0,350,24,400,67376.57506,213.5852994,9.660750496,22,50,7,8,2,4,1
444,500,667,750,746.9093002,878.7168238,0.008894013,0.004297676,342.3411421,10.0,250,27,400,69559.76543,212.840528,9.100829317,16,40,8,15,2,7,1
445,500,629,700,751.2599163,883.8351956,0.007841464,0.003477343,327.7776033,10.0,300,27,500,59769.6228,188.5067486,8.458714991,22,50,7,7,1,3,1
446,500,664,750,752.9163369,885.7839258,0.006944508,0.003315754,546.1437267,13.0,200,27,500,67825.0199,209.5877831,9.088473315,16,40,8,12,2,6,1
447,400,689,800,754.5146901,887.6643413,0.011350034,0.005162003,398.4935651,13.0,250,27,400,69628.08397,201.9021031,7.836424413,16,40,6,16,3,8,2
448,400,651,750,758.3351914,892.1590488,0.012323514,0.005442539,280.5425333,10.0,300,30,400,63850.93649,186.3744065,7.337136017,22,50,5,9,2,4,1
449,500,714,800,759.3041,893.2989412,0.006121093,0.002913299,455.5440965,13.0,300,24,500,64979.21925,208.9810105,9.643971019,16,40,8,11,2,6,1
450,400,664,750,765.0566305,900.0666241,0.009269569,0.004303022,446.24661,13.0,250,30,500,60262.15054,179.4378196,7.312137121,16,40,6,12,2,6,1
451,500,601,700,766.5789661,901.8576071,0.008973219,0.003599625,323.7443597,10.0,300,30,500,61466.39357,191.8394728,8.470390281,22,50,7,8,2,3,1
452,500,717,800,770.7824528,906.8028857,0.00826694,0.003772072,354.6868342,10.0,250,24,400,71158.03052,221.0578308,9.68664773,16,40,8,15,2,7,1
453,400,717,800,774.4753718,911.1474962,0.008050813,0.00352724,407.532468,10.0,200,30,500,57812.94051,178.636978,7.755284004,16,40,6,12,2,5,1
454,500,648,750,780.2250488,917.9118221,0.009903077,0.004251887,554.4862678,13.0,150,27,400,80222.11764,234.0211035,9.173549854,22,50,7,9,2,4,1
455,500,626,700,782.8134987,920.9570573,0.007988006,0.003586602,422.0224839,13.0,300,30,500,63095.88347,195.1133394,8.481403743,22,50,7,7,1,3,1
456,500,664,750,784.6793038,923.1521221,0.009892569,0.004807135,414.8298254,13.0,250,24,400,77005.73358,227.5614453,9.15180406,16,40,8,16,2,8,1
457,500,667,750,796.6360069,937.2188317,0.009896818,0.004520761,373.7727766,10.0,200,27,400,74080.46014,221.7546165,9.131841461,16,40,8,16,2,8,1
458,400,701,800,797.8694954,938.6699946,0.010998937,0.00543392,512.4636099,10.0,100,27,400,73733.14934,210.0597263,7.864414133,22,50,5,9,2,5,1
459,500,664,750,804.3654868,946.3123374,0.007461385,0.00372142,435.9759263,13.0,300,27,500,66419.10281,206.7285062,9.079064828,16,40,8,13,2,7,1
460,400,701,800,804.7305231,946.7417918,0.008701713,0.003648394,398.4382986,10.0,200,30,500,58672.6508,180.3192108,7.761216868,22,50,5,7,2,3,1
461,500,698,800,805.1992651,947.293253,0.009108849,0.003734207,399.0122564,13.0,300,24,400,74467.85659,227.6110035,9.709280754,22,50,7,9,2,4,1
462,500,601,700,807.4704496,949.9652348,0.011611125,0.005712011,394.5480041,10.0,150,30,400,76668.03114,221.804097,8.574702821,22,50,7,10,2,5,1
463,500,667,750,811.8856895,955.1596347,0.009580878,0.004639986,385.4900137,10.0,200,30,400,73570.71149,220.7533902,9.128333938,16,40,8,16,2,8,1
464,500,689,800,814.4259813,958.1482133,0.009992921,0.004091107,430.4484182,13.0,250,24,400,79202.20492,236.9581167,9.741726732,16,40,8,18,3,8,1
465,500,676,750,815.9147595,959.8997171,0.00730268,0.003584446,476.1629666,13.0,250,24,500,67344.79313,208.5772247,9.085351592,22,50,7,7,1,4,1
466,500,689,800,821.1188458,966.0221715,0.009634542,0.004638589,393.8673992,13.0,300,24,400,78124.62663,234.8006546,9.734423095,16,40,8,17,3,9,2
467,500,639,750,823.8950753,969.2883239,0.011347508,0.004599463,422.3049358,13.0,250,30,400,78674.38399,230.8389367,9.163285857,16,40,8,19,3,8,1
468,500,667,750,828.9236896,975.2043407,0.008097179,0.003507598,413.0623197,10.0,200,27,500,66791.66012,207.4382689,9.081688044,16,40,8,14,2,6,1
469,500,717,800,833.4090777,980.4812679,0.007131004,0.003028126,641.8833806,10.0,100,24,500,74355.77244,227.5566638,9.708059595,16,40,8,13,2,6,1
470,400,689,800,836.7725935,984.4383453,0.012544155,0.005757961,463.0480637,13.0,200,30,400,75628.63476,213.7441353,7.877561555,16,40,6,18,3,9,2
471,500,679,750,840.1229255,988.3799123,0.007367845,0.003506271,380.4973243,10.0,250,27,500,63863.90877,201.6478726,9.0616506,22,50,7,7,1,3,1
472,500,642,750,840.5540385,988.8871042,0.011384979,0.005634768,511.0309885,10.0,100,27,400,85890.65934,245.1253737,9.21263487,16,40,8,19,3,10,2
473,500,726,800,845.0982476,994.2332324,0.006481682,0.003105456,511.3821209,13.0,250,24,500,68209.76382,215.3586197,9.666112356,22,50,7,6,1,3,1
474,500,714,800,863.3679126,1015.726956,0.007057386,0.003248853,942.6597127,13.0,100,27,500,84344.79769,247.4273385,9.776112804,16,40,8,13,2,6,1
475,500,698,800,863.729587,1016.152455,0.009783205,0.004347058,769.600809,13.0,100,24,400,93240.32247,264.8780042,9.837380366,22,50,7,10,2,5,1
476,400,698,800,864.8513528,1017.47218,0.012387636,0.005310566,376.4494489,13.0,300,30,400,70940.52025,204.4354146,7.845575941,22,50,5,10,2,4,1
477,500,689,800,868.5824085,1021.861657,0.00989881,0.004863344,772.474599,13.0,100,27,400,95271.24139,268.8885895,9.851296439,16,40,8,18,3,9,2
478,500,651,750,870.784714,1024.452605,0.008370695,0.003850034,414.5899422,10.0,200,30,500,67381.51744,208.590468,9.08576408,22,50,7,8,2,4,1
479,500,667,750,879.0386507,1034.163118,0.008236685,0.003920795,424.7795568,10.0,200,30,500,68223.87805,210.2513697,9.091542975,16,40,8,14,2,7,1
480,500,729,800,880.4785632,1035.857133,0.007124048,0.002979185,509.4873834,10.0,150,24,500,69656.5721,218.1971067,9.676076559,22,50,7,7,1,3,1
481,500,701,800,881.8163089,1037.430952,0.009260412,0.004592027,337.7692505,10.0,300,27,400,74246.80093,227.0961936,9.707978458,22,50,7,9,2,5,1
482,500,726,800,900.8658062,1059.842125,0.007088806,0.002976524,958.5027331,13.0,100,27,500,83312.23112,245.377674,9.769066281,22,50,7,7,1,3,1
483,500,692,800,904.0423441,1063.579228,0.010583672,0.004471602,399.9386648,10.0,200,30,400,79503.42792,237.4858293,9.743972902,16,40,8,19,3,8,1
484,500,698,800,917.1789132,1079.034016,0.00985997,0.00425139,424.238242,13.0,300,30,400,77907.15533,234.3663262,9.732946184,22,50,7,10,2,4,1
485,500,676,750,922.4901985,1085.282586,0.008038046,0.003872482,455.73035,13.0,300,30,500,68573.78212,210.9534541,9.093910419,22,50,7,7,1,4,1
486,500,701,800,953.403321,1121.650966,0.008208583,0.003306486,652.8940299,10.0,100,30,500,76923.79169,232.5879103,9.725764435,22,50,7,8,2,4,1
487,500,714,800,959.8303027,1129.212121,0.00834374,0.003430895,516.1908662,13.0,250,27,500,74164.11211,227.0625113,9.707060179,16,40,8,15,2,6,1
488,500,726,800,970.7042742,1142.005028,0.007237116,0.003470158,609.8927689,13.0,200,30,500,73661.4072,226.1257428,9.70346376,22,50,7,7,1,4,1
489,500,698,800,975.2127272,1147.309091,0.010919327,0.005045918,449.035281,13.0,250,27,400,84462.582,247.2817065,9.777946178,22,50,7,11,2,5,1
490,500,698,800,1025.450673,1206.412556,0.01146898,0.004992145,424.238242,13.0,300,30,400,84279.08222,246.8817911,9.776790699,22,50,7,11,2,5,1
491,500,698,800,1036.226583,1219.090097,0.009027248,0.003843828,516.8853802,13.0,250,30,500,76072.03107,230.8013471,9.720211737,22,50,7,9,2,4,1
492,500,701,800,1082.646528,1273.701798,0.012604973,0.005101451,334.3533648,10.0,350,30,400,84096.78956,246.426426,9.77580042,22,50,7,12,2,5,1
