Solution_ID,col_grp_0_ID,col_grp_0_Rot,col_grp_0_h,col_grp_0_b,col_grp_0_fck,col_grp_0_fy,col_grp_0_required_rebar,col_grp_0_MainRebar_size,col_grp_0_Stirrup_size,col_grp_0_Stirrup_verticle_size,col_grp_1_ID,col_grp_1_Rot,col_grp_1_h,col_grp_1_b,col_grp_1_fck,col_grp_1_fy,col_grp_1_required_rebar,col_grp_1_MainRebar_size,col_grp_1_Stirrup_size,col_grp_1_Stirrup_verticle_size,col_grp_2_ID,col_grp_2_Rot,col_grp_2_h,col_grp_2_b,col_grp_2_fck,col_grp_2_fy,col_grp_2_required_rebar,col_grp_2_MainRebar_size,col_grp_2_Stirrup_size,col_grp_2_Stirrup_verticle_size,col_grp_3_ID,col_grp_3_Rot,col_grp_3_h,col_grp_3_b,col_grp_3_fck,col_grp_3_fy,col_grp_3_required_rebar,col_grp_3_MainRebar_size,col_grp_3_Stirrup_size,col_grp_3_Stirrup_verticle_size,col_grp_4_ID,col_grp_4_Rot,col_grp_4_h,col_grp_4_b,col_grp_4_fck,col_grp_4_fy,col_grp_4_required_rebar,col_grp_4_MainRebar_size,col_grp_4_Stirrup_size,col_grp_4_Stirrup_verticle_size,col_grp_5_ID,col_grp_5_Rot,col_grp_5_h,col_grp_5_b,col_grp_5_fck,col_grp_5_fy,col_grp_5_required_rebar,col_grp_5_MainRebar_size,col_grp_5_Stirrup_size,col_grp_5_Stirrup_verticle_size,col_grp_6_ID,col_grp_6_Rot,col_grp_6_h,col_grp_6_b,col_grp_6_fck,col_grp_6_fy,col_grp_6_required_rebar,col_grp_6_MainRebar_size,col_grp_6_Stirrup_size,col_grp_6_Stirrup_verticle_size,col_grp_7_ID,col_grp_7_Rot,col_grp_7_h,col_grp_7_b,col_grp_7_fck,col_grp_7_fy,col_grp_7_required_rebar,col_grp_7_MainRebar_size,col_grp_7_Stirrup_size,col_grp_7_Stirrup_verticle_size,col_grp_8_ID,col_grp_8_Rot,col_grp_8_h,col_grp_8_b,col_grp_8_fck,col_grp_8_fy,col_grp_8_required_rebar,col_grp_8_MainRebar_size,col_grp_8_Stirrup_size,col_grp_8_Stirrup_verticle_size,col_grp_9_ID,col_grp_9_Rot,col_grp_9_h,col_grp_9_b,col_grp_9_fck,col_grp_9_fy,col_grp_9_required_rebar,col_grp_9_MainRebar_size,col_grp_9_Stirrup_size,col_grp_9_Stirrup_verticle_size,col_grp_10_ID,col_grp_10_Rot,col_grp_10_h,col_grp_10_b,col_grp_10_fck,col_grp_10_fy,col_grp_10_required_rebar,col_grp_10_MainRebar_size,col_grp_10_Stirrup_size,col_grp_10_Stirrup_verticle_size,col_grp_11_ID,col_grp_11_Rot,col_grp_11_h,col_grp_11_b,col_grp_11_fck,col_grp_11_fy,col_grp_11_required_rebar,col_grp_11_MainRebar_size,col_grp_11_Stirrup_size,col_grp_11_Stirrup_verticle_size,col_grp_12_ID,col_grp_12_Rot,col_grp_12_h,col_grp_12_b,col_grp_12_fck,col_grp_12_fy,col_grp_12_required_rebar,col_grp_12_MainRebar_size,col_grp_12_Stirrup_size,col_grp_12_Stirrup_verticle_size,col_grp_13_ID,col_grp_13_Rot,col_grp_13_h,col_grp_13_b,col_grp_13_fck,col_grp_13_fy,col_grp_13_required_rebar,col_grp_13_MainRebar_size,col_grp_13_Stirrup_size,col_grp_13_Stirrup_verticle_size,col_grp_14_ID,col_grp_14_Rot,col_grp_14_h,col_grp_14_b,col_grp_14_fck,col_grp_14_fy,col_grp_14_required_rebar,col_grp_14_MainRebar_size,col_grp_14_Stirrup_size,col_grp_14_Stirrup_verticle_size,col_grp_15_ID,col_grp_15_Rot,col_grp_15_h,col_grp_15_b,col_grp_15_fck,col_grp_15_fy,col_grp_15_required_rebar,col_grp_15_MainRebar_size,col_grp_15_Stirrup_size,col_grp_15_Stirrup_verticle_size,col_grp_16_ID,col_grp_16_Rot,col_grp_16_h,col_grp_16_b,col_grp_16_fck,col_grp_16_fy,col_grp_16_required_rebar,col_grp_16_MainRebar_size,col_grp_16_Stirrup_size,col_grp_16_Stirrup_verticle_size,col_grp_17_ID,col_grp_17_Rot,col_grp_17_h,col_grp_17_b,col_grp_17_fck,col_grp_17_fy,col_grp_17_required_rebar,col_grp_17_MainRebar_size,col_grp_17_Stirrup_size,col_grp_17_Stirrup_verticle_size,beam_grp_0_ID,beam_grp_0_h,beam_grp_0_b,beam_grp_0_fck,beam_grp_0_fy,beam_grp_0_N_r,beam_grp_0_dimension,beam_grp_0_stirrup,beam_grp_0_strup_space,beam_grp_1_ID,beam_grp_1_h,beam_grp_1_b,beam_grp_1_fck,beam_grp_1_fy,beam_grp_1_N_r,beam_grp_1_dimension,beam_grp_1_stirrup,beam_grp_1_strup_space,beam_grp_2_ID,beam_grp_2_h,beam_grp_2_b,beam_grp_2_fck,beam_grp_2_fy,beam_grp_2_N_r,beam_grp_2_dimension,beam_grp_2_stirrup,beam_grp_2_strup_space,beam_grp_3_ID,beam_grp_3_h,beam_grp_3_b,beam_grp_3_fck,beam_grp_3_fy,beam_grp_3_N_r,beam_grp_3_dimension,beam_grp_3_stirrup,beam_grp_3_strup_space,beam_grp_4_ID,beam_grp_4_h,beam_grp_4_b,beam_grp_4_fck,beam_grp_4_fy,beam_grp_4_N_r,beam_grp_4_dimension,beam_grp_4_stirrup,beam_grp_4_strup_space,beam_grp_5_ID,beam_grp_5_h,beam_grp_5_b,beam_grp_5_fck,beam_grp_5_fy,beam_grp_5_N_r,beam_grp_5_dimension,beam_grp_5_stirrup,beam_grp_5_strup_space,beam_grp_6_ID,beam_grp_6_h,beam_grp_6_b,beam_grp_6_fck,beam_grp_6_fy,beam_grp_6_N_r,beam_grp_6_dimension,beam_grp_6_stirrup,beam_grp_6_strup_space,beam_grp_7_ID,beam_grp_7_h,beam_grp_7_b,beam_grp_7_fck,beam_grp_7_fy,beam_grp_7_N_r,beam_grp_7_dimension,beam_grp_7_stirrup,beam_grp_7_strup_space,beam_grp_8_ID,beam_grp_8_h,beam_grp_8_b,beam_grp_8_fck,beam_grp_8_fy,beam_grp_8_N_r,beam_grp_8_dimension,beam_grp_8_stirrup,beam_grp_8_strup_space,beam_grp_9_ID,beam_grp_9_h,beam_grp_9_b,beam_grp_9_fck,beam_grp_9_fy,beam_grp_9_N_r,beam_grp_9_dimension,beam_grp_9_stirrup,beam_grp_9_strup_space,beam_grp_10_ID,beam_grp_10_h,beam_grp_10_b,beam_grp_10_fck,beam_grp_10_fy,beam_grp_10_N_r,beam_grp_10_dimension,beam_grp_10_stirrup,beam_grp_10_strup_space,beam_grp_11_ID,beam_grp_11_h,beam_grp_11_b,beam_grp_11_fck,beam_grp_11_fy,beam_grp_11_N_r,beam_grp_11_dimension,beam_grp_11_stirrup,beam_grp_11_strup_space
1,81,1,700.0,700.0,27.0,400.0,16.0,29.0,13.0,100.0,26,1,750.0,600.0,27.0,400.0,16.0,25.0,10.0,250.0,16,1,650.0,650.0,30.0,500.0,6.0,32.0,10.0,450.0,221,1,800.0,750.0,30.0,500.0,16.0,29.0,10.0,350.0,199,1,900.0,750.0,27.0,500.0,16.0,25.0,10.0,300.0,14,1,650.0,600.0,35.0,400.0,8.0,29.0,10.0,450.0,221,0,800.0,750.0,30.0,500.0,16.0,29.0,10.0,350.0,16,1,650.0,650.0,30.0,500.0,6.0,32.0,10.0,450.0,39,0,800.0,650.0,27.0,400.0,12.0,25.0,13.0,400.0,412,0,850.0,750.0,30.0,500.0,26.0,32.0,10.0,150.0,125,1,650.0,600.0,35.0,500.0,16.0,32.0,10.0,400.0,15,0,700.0,600.0,30.0,500.0,6.0,32.0,13.0,250.0,5,0,600.0,600.0,27.0,400.0,12.0,29.0,10.0,250.0,58,0,850.0,600.0,27.0,400.0,12.0,29.0,10.0,300.0,0,0,600.0,600.0,27.0,500.0,6.0,32.0,13.0,450.0,650,1,1100.0,950.0,40.0,400.0,22.0,29.0,13.0,150.0,321,0,1050.0,700.0,27.0,500.0,20.0,29.0,10.0,300.0,274,1,900.0,600.0,35.0,500.0,28.0,25.0,10.0,300.0,296,N/A,N/A,N/A,N/A,N/A,N/A,N/A,N/A,155,N/A,N/A,N/A,N/A,N/A,N/A,N/A,N/A,350,N/A,N/A,N/A,N/A,N/A,N/A,N/A,N/A,129,N/A,N/A,N/A,N/A,N/A,N/A,N/A,N/A,381,N/A,N/A,N/A,N/A,N/A,N/A,N/A,N/A,32,N/A,N/A,N/A,N/A,N/A,N/A,N/A,N/A,308,N/A,N/A,N/A,N/A,N/A,N/A,N/A,N/A,122,N/A,N/A,N/A,N/A,N/A,N/A,N/A,N/A,272,N/A,N/A,N/A,N/A,N/A,N/A,N/A,N/A,130,N/A,N/A,N/A,N/A,N/A,N/A,N/A,N/A,280,N/A,N/A,N/A,N/A,N/A,N/A,N/A,N/A,56,N/A,N/A,N/A,N/A,N/A,N/A,N/A,N/A
2,56,1,600.0,600.0,35.0,400.0,24.0,25.0,10.0,400.0,26,1,750.0,600.0,27.0,400.0,16.0,25.0,10.0,250.0,16,1,650.0,650.0,30.0,500.0,6.0,32.0,10.0,450.0,221,1,800.0,750.0,30.0,500.0,16.0,29.0,10.0,350.0,199,1,900.0,750.0,27.0,500.0,16.0,25.0,10.0,300.0,14,1,650.0,600.0,35.0,400.0,8.0,29.0,10.0,450.0,221,1,800.0,750.0,30.0,500.0,16.0,29.0,10.0,350.0,16,1,650.0,650.0,30.0,500.0,6.0,32.0,10.0,450.0,53,0,600.0,600.0,40.0,500.0,16.0,25.0,13.0,300.0,412,0,850.0,750.0,30.0,500.0,26.0,32.0,10.0,150.0,125,1,650.0,600.0,35.0,500.0,16.0,32.0,10.0,400.0,15,0,700.0,600.0,30.0,500.0,6.0,32.0,13.0,250.0,5,1,600.0,600.0,27.0,400.0,12.0,29.0,10.0,250.0,58,0,850.0,600.0,27.0,400.0,12.0,29.0,10.0,300.0,0,0,600.0,600.0,27.0,500.0,6.0,32.0,13.0,450.0,569,1,1250.0,900.0,27.0,400.0,34.0,25.0,13.0,200.0,321,1,1050.0,700.0,27.0,500.0,20.0,29.0,10.0,300.0,274,1,900.0,600.0,35.0,500.0,28.0,25.0,10.0,300.0,296,N/A,N/A,N/A,N/A,N/A,N/A,N/A,N/A,155,N/A,N/A,N/A,N/A,N/A,N/A,N/A,N/A,350,N/A,N/A,N/A,N/A,N/A,N/A,N/A,N/A,129,N/A,N/A,N/A,N/A,N/A,N/A,N/A,N/A,381,N/A,N/A,N/A,N/A,N/A,N/A,N/A,N/A,32,N/A,N/A,N/A,N/A,N/A,N/A,N/A,N/A,308,N/A,N/A,N/A,N/A,N/A,N/A,N/A,N/A,122,N/A,N/A,N/A,N/A,N/A,N/A,N/A,N/A,279,N/A,N/A,N/A,N/A,N/A,N/A,N/A,N/A,142,N/A,N/A,N/A,N/A,N/A,N/A,N/A,N/A,280,N/A,N/A,N/A,N/A,N/A,N/A,N/A,N/A,56,N/A,N/A,N/A,N/A,N/A,N/A,N/A,N/A
3,186,1,800.0,600.0,27.0,500.0,18.0,32.0,10.0,450.0,26,1,750.0,600.0,27.0,400.0,16.0,25.0,10.0,250.0,16,1,650.0,650.0,30.0,500.0,6.0,32.0,10.0,450.0,221,1,800.0,750.0,30.0,500.0,16.0,29.0,10.0,350.0,199,1,900.0,750.0,27.0,500.0,16.0,25.0,10.0,300.0,14,1,650.0,600.0,35.0,400.0,8.0,29.0,10.0,450.0,221,0,800.0,750.0,30.0,500.0,16.0,29.0,10.0,350.0,16,1,650.0,650.0,30.0,500.0,6.0,32.0,10.0,450.0,39,1,800.0,650.0,27.0,400.0,12.0,25.0,13.0,400.0,412,0,850.0,750.0,30.0,500.0,26.0,32.0,10.0,150.0,125,1,650.0,600.0,35.0,500.0,16.0,32.0,10.0,400.0,15,0,700.0,600.0,30.0,500.0,6.0,32.0,13.0,250.0,5,1,600.0,600.0,27.0,400.0,12.0,29.0,10.0,250.0,58,1,850.0,600.0,27.0,400.0,12.0,29.0,10.0,300.0,0,0,600.0,600.0,27.0,500.0,6.0,32.0,13.0,450.0,569,1,1250.0,900.0,27.0,400.0,34.0,25.0,13.0,200.0,321,0,1050.0,700.0,27.0,500.0,20.0,29.0,10.0,300.0,160,0,750.0,700.0,35.0,500.0,10.0,32.0,13.0,450.0,296,N/A,N/A,N/A,N/A,N/A,N/A,N/A,N/A,155,N/A,N/A,N/A,N/A,N/A,N/A,N/A,N/A,277,N/A,N/A,N/A,N/A,N/A,N/A,N/A,N/A,129,N/A,N/A,N/A,N/A,N/A,N/A,N/A,N/A,381,N/A,N/A,N/A,N/A,N/A,N/A,N/A,N/A,32,N/A,N/A,N/A,N/A,N/A,N/A,N/A,N/A,308,N/A,N/A,N/A,N/A,N/A,N/A,N/A,N/A,122,N/A,N/A,N/A,N/A,N/A,N/A,N/A,N/A,279,N/A,N/A,N/A,N/A,N/A,N/A,N/A,N/A,130,N/A,N/A,N/A,N/A,N/A,N/A,N/A,N/A,280,N/A,N/A,N/A,N/A,N/A,N/A,N/A,N/A,56,N/A,N/A,N/A,N/A,N/A,N/A,N/A,N/A
4,81,0,700.0,700.0,27.0,400.0,16.0,29.0,13.0,100.0,26,1,750.0,600.0,27.0,400.0,16.0,25.0,10.0,250.0,16,1,650.0,650.0,30.0,500.0,6.0,32.0,10.0,450.0,221,1,800.0,750.0,30.0,500.0,16.0,29.0,10.0,350.0,178,1,900.0,700.0,30.0,400.0,10.0,32.0,10.0,450.0,14,1,650.0,600.0,35.0,400.0,8.0,29.0,10.0,450.0,221,1,800.0,750.0,30.0,500.0,16.0,29.0,10.0,350.0,16,1,650.0,650.0,30.0,500.0,6.0,32.0,10.0,450.0,39,1,800.0,650.0,27.0,400.0,12.0,25.0,13.0,400.0,412,0,850.0,750.0,30.0,500.0,26.0,32.0,10.0,150.0,125,1,650.0,600.0,35.0,500.0,16.0,32.0,10.0,400.0,15,0,700.0,600.0,30.0,500.0,6.0,32.0,13.0,250.0,5,1,600.0,600.0,27.0,400.0,12.0,29.0,10.0,250.0,58,0,850.0,600.0,27.0,400.0,12.0,29.0,10.0,300.0,0,0,600.0,600.0,27.0,500.0,6.0,32.0,13.0,450.0,569,1,1250.0,900.0,27.0,400.0,34.0,25.0,13.0,200.0,321,1,1050.0,700.0,27.0,500.0,20.0,29.0,10.0,300.0,160,0,750.0,700.0,35.0,500.0,10.0,32.0,13.0,450.0,296,N/A,N/A,N/A,N/A,N/A,N/A,N/A,N/A,155,N/A,N/A,N/A,N/A,N/A,N/A,N/A,N/A,350,N/A,N/A,N/A,N/A,N/A,N/A,N/A,N/A,129,N/A,N/A,N/A,N/A,N/A,N/A,N/A,N/A,381,N/A,N/A,N/A,N/A,N/A,N/A,N/A,N/A,32,N/A,N/A,N/A,N/A,N/A,N/A,N/A,N/A,308,N/A,N/A,N/A,N/A,N/A,N/A,N/A,N/A,122,N/A,N/A,N/A,N/A,N/A,N/A,N/A,N/A,279,N/A,N/A,N/A,N/A,N/A,N/A,N/A,N/A,130,N/A,N/A,N/A,N/A,N/A,N/A,N/A,N/A,289,N/A,N/A,N/A,N/A,N/A,N/A,N/A,N/A,56,N/A,N/A,N/A,N/A,N/A,N/A,N/A,N/A
5,186,1,800.0,600.0,27.0,500.0,18.0,32.0,10.0,450.0,26,0,750.0,600.0,27.0,400.0,16.0,25.0,10.0,250.0,16,1,650.0,650.0,30.0,500.0,6.0,32.0,10.0,450.0,221,1,800.0,750.0,30.0,500.0,16.0,29.0,10.0,350.0,199,0,900.0,750.0,27.0,500.0,16.0,25.0,10.0,300.0,14,0,650.0,600.0,35.0,400.0,8.0,29.0,10.0,450.0,221,1,800.0,750.0,30.0,500.0,16.0,29.0,10.0,350.0,16,1,650.0,650.0,30.0,500.0,6.0,32.0,10.0,450.0,39,0,800.0,650.0,27.0,400.0,12.0,25.0,13.0,400.0,412,0,850.0,750.0,30.0,500.0,26.0,32.0,10.0,150.0,125,1,650.0,600.0,35.0,500.0,16.0,32.0,10.0,400.0,15,0,700.0,600.0,30.0,500.0,6.0,32.0,13.0,250.0,5,0,600.0,600.0,27.0,400.0,12.0,29.0,10.0,250.0,58,1,850.0,600.0,27.0,400.0,12.0,29.0,10.0,300.0,0,0,600.0,600.0,27.0,500.0,6.0,32.0,13.0,450.0,569,1,1250.0,900.0,27.0,400.0,34.0,25.0,13.0,200.0,321,1,1050.0,700.0,27.0,500.0,20.0,29.0,10.0,300.0,274,0,900.0,600.0,35.0,500.0,28.0,25.0,10.0,300.0,359,N/A,N/A,N/A,N/A,N/A,N/A,N/A,N/A,155,N/A,N/A,N/A,N/A,N/A,N/A,N/A,N/A,350,N/A,N/A,N/A,N/A,N/A,N/A,N/A,N/A,129,N/A,N/A,N/A,N/A,N/A,N/A,N/A,N/A,381,N/A,N/A,N/A,N/A,N/A,N/A,N/A,N/A,32,N/A,N/A,N/A,N/A,N/A,N/A,N/A,N/A,308,N/A,N/A,N/A,N/A,N/A,N/A,N/A,N/A,122,N/A,N/A,N/A,N/A,N/A,N/A,N/A,N/A,272,N/A,N/A,N/A,N/A,N/A,N/A,N/A,N/A,130,N/A,N/A,N/A,N/A,N/A,N/A,N/A,N/A,280,N/A,N/A,N/A,N/A,N/A,N/A,N/A,N/A,56,N/A,N/A,N/A,N/A,N/A,N/A,N/A,N/A
6,81,1,700.0,700.0,27.0,400.0,16.0,29.0,13.0,100.0,26,1,750.0,600.0,27.0,400.0,16.0,25.0,10.0,250.0,16,1,650.0,650.0,30.0,500.0,6.0,32.0,10.0,450.0,221,1,800.0,750.0,30.0,500.0,16.0,29.0,10.0,350.0,199,0,900.0,750.0,27.0,500.0,16.0,25.0,10.0,300.0,14,1,650.0,600.0,35.0,400.0,8.0,29.0,10.0,450.0,221,1,800.0,750.0,30.0,500.0,16.0,29.0,10.0,350.0,16,1,650.0,650.0,30.0,500.0,6.0,32.0,10.0,450.0,53,1,600.0,600.0,40.0,500.0,16.0,25.0,13.0,300.0,412,0,850.0,750.0,30.0,500.0,26.0,32.0,10.0,150.0,125,1,650.0,600.0,35.0,500.0,16.0,32.0,10.0,400.0,15,0,700.0,600.0,30.0,500.0,6.0,32.0,13.0,250.0,5,1,600.0,600.0,27.0,400.0,12.0,29.0,10.0,250.0,58,1,850.0,600.0,27.0,400.0,12.0,29.0,10.0,300.0,0,0,600.0,600.0,27.0,500.0,6.0,32.0,13.0,450.0,569,1,1250.0,900.0,27.0,400.0,34.0,25.0,13.0,200.0,321,0,1050.0,700.0,27.0,500.0,20.0,29.0,10.0,300.0,274,1,900.0,600.0,35.0,500.0,28.0,25.0,10.0,300.0,296,N/A,N/A,N/A,N/A,N/A,N/A,N/A,N/A,155,N/A,N/A,N/A,N/A,N/A,N/A,N/A,N/A,380,N/A,N/A,N/A,N/A,N/A,N/A,N/A,N/A,129,N/A,N/A,N/A,N/A,N/A,N/A,N/A,N/A,389,N/A,N/A,N/A,N/A,N/A,N/A,N/A,N/A,32,N/A,N/A,N/A,N/A,N/A,N/A,N/A,N/A,308,N/A,N/A,N/A,N/A,N/A,N/A,N/A,N/A,122,N/A,N/A,N/A,N/A,N/A,N/A,N/A,N/A,279,N/A,N/A,N/A,N/A,N/A,N/A,N/A,N/A,142,N/A,N/A,N/A,N/A,N/A,N/A,N/A,N/A,280,N/A,N/A,N/A,N/A,N/A,N/A,N/A,N/A,56,N/A,N/A,N/A,N/A,N/A,N/A,N/A,N/A
7,186,1,800.0,600.0,27.0,500.0,18.0,32.0,10.0,450.0,26,1,750.0,600.0,27.0,400.0,16.0,25.0,10.0,250.0,16,0,650.0,650.0,30.0,500.0,6.0,32.0,10.0,450.0,221,1,800.0,750.0,30.0,500.0,16.0,29.0,10.0,350.0,199,1,900.0,750.0,27.0,500.0,16.0,25.0,10.0,300.0,14,1,650.0,600.0,35.0,400.0,8.0,29.0,10.0,450.0,221,1,800.0,750.0,30.0,500.0,16.0,29.0,10.0,350.0,16,1,650.0,650.0,30.0,500.0,6.0,32.0,10.0,450.0,53,1,600.0,600.0,40.0,500.0,16.0,25.0,13.0,300.0,412,0,850.0,750.0,30.0,500.0,26.0,32.0,10.0,150.0,125,1,650.0,600.0,35.0,500.0,16.0,32.0,10.0,400.0,15,1,700.0,600.0,30.0,500.0,6.0,32.0,13.0,250.0,5,1,600.0,600.0,27.0,400.0,12.0,29.0,10.0,250.0,58,1,850.0,600.0,27.0,400.0,12.0,29.0,10.0,300.0,28,0,600.0,600.0,40.0,500.0,12.0,25.0,13.0,250.0,650,1,1100.0,950.0,40.0,400.0,22.0,29.0,13.0,150.0,321,0,1050.0,700.0,27.0,500.0,20.0,29.0,10.0,300.0,175,1,900.0,650.0,30.0,400.0,20.0,25.0,10.0,350.0,359,N/A,N/A,N/A,N/A,N/A,N/A,N/A,N/A,155,N/A,N/A,N/A,N/A,N/A,N/A,N/A,N/A,277,N/A,N/A,N/A,N/A,N/A,N/A,N/A,N/A,129,N/A,N/A,N/A,N/A,N/A,N/A,N/A,N/A,381,N/A,N/A,N/A,N/A,N/A,N/A,N/A,N/A,32,N/A,N/A,N/A,N/A,N/A,N/A,N/A,N/A,308,N/A,N/A,N/A,N/A,N/A,N/A,N/A,N/A,122,N/A,N/A,N/A,N/A,N/A,N/A,N/A,N/A,272,N/A,N/A,N/A,N/A,N/A,N/A,N/A,N/A,130,N/A,N/A,N/A,N/A,N/A,N/A,N/A,N/A,289,N/A,N/A,N/A,N/A,N/A,N/A,N/A,N/A,56,N/A,N/A,N/A,N/A,N/A,N/A,N/A,N/A
8,56,1,600.0,600.0,35.0,400.0,24.0,25.0,10.0,400.0,26,0,750.0,600.0,27.0,400.0,16.0,25.0,10.0,250.0,16,1,650.0,650.0,30.0,500.0,6.0,32.0,10.0,450.0,221,1,800.0,750.0,30.0,500.0,16.0,29.0,10.0,350.0,199,1,900.0,750.0,27.0,500.0,16.0,25.0,10.0,300.0,14,1,650.0,600.0,35.0,400.0,8.0,29.0,10.0,450.0,221,1,800.0,750.0,30.0,500.0,16.0,29.0,10.0,350.0,16,1,650.0,650.0,30.0,500.0,6.0,32.0,10.0,450.0,53,1,600.0,600.0,40.0,500.0,16.0,25.0,13.0,300.0,412,0,850.0,750.0,30.0,500.0,26.0,32.0,10.0,150.0,125,1,650.0,600.0,35.0,500.0,16.0,32.0,10.0,400.0,15,0,700.0,600.0,30.0,500.0,6.0,32.0,13.0,250.0,5,1,600.0,600.0,27.0,400.0,12.0,29.0,10.0,250.0,58,0,850.0,600.0,27.0,400.0,12.0,29.0,10.0,300.0,28,0,600.0,600.0,40.0,500.0,12.0,25.0,13.0,250.0,569,1,1250.0,900.0,27.0,400.0,34.0,25.0,13.0,200.0,321,0,1050.0,700.0,27.0,500.0,20.0,29.0,10.0,300.0,274,1,900.0,600.0,35.0,500.0,28.0,25.0,10.0,300.0,296,N/A,N/A,N/A,N/A,N/A,N/A,N/A,N/A,155,N/A,N/A,N/A,N/A,N/A,N/A,N/A,N/A,380,N/A,N/A,N/A,N/A,N/A,N/A,N/A,N/A,129,N/A,N/A,N/A,N/A,N/A,N/A,N/A,N/A,381,N/A,N/A,N/A,N/A,N/A,N/A,N/A,N/A,32,N/A,N/A,N/A,N/A,N/A,N/A,N/A,N/A,308,N/A,N/A,N/A,N/A,N/A,N/A,N/A,N/A,122,N/A,N/A,N/A,N/A,N/A,N/A,N/A,N/A,272,N/A,N/A,N/A,N/A,N/A,N/A,N/A,N/A,142,N/A,N/A,N/A,N/A,N/A,N/A,N/A,N/A,280,N/A,N/A,N/A,N/A,N/A,N/A,N/A,N/A,56,N/A,N/A,N/A,N/A,N/A,N/A,N/A,N/A
9,186,1,800.0,600.0,27.0,500.0,18.0,32.0,10.0,450.0,26,0,750.0,600.0,27.0,400.0,16.0,25.0,10.0,250.0,16,1,650.0,650.0,30.0,500.0,6.0,32.0,10.0,450.0,221,1,800.0,750.0,30.0,500.0,16.0,29.0,10.0,350.0,199,0,900.0,750.0,27.0,500.0,16.0,25.0,10.0,300.0,14,0,650.0,600.0,35.0,400.0,8.0,29.0,10.0,450.0,221,1,800.0,750.0,30.0,500.0,16.0,29.0,10.0,350.0,16,1,650.0,650.0,30.0,500.0,6.0,32.0,10.0,450.0,39,0,800.0,650.0,27.0,400.0,12.0,25.0,13.0,400.0,412,0,850.0,750.0,30.0,500.0,26.0,32.0,10.0,150.0,125,1,650.0,600.0,35.0,500.0,16.0,32.0,10.0,400.0,15,0,700.0,600.0,30.0,500.0,6.0,32.0,13.0,250.0,5,1,600.0,600.0,27.0,400.0,12.0,29.0,10.0,250.0,58,0,850.0,600.0,27.0,400.0,12.0,29.0,10.0,300.0,28,0,600.0,600.0,40.0,500.0,12.0,25.0,13.0,250.0,569,0,1250.0,900.0,27.0,400.0,34.0,25.0,13.0,200.0,321,1,1050.0,700.0,27.0,500.0,20.0,29.0,10.0,300.0,175,0,900.0,650.0,30.0,400.0,20.0,25.0,10.0,350.0,296,N/A,N/A,N/A,N/A,N/A,N/A,N/A,N/A,155,N/A,N/A,N/A,N/A,N/A,N/A,N/A,N/A,365,N/A,N/A,N/A,N/A,N/A,N/A,N/A,N/A,129,N/A,N/A,N/A,N/A,N/A,N/A,N/A,N/A,381,N/A,N/A,N/A,N/A,N/A,N/A,N/A,N/A,32,N/A,N/A,N/A,N/A,N/A,N/A,N/A,N/A,308,N/A,N/A,N/A,N/A,N/A,N/A,N/A,N/A,122,N/A,N/A,N/A,N/A,N/A,N/A,N/A,N/A,272,N/A,N/A,N/A,N/A,N/A,N/A,N/A,N/A,130,N/A,N/A,N/A,N/A,N/A,N/A,N/A,N/A,280,N/A,N/A,N/A,N/A,N/A,N/A,N/A,N/A,56,N/A,N/A,N/A,N/A,N/A,N/A,N/A,N/A
10,186,1,800.0,600.0,27.0,500.0,18.0,32.0,10.0,450.0,26,0,750.0,600.0,27.0,400.0,16.0,25.0,10.0,250.0,16,1,650.0,650.0,30.0,500.0,6.0,32.0,10.0,450.0,221,1,800.0,750.0,30.0,500.0,16.0,29.0,10.0,350.0,199,1,900.0,750.0,27.0,500.0,16.0,25.0,10.0,300.0,14,1,650.0,600.0,35.0,400.0,8.0,29.0,10.0,450.0,221,1,800.0,750.0,30.0,500.0,16.0,29.0,10.0,350.0,16,1,650.0,650.0,30.0,500.0,6.0,32.0,10.0,450.0,39,0,800.0,650.0,27.0,400.0,12.0,25.0,13.0,400.0,412,0,850.0,750.0,30.0,500.0,26.0,32.0,10.0,150.0,125,1,650.0,600.0,35.0,500.0,16.0,32.0,10.0,400.0,15,0,700.0,600.0,30.0,500.0,6.0,32.0,13.0,250.0,5,0,600.0,600.0,27.0,400.0,12.0,29.0,10.0,250.0,58,0,850.0,600.0,27.0,400.0,12.0,29.0,10.0,300.0,28,0,600.0,600.0,40.0,500.0,12.0,25.0,13.0,250.0,569,0,1250.0,900.0,27.0,400.0,34.0,25.0,13.0,200.0,321,1,1050.0,700.0,27.0,500.0,20.0,29.0,10.0,300.0,175,0,900.0,650.0,30.0,400.0,20.0,25.0,10.0,350.0,296,N/A,N/A,N/A,N/A,N/A,N/A,N/A,N/A,155,N/A,N/A,N/A,N/A,N/A,N/A,N/A,N/A,365,N/A,N/A,N/A,N/A,N/A,N/A,N/A,N/A,129,N/A,N/A,N/A,N/A,N/A,N/A,N/A,N/A,381,N/A,N/A,N/A,N/A,N/A,N/A,N/A,N/A,32,N/A,N/A,N/A,N/A,N/A,N/A,N/A,N/A,308,N/A,N/A,N/A,N/A,N/A,N/A,N/A,N/A,122,N/A,N/A,N/A,N/A,N/A,N/A,N/A,N/A,279,N/A,N/A,N/A,N/A,N/A,N/A,N/A,N/A,130,N/A,N/A,N/A,N/A,N/A,N/A,N/A,N/A,280,N/A,N/A,N/A,N/A,N/A,N/A,N/A,N/A,56,N/A,N/A,N/A,N/A,N/A,N/A,N/A,N/A
11,476,1,1000.0,900.0,35.0,400.0,24.0,25.0,10.0,300.0,26,0,750.0,600.0,27.0,400.0,16.0,25.0,10.0,250.0,16,1,650.0,650.0,30.0,500.0,6.0,32.0,10.0,450.0,221,1,800.0,750.0,30.0,500.0,16.0,29.0,10.0,350.0,199,0,900.0,750.0,27.0,500.0,16.0,25.0,10.0,300.0,14,1,650.0,600.0,35.0,400.0,8.0,29.0,10.0,450.0,221,1,800.0,750.0,30.0,500.0,16.0,29.0,10.0,350.0,16,1,650.0,650.0,30.0,500.0,6.0,32.0,10.0,450.0,39,0,800.0,650.0,27.0,400.0,12.0,25.0,13.0,400.0,412,0,850.0,750.0,30.0,500.0,26.0,32.0,10.0,150.0,125,1,650.0,600.0,35.0,500.0,16.0,32.0,10.0,400.0,15,0,700.0,600.0,30.0,500.0,6.0,32.0,13.0,250.0,5,1,600.0,600.0,27.0,400.0,12.0,29.0,10.0,250.0,58,1,850.0,600.0,27.0,400.0,12.0,29.0,10.0,300.0,28,0,600.0,600.0,40.0,500.0,12.0,25.0,13.0,250.0,569,1,1250.0,900.0,27.0,400.0,34.0,25.0,13.0,200.0,321,0,1050.0,700.0,27.0,500.0,20.0,29.0,10.0,300.0,175,0,900.0,650.0,30.0,400.0,20.0,25.0,10.0,350.0,359,N/A,N/A,N/A,N/A,N/A,N/A,N/A,N/A,155,N/A,N/A,N/A,N/A,N/A,N/A,N/A,N/A,350,N/A,N/A,N/A,N/A,N/A,N/A,N/A,N/A,129,N/A,N/A,N/A,N/A,N/A,N/A,N/A,N/A,381,N/A,N/A,N/A,N/A,N/A,N/A,N/A,N/A,32,N/A,N/A,N/A,N/A,N/A,N/A,N/A,N/A,308,N/A,N/A,N/A,N/A,N/A,N/A,N/A,N/A,122,N/A,N/A,N/A,N/A,N/A,N/A,N/A,N/A,272,N/A,N/A,N/A,N/A,N/A,N/A,N/A,N/A,142,N/A,N/A,N/A,N/A,N/A,N/A,N/A,N/A,289,N/A,N/A,N/A,N/A,N/A,N/A,N/A,N/A,56,N/A,N/A,N/A,N/A,N/A,N/A,N/A,N/A
12,81,1,700.0,700.0,27.0,400.0,16.0,29.0,13.0,100.0,26,1,750.0,600.0,27.0,400.0,16.0,25.0,10.0,250.0,16,1,650.0,650.0,30.0,500.0,6.0,32.0,10.0,450.0,221,1,800.0,750.0,30.0,500.0,16.0,29.0,10.0,350.0,199,1,900.0,750.0,27.0,500.0,16.0,25.0,10.0,300.0,14,1,650.0,600.0,35.0,400.0,8.0,29.0,10.0,450.0,221,1,800.0,750.0,30.0,500.0,16.0,29.0,10.0,350.0,16,1,650.0,650.0,30.0,500.0,6.0,32.0,10.0,450.0,39,0,800.0,650.0,27.0,400.0,12.0,25.0,13.0,400.0,412,0,850.0,750.0,30.0,500.0,26.0,32.0,10.0,150.0,278,0,950.0,650.0,40.0,400.0,18.0,25.0,10.0,100.0,15,0,700.0,600.0,30.0,500.0,6.0,32.0,13.0,250.0,5,0,600.0,600.0,27.0,400.0,12.0,29.0,10.0,250.0,58,1,850.0,600.0,27.0,400.0,12.0,29.0,10.0,300.0,0,0,600.0,600.0,27.0,500.0,6.0,32.0,13.0,450.0,569,1,1250.0,900.0,27.0,400.0,34.0,25.0,13.0,200.0,321,0,1050.0,700.0,27.0,500.0,20.0,29.0,10.0,300.0,274,1,900.0,600.0,35.0,500.0,28.0,25.0,10.0,300.0,296,N/A,N/A,N/A,N/A,N/A,N/A,N/A,N/A,155,N/A,N/A,N/A,N/A,N/A,N/A,N/A,N/A,380,N/A,N/A,N/A,N/A,N/A,N/A,N/A,N/A,129,N/A,N/A,N/A,N/A,N/A,N/A,N/A,N/A,381,N/A,N/A,N/A,N/A,N/A,N/A,N/A,N/A,142,N/A,N/A,N/A,N/A,N/A,N/A,N/A,N/A,308,N/A,N/A,N/A,N/A,N/A,N/A,N/A,N/A,122,N/A,N/A,N/A,N/A,N/A,N/A,N/A,N/A,279,N/A,N/A,N/A,N/A,N/A,N/A,N/A,N/A,130,N/A,N/A,N/A,N/A,N/A,N/A,N/A,N/A,280,N/A,N/A,N/A,N/A,N/A,N/A,N/A,N/A,56,N/A,N/A,N/A,N/A,N/A,N/A,N/A,N/A
13,81,1,700.0,700.0,27.0,400.0,16.0,29.0,13.0,100.0,26,0,750.0,600.0,27.0,400.0,16.0,25.0,10.0,250.0,16,1,650.0,650.0,30.0,500.0,6.0,32.0,10.0,450.0,221,1,800.0,750.0,30.0,500.0,16.0,29.0,10.0,350.0,199,1,900.0,750.0,27.0,500.0,16.0,25.0,10.0,300.0,14,1,650.0,600.0,35.0,400.0,8.0,29.0,10.0,450.0,221,0,800.0,750.0,30.0,500.0,16.0,29.0,10.0,350.0,16,1,650.0,650.0,30.0,500.0,6.0,32.0,10.0,450.0,39,0,800.0,650.0,27.0,400.0,12.0,25.0,13.0,400.0,412,0,850.0,750.0,30.0,500.0,26.0,32.0,10.0,150.0,278,0,950.0,650.0,40.0,400.0,18.0,25.0,10.0,100.0,15,0,700.0,600.0,30.0,500.0,6.0,32.0,13.0,250.0,5,0,600.0,600.0,27.0,400.0,12.0,29.0,10.0,250.0,58,1,850.0,600.0,27.0,400.0,12.0,29.0,10.0,300.0,0,0,600.0,600.0,27.0,500.0,6.0,32.0,13.0,450.0,633,1,1050.0,950.0,40.0,500.0,16.0,32.0,13.0,450.0,321,0,1050.0,700.0,27.0,500.0,20.0,29.0,10.0,300.0,274,0,900.0,600.0,35.0,500.0,28.0,25.0,10.0,300.0,296,N/A,N/A,N/A,N/A,N/A,N/A,N/A,N/A,155,N/A,N/A,N/A,N/A,N/A,N/A,N/A,N/A,380,N/A,N/A,N/A,N/A,N/A,N/A,N/A,N/A,129,N/A,N/A,N/A,N/A,N/A,N/A,N/A,N/A,381,N/A,N/A,N/A,N/A,N/A,N/A,N/A,N/A,142,N/A,N/A,N/A,N/A,N/A,N/A,N/A,N/A,308,N/A,N/A,N/A,N/A,N/A,N/A,N/A,N/A,122,N/A,N/A,N/A,N/A,N/A,N/A,N/A,N/A,279,N/A,N/A,N/A,N/A,N/A,N/A,N/A,N/A,130,N/A,N/A,N/A,N/A,N/A,N/A,N/A,N/A,280,N/A,N/A,N/A,N/A,N/A,N/A,N/A,N/A,56,N/A,N/A,N/A,N/A,N/A,N/A,N/A,N/A
14,642,1,1100.0,950.0,35.0,500.0,32.0,25.0,13.0,300.0,26,1,750.0,600.0,27.0,400.0,16.0,25.0,10.0,250.0,16,0,650.0,650.0,30.0,500.0,6.0,32.0,10.0,450.0,221,1,800.0,750.0,30.0,500.0,16.0,29.0,10.0,350.0,199,0,900.0,750.0,27.0,500.0,16.0,25.0,10.0,300.0,14,1,650.0,600.0,35.0,400.0,8.0,29.0,10.0,450.0,221,0,800.0,750.0,30.0,500.0,16.0,29.0,10.0,350.0,16,1,650.0,650.0,30.0,500.0,6.0,32.0,10.0,450.0,39,0,800.0,650.0,27.0,400.0,12.0,25.0,13.0,400.0,412,0,850.0,750.0,30.0,500.0,26.0,32.0,10.0,150.0,278,0,950.0,650.0,40.0,400.0,18.0,25.0,10.0,100.0,15,0,700.0,600.0,30.0,500.0,6.0,32.0,13.0,250.0,5,0,600.0,600.0,27.0,400.0,12.0,29.0,10.0,250.0,58,1,850.0,600.0,27.0,400.0,12.0,29.0,10.0,300.0,0,0,600.0,600.0,27.0,500.0,6.0,32.0,13.0,450.0,569,0,1250.0,900.0,27.0,400.0,34.0,25.0,13.0,200.0,321,1,1050.0,700.0,27.0,500.0,20.0,29.0,10.0,300.0,274,1,900.0,600.0,35.0,500.0,28.0,25.0,10.0,300.0,296,N/A,N/A,N/A,N/A,N/A,N/A,N/A,N/A,155,N/A,N/A,N/A,N/A,N/A,N/A,N/A,N/A,350,N/A,N/A,N/A,N/A,N/A,N/A,N/A,N/A,129,N/A,N/A,N/A,N/A,N/A,N/A,N/A,N/A,381,N/A,N/A,N/A,N/A,N/A,N/A,N/A,N/A,142,N/A,N/A,N/A,N/A,N/A,N/A,N/A,N/A,308,N/A,N/A,N/A,N/A,N/A,N/A,N/A,N/A,122,N/A,N/A,N/A,N/A,N/A,N/A,N/A,N/A,279,N/A,N/A,N/A,N/A,N/A,N/A,N/A,N/A,130,N/A,N/A,N/A,N/A,N/A,N/A,N/A,N/A,289,N/A,N/A,N/A,N/A,N/A,N/A,N/A,N/A,56,N/A,N/A,N/A,N/A,N/A,N/A,N/A,N/A
15,186,1,800.0,600.0,27.0,500.0,18.0,32.0,10.0,450.0,26,1,750.0,600.0,27.0,400.0,16.0,25.0,10.0,250.0,16,1,650.0,650.0,30.0,500.0,6.0,32.0,10.0,450.0,221,1,800.0,750.0,30.0,500.0,16.0,29.0,10.0,350.0,178,1,900.0,700.0,30.0,400.0,10.0,32.0,10.0,450.0,14,0,650.0,600.0,35.0,400.0,8.0,29.0,10.0,450.0,221,1,800.0,750.0,30.0,500.0,16.0,29.0,10.0,350.0,16,0,650.0,650.0,30.0,500.0,6.0,32.0,10.0,450.0,16,0,650.0,650.0,30.0,500.0,6.0,32.0,10.0,450.0,412,0,850.0,750.0,30.0,500.0,26.0,32.0,10.0,150.0,125,1,650.0,600.0,35.0,500.0,16.0,32.0,10.0,400.0,15,0,700.0,600.0,30.0,500.0,6.0,32.0,13.0,250.0,5,0,600.0,600.0,27.0,400.0,12.0,29.0,10.0,250.0,58,0,850.0,600.0,27.0,400.0,12.0,29.0,10.0,300.0,28,0,600.0,600.0,40.0,500.0,12.0,25.0,13.0,250.0,650,1,1100.0,950.0,40.0,400.0,22.0,29.0,13.0,150.0,321,0,1050.0,700.0,27.0,500.0,20.0,29.0,10.0,300.0,25,0,700.0,600.0,30.0,400.0,12.0,29.0,10.0,150.0,359,N/A,N/A,N/A,N/A,N/A,N/A,N/A,N/A,155,N/A,N/A,N/A,N/A,N/A,N/A,N/A,N/A,350,N/A,N/A,N/A,N/A,N/A,N/A,N/A,N/A,129,N/A,N/A,N/A,N/A,N/A,N/A,N/A,N/A,381,N/A,N/A,N/A,N/A,N/A,N/A,N/A,N/A,126,N/A,N/A,N/A,N/A,N/A,N/A,N/A,N/A,308,N/A,N/A,N/A,N/A,N/A,N/A,N/A,N/A,122,N/A,N/A,N/A,N/A,N/A,N/A,N/A,N/A,279,N/A,N/A,N/A,N/A,N/A,N/A,N/A,N/A,142,N/A,N/A,N/A,N/A,N/A,N/A,N/A,N/A,280,N/A,N/A,N/A,N/A,N/A,N/A,N/A,N/A,56,N/A,N/A,N/A,N/A,N/A,N/A,N/A,N/A
16,186,1,800.0,600.0,27.0,500.0,18.0,32.0,10.0,450.0,26,0,750.0,600.0,27.0,400.0,16.0,25.0,10.0,250.0,16,1,650.0,650.0,30.0,500.0,6.0,32.0,10.0,450.0,221,1,800.0,750.0,30.0,500.0,16.0,29.0,10.0,350.0,199,0,900.0,750.0,27.0,500.0,16.0,25.0,10.0,300.0,14,1,650.0,600.0,35.0,400.0,8.0,29.0,10.0,450.0,221,1,800.0,750.0,30.0,500.0,16.0,29.0,10.0,350.0,16,1,650.0,650.0,30.0,500.0,6.0,32.0,10.0,450.0,39,1,800.0,650.0,27.0,400.0,12.0,25.0,13.0,400.0,412,0,850.0,750.0,30.0,500.0,26.0,32.0,10.0,150.0,278,1,950.0,650.0,40.0,400.0,18.0,25.0,10.0,100.0,15,0,700.0,600.0,30.0,500.0,6.0,32.0,13.0,250.0,5,0,600.0,600.0,27.0,400.0,12.0,29.0,10.0,250.0,58,0,850.0,600.0,27.0,400.0,12.0,29.0,10.0,300.0,28,0,600.0,600.0,40.0,500.0,12.0,25.0,13.0,250.0,569,1,1250.0,900.0,27.0,400.0,34.0,25.0,13.0,200.0,321,0,1050.0,700.0,27.0,500.0,20.0,29.0,10.0,300.0,274,0,900.0,600.0,35.0,500.0,28.0,25.0,10.0,300.0,359,N/A,N/A,N/A,N/A,N/A,N/A,N/A,N/A,155,N/A,N/A,N/A,N/A,N/A,N/A,N/A,N/A,365,N/A,N/A,N/A,N/A,N/A,N/A,N/A,N/A,129,N/A,N/A,N/A,N/A,N/A,N/A,N/A,N/A,381,N/A,N/A,N/A,N/A,N/A,N/A,N/A,N/A,142,N/A,N/A,N/A,N/A,N/A,N/A,N/A,N/A,308,N/A,N/A,N/A,N/A,N/A,N/A,N/A,N/A,122,N/A,N/A,N/A,N/A,N/A,N/A,N/A,N/A,279,N/A,N/A,N/A,N/A,N/A,N/A,N/A,N/A,142,N/A,N/A,N/A,N/A,N/A,N/A,N/A,N/A,280,N/A,N/A,N/A,N/A,N/A,N/A,N/A,N/A,56,N/A,N/A,N/A,N/A,N/A,N/A,N/A,N/A
17,578,1,900.0,850.0,40.0,400.0,30.0,32.0,10.0,100.0,26,0,750.0,600.0,27.0,400.0,16.0,25.0,10.0,250.0,16,0,650.0,650.0,30.0,500.0,6.0,32.0,10.0,450.0,221,1,800.0,750.0,30.0,500.0,16.0,29.0,10.0,350.0,199,0,900.0,750.0,27.0,500.0,16.0,25.0,10.0,300.0,14,1,650.0,600.0,35.0,400.0,8.0,29.0,10.0,450.0,221,1,800.0,750.0,30.0,500.0,16.0,29.0,10.0,350.0,16,1,650.0,650.0,30.0,500.0,6.0,32.0,10.0,450.0,39,0,800.0,650.0,27.0,400.0,12.0,25.0,13.0,400.0,412,0,850.0,750.0,30.0,500.0,26.0,32.0,10.0,150.0,278,1,950.0,650.0,40.0,400.0,18.0,25.0,10.0,100.0,15,0,700.0,600.0,30.0,500.0,6.0,32.0,13.0,250.0,54,1,650.0,650.0,35.0,400.0,12.0,29.0,10.0,400.0,58,1,850.0,600.0,27.0,400.0,12.0,29.0,10.0,300.0,0,0,600.0,600.0,27.0,500.0,6.0,32.0,13.0,450.0,650,0,1100.0,950.0,40.0,400.0,22.0,29.0,13.0,150.0,321,1,1050.0,700.0,27.0,500.0,20.0,29.0,10.0,300.0,175,1,900.0,650.0,30.0,400.0,20.0,25.0,10.0,350.0,296,N/A,N/A,N/A,N/A,N/A,N/A,N/A,N/A,155,N/A,N/A,N/A,N/A,N/A,N/A,N/A,N/A,380,N/A,N/A,N/A,N/A,N/A,N/A,N/A,N/A,129,N/A,N/A,N/A,N/A,N/A,N/A,N/A,N/A,381,N/A,N/A,N/A,N/A,N/A,N/A,N/A,N/A,142,N/A,N/A,N/A,N/A,N/A,N/A,N/A,N/A,308,N/A,N/A,N/A,N/A,N/A,N/A,N/A,N/A,122,N/A,N/A,N/A,N/A,N/A,N/A,N/A,N/A,279,N/A,N/A,N/A,N/A,N/A,N/A,N/A,N/A,142,N/A,N/A,N/A,N/A,N/A,N/A,N/A,N/A,280,N/A,N/A,N/A,N/A,N/A,N/A,N/A,N/A,56,N/A,N/A,N/A,N/A,N/A,N/A,N/A,N/A
18,186,1,800.0,600.0,27.0,500.0,18.0,32.0,10.0,450.0,26,1,750.0,600.0,27.0,400.0,16.0,25.0,10.0,250.0,16,0,650.0,650.0,30.0,500.0,6.0,32.0,10.0,450.0,221,1,800.0,750.0,30.0,500.0,16.0,29.0,10.0,350.0,199,0,900.0,750.0,27.0,500.0,16.0,25.0,10.0,300.0,14,0,650.0,600.0,35.0,400.0,8.0,29.0,10.0,450.0,221,1,800.0,750.0,30.0,500.0,16.0,29.0,10.0,350.0,16,1,650.0,650.0,30.0,500.0,6.0,32.0,10.0,450.0,53,0,600.0,600.0,40.0,500.0,16.0,25.0,13.0,300.0,412,0,850.0,750.0,30.0,500.0,26.0,32.0,10.0,150.0,125,1,650.0,600.0,35.0,500.0,16.0,32.0,10.0,400.0,15,0,700.0,600.0,30.0,500.0,6.0,32.0,13.0,250.0,5,0,600.0,600.0,27.0,400.0,12.0,29.0,10.0,250.0,58,1,850.0,600.0,27.0,400.0,12.0,29.0,10.0,300.0,28,0,600.0,600.0,40.0,500.0,12.0,25.0,13.0,250.0,650,1,1100.0,950.0,40.0,400.0,22.0,29.0,13.0,150.0,321,0,1050.0,700.0,27.0,500.0,20.0,29.0,10.0,300.0,175,0,900.0,650.0,30.0,400.0,20.0,25.0,10.0,350.0,296,N/A,N/A,N/A,N/A,N/A,N/A,N/A,N/A,155,N/A,N/A,N/A,N/A,N/A,N/A,N/A,N/A,362,N/A,N/A,N/A,N/A,N/A,N/A,N/A,N/A,129,N/A,N/A,N/A,N/A,N/A,N/A,N/A,N/A,381,N/A,N/A,N/A,N/A,N/A,N/A,N/A,N/A,126,N/A,N/A,N/A,N/A,N/A,N/A,N/A,N/A,308,N/A,N/A,N/A,N/A,N/A,N/A,N/A,N/A,122,N/A,N/A,N/A,N/A,N/A,N/A,N/A,N/A,279,N/A,N/A,N/A,N/A,N/A,N/A,N/A,N/A,143,N/A,N/A,N/A,N/A,N/A,N/A,N/A,N/A,280,N/A,N/A,N/A,N/A,N/A,N/A,N/A,N/A,55,N/A,N/A,N/A,N/A,N/A,N/A,N/A,N/A
19,280,1,850.0,800.0,35.0,400.0,14.0,29.0,10.0,250.0,26,0,750.0,600.0,27.0,400.0,16.0,25.0,10.0,250.0,16,0,650.0,650.0,30.0,500.0,6.0,32.0,10.0,450.0,221,1,800.0,750.0,30.0,500.0,16.0,29.0,10.0,350.0,199,1,900.0,750.0,27.0,500.0,16.0,25.0,10.0,300.0,14,1,650.0,600.0,35.0,400.0,8.0,29.0,10.0,450.0,221,1,800.0,750.0,30.0,500.0,16.0,29.0,10.0,350.0,16,1,650.0,650.0,30.0,500.0,6.0,32.0,10.0,450.0,39,1,800.0,650.0,27.0,400.0,12.0,25.0,13.0,400.0,412,1,850.0,750.0,30.0,500.0,26.0,32.0,10.0,150.0,125,1,650.0,600.0,35.0,500.0,16.0,32.0,10.0,400.0,15,0,700.0,600.0,30.0,500.0,6.0,32.0,13.0,250.0,5,0,600.0,600.0,27.0,400.0,12.0,29.0,10.0,250.0,58,1,850.0,600.0,27.0,400.0,12.0,29.0,10.0,300.0,28,0,600.0,600.0,40.0,500.0,12.0,25.0,13.0,250.0,650,1,1100.0,950.0,40.0,400.0,22.0,29.0,13.0,150.0,321,1,1050.0,700.0,27.0,500.0,20.0,29.0,10.0,300.0,274,1,900.0,600.0,35.0,500.0,28.0,25.0,10.0,300.0,296,N/A,N/A,N/A,N/A,N/A,N/A,N/A,N/A,155,N/A,N/A,N/A,N/A,N/A,N/A,N/A,N/A,362,N/A,N/A,N/A,N/A,N/A,N/A,N/A,N/A,129,N/A,N/A,N/A,N/A,N/A,N/A,N/A,N/A,381,N/A,N/A,N/A,N/A,N/A,N/A,N/A,N/A,126,N/A,N/A,N/A,N/A,N/A,N/A,N/A,N/A,308,N/A,N/A,N/A,N/A,N/A,N/A,N/A,N/A,122,N/A,N/A,N/A,N/A,N/A,N/A,N/A,N/A,272,N/A,N/A,N/A,N/A,N/A,N/A,N/A,N/A,142,N/A,N/A,N/A,N/A,N/A,N/A,N/A,N/A,280,N/A,N/A,N/A,N/A,N/A,N/A,N/A,N/A,56,N/A,N/A,N/A,N/A,N/A,N/A,N/A,N/A
20,642,0,1100.0,950.0,35.0,500.0,32.0,25.0,13.0,300.0,26,1,750.0,600.0,27.0,400.0,16.0,25.0,10.0,250.0,16,1,650.0,650.0,30.0,500.0,6.0,32.0,10.0,450.0,221,1,800.0,750.0,30.0,500.0,16.0,29.0,10.0,350.0,199,0,900.0,750.0,27.0,500.0,16.0,25.0,10.0,300.0,14,1,650.0,600.0,35.0,400.0,8.0,29.0,10.0,450.0,221,1,800.0,750.0,30.0,500.0,16.0,29.0,10.0,350.0,16,1,650.0,650.0,30.0,500.0,6.0,32.0,10.0,450.0,39,1,800.0,650.0,27.0,400.0,12.0,25.0,13.0,400.0,412,0,850.0,750.0,30.0,500.0,26.0,32.0,10.0,150.0,125,1,650.0,600.0,35.0,500.0,16.0,32.0,10.0,400.0,15,0,700.0,600.0,30.0,500.0,6.0,32.0,13.0,250.0,5,1,600.0,600.0,27.0,400.0,12.0,29.0,10.0,250.0,58,1,850.0,600.0,27.0,400.0,12.0,29.0,10.0,300.0,0,0,600.0,600.0,27.0,500.0,6.0,32.0,13.0,450.0,650,1,1100.0,950.0,40.0,400.0,22.0,29.0,13.0,150.0,321,0,1050.0,700.0,27.0,500.0,20.0,29.0,10.0,300.0,175,1,900.0,650.0,30.0,400.0,20.0,25.0,10.0,350.0,359,N/A,N/A,N/A,N/A,N/A,N/A,N/A,N/A,155,N/A,N/A,N/A,N/A,N/A,N/A,N/A,N/A,277,N/A,N/A,N/A,N/A,N/A,N/A,N/A,N/A,129,N/A,N/A,N/A,N/A,N/A,N/A,N/A,N/A,381,N/A,N/A,N/A,N/A,N/A,N/A,N/A,N/A,126,N/A,N/A,N/A,N/A,N/A,N/A,N/A,N/A,308,N/A,N/A,N/A,N/A,N/A,N/A,N/A,N/A,122,N/A,N/A,N/A,N/A,N/A,N/A,N/A,N/A,279,N/A,N/A,N/A,N/A,N/A,N/A,N/A,N/A,142,N/A,N/A,N/A,N/A,N/A,N/A,N/A,N/A,289,N/A,N/A,N/A,N/A,N/A,N/A,N/A,N/A,56,N/A,N/A,N/A,N/A,N/A,N/A,N/A,N/A
21,642,1,1100.0,950.0,35.0,500.0,32.0,25.0,13.0,300.0,26,0,750.0,600.0,27.0,400.0,16.0,25.0,10.0,250.0,16,0,650.0,650.0,30.0,500.0,6.0,32.0,10.0,450.0,221,1,800.0,750.0,30.0,500.0,16.0,29.0,10.0,350.0,199,0,900.0,750.0,27.0,500.0,16.0,25.0,10.0,300.0,14,1,650.0,600.0,35.0,400.0,8.0,29.0,10.0,450.0,221,0,800.0,750.0,30.0,500.0,16.0,29.0,10.0,350.0,16,1,650.0,650.0,30.0,500.0,6.0,32.0,10.0,450.0,39,0,800.0,650.0,27.0,400.0,12.0,25.0,13.0,400.0,412,0,850.0,750.0,30.0,500.0,26.0,32.0,10.0,150.0,125,1,650.0,600.0,35.0,500.0,16.0,32.0,10.0,400.0,15,0,700.0,600.0,30.0,500.0,6.0,32.0,13.0,250.0,5,0,600.0,600.0,27.0,400.0,12.0,29.0,10.0,250.0,58,1,850.0,600.0,27.0,400.0,12.0,29.0,10.0,300.0,28,0,600.0,600.0,40.0,500.0,12.0,25.0,13.0,250.0,650,1,1100.0,950.0,40.0,400.0,22.0,29.0,13.0,150.0,321,0,1050.0,700.0,27.0,500.0,20.0,29.0,10.0,300.0,274,1,900.0,600.0,35.0,500.0,28.0,25.0,10.0,300.0,296,N/A,N/A,N/A,N/A,N/A,N/A,N/A,N/A,155,N/A,N/A,N/A,N/A,N/A,N/A,N/A,N/A,362,N/A,N/A,N/A,N/A,N/A,N/A,N/A,N/A,129,N/A,N/A,N/A,N/A,N/A,N/A,N/A,N/A,381,N/A,N/A,N/A,N/A,N/A,N/A,N/A,N/A,126,N/A,N/A,N/A,N/A,N/A,N/A,N/A,N/A,308,N/A,N/A,N/A,N/A,N/A,N/A,N/A,N/A,122,N/A,N/A,N/A,N/A,N/A,N/A,N/A,N/A,272,N/A,N/A,N/A,N/A,N/A,N/A,N/A,N/A,142,N/A,N/A,N/A,N/A,N/A,N/A,N/A,N/A,280,N/A,N/A,N/A,N/A,N/A,N/A,N/A,N/A,56,N/A,N/A,N/A,N/A,N/A,N/A,N/A,N/A
22,642,0,1100.0,950.0,35.0,500.0,32.0,25.0,13.0,300.0,26,1,750.0,600.0,27.0,400.0,16.0,25.0,10.0,250.0,16,1,650.0,650.0,30.0,500.0,6.0,32.0,10.0,450.0,221,1,800.0,750.0,30.0,500.0,16.0,29.0,10.0,350.0,178,1,900.0,700.0,30.0,400.0,10.0,32.0,10.0,450.0,14,1,650.0,600.0,35.0,400.0,8.0,29.0,10.0,450.0,221,1,800.0,750.0,30.0,500.0,16.0,29.0,10.0,350.0,16,1,650.0,650.0,30.0,500.0,6.0,32.0,10.0,450.0,53,1,600.0,600.0,40.0,500.0,16.0,25.0,13.0,300.0,412,0,850.0,750.0,30.0,500.0,26.0,32.0,10.0,150.0,125,1,650.0,600.0,35.0,500.0,16.0,32.0,10.0,400.0,15,0,700.0,600.0,30.0,500.0,6.0,32.0,13.0,250.0,5,1,600.0,600.0,27.0,400.0,12.0,29.0,10.0,250.0,58,1,850.0,600.0,27.0,400.0,12.0,29.0,10.0,300.0,28,0,600.0,600.0,40.0,500.0,12.0,25.0,13.0,250.0,569,1,1250.0,900.0,27.0,400.0,34.0,25.0,13.0,200.0,321,1,1050.0,700.0,27.0,500.0,20.0,29.0,10.0,300.0,175,1,900.0,650.0,30.0,400.0,20.0,25.0,10.0,350.0,296,N/A,N/A,N/A,N/A,N/A,N/A,N/A,N/A,155,N/A,N/A,N/A,N/A,N/A,N/A,N/A,N/A,362,N/A,N/A,N/A,N/A,N/A,N/A,N/A,N/A,129,N/A,N/A,N/A,N/A,N/A,N/A,N/A,N/A,381,N/A,N/A,N/A,N/A,N/A,N/A,N/A,N/A,126,N/A,N/A,N/A,N/A,N/A,N/A,N/A,N/A,308,N/A,N/A,N/A,N/A,N/A,N/A,N/A,N/A,122,N/A,N/A,N/A,N/A,N/A,N/A,N/A,N/A,279,N/A,N/A,N/A,N/A,N/A,N/A,N/A,N/A,142,N/A,N/A,N/A,N/A,N/A,N/A,N/A,N/A,280,N/A,N/A,N/A,N/A,N/A,N/A,N/A,N/A,56,N/A,N/A,N/A,N/A,N/A,N/A,N/A,N/A
23,476,1,1000.0,900.0,35.0,400.0,24.0,25.0,10.0,300.0,26,0,750.0,600.0,27.0,400.0,16.0,25.0,10.0,250.0,16,0,650.0,650.0,30.0,500.0,6.0,32.0,10.0,450.0,221,1,800.0,750.0,30.0,500.0,16.0,29.0,10.0,350.0,199,1,900.0,750.0,27.0,500.0,16.0,25.0,10.0,300.0,14,1,650.0,600.0,35.0,400.0,8.0,29.0,10.0,450.0,221,1,800.0,750.0,30.0,500.0,16.0,29.0,10.0,350.0,16,1,650.0,650.0,30.0,500.0,6.0,32.0,10.0,450.0,39,0,800.0,650.0,27.0,400.0,12.0,25.0,13.0,400.0,412,0,850.0,750.0,30.0,500.0,26.0,32.0,10.0,150.0,188,1,950.0,650.0,27.0,500.0,14.0,29.0,13.0,200.0,15,0,700.0,600.0,30.0,500.0,6.0,32.0,13.0,250.0,54,0,650.0,650.0,35.0,400.0,12.0,29.0,10.0,400.0,58,1,850.0,600.0,27.0,400.0,12.0,29.0,10.0,300.0,28,0,600.0,600.0,40.0,500.0,12.0,25.0,13.0,250.0,633,1,1050.0,950.0,40.0,500.0,16.0,32.0,13.0,450.0,321,0,1050.0,700.0,27.0,500.0,20.0,29.0,10.0,300.0,175,0,900.0,650.0,30.0,400.0,20.0,25.0,10.0,350.0,359,N/A,N/A,N/A,N/A,N/A,N/A,N/A,N/A,155,N/A,N/A,N/A,N/A,N/A,N/A,N/A,N/A,380,N/A,N/A,N/A,N/A,N/A,N/A,N/A,N/A,129,N/A,N/A,N/A,N/A,N/A,N/A,N/A,N/A,381,N/A,N/A,N/A,N/A,N/A,N/A,N/A,N/A,263,N/A,N/A,N/A,N/A,N/A,N/A,N/A,N/A,308,N/A,N/A,N/A,N/A,N/A,N/A,N/A,N/A,122,N/A,N/A,N/A,N/A,N/A,N/A,N/A,N/A,279,N/A,N/A,N/A,N/A,N/A,N/A,N/A,N/A,142,N/A,N/A,N/A,N/A,N/A,N/A,N/A,N/A,280,N/A,N/A,N/A,N/A,N/A,N/A,N/A,N/A,56,N/A,N/A,N/A,N/A,N/A,N/A,N/A,N/A
24,578,1,900.0,850.0,40.0,400.0,30.0,32.0,10.0,100.0,26,0,750.0,600.0,27.0,400.0,16.0,25.0,10.0,250.0,16,1,650.0,650.0,30.0,500.0,6.0,32.0,10.0,450.0,221,1,800.0,750.0,30.0,500.0,16.0,29.0,10.0,350.0,199,1,900.0,750.0,27.0,500.0,16.0,25.0,10.0,300.0,14,1,650.0,600.0,35.0,400.0,8.0,29.0,10.0,450.0,221,1,800.0,750.0,30.0,500.0,16.0,29.0,10.0,350.0,16,0,650.0,650.0,30.0,500.0,6.0,32.0,10.0,450.0,39,0,800.0,650.0,27.0,400.0,12.0,25.0,13.0,400.0,412,0,850.0,750.0,30.0,500.0,26.0,32.0,10.0,150.0,188,1,950.0,650.0,27.0,500.0,14.0,29.0,13.0,200.0,15,1,700.0,600.0,30.0,500.0,6.0,32.0,13.0,250.0,5,0,600.0,600.0,27.0,400.0,12.0,29.0,10.0,250.0,58,0,850.0,600.0,27.0,400.0,12.0,29.0,10.0,300.0,28,0,600.0,600.0,40.0,500.0,12.0,25.0,13.0,250.0,650,1,1100.0,950.0,40.0,400.0,22.0,29.0,13.0,150.0,321,1,1050.0,700.0,27.0,500.0,20.0,29.0,10.0,300.0,175,0,900.0,650.0,30.0,400.0,20.0,25.0,10.0,350.0,359,N/A,N/A,N/A,N/A,N/A,N/A,N/A,N/A,155,N/A,N/A,N/A,N/A,N/A,N/A,N/A,N/A,380,N/A,N/A,N/A,N/A,N/A,N/A,N/A,N/A,129,N/A,N/A,N/A,N/A,N/A,N/A,N/A,N/A,381,N/A,N/A,N/A,N/A,N/A,N/A,N/A,N/A,263,N/A,N/A,N/A,N/A,N/A,N/A,N/A,N/A,308,N/A,N/A,N/A,N/A,N/A,N/A,N/A,N/A,263,N/A,N/A,N/A,N/A,N/A,N/A,N/A,N/A,272,N/A,N/A,N/A,N/A,N/A,N/A,N/A,N/A,142,N/A,N/A,N/A,N/A,N/A,N/A,N/A,N/A,280,N/A,N/A,N/A,N/A,N/A,N/A,N/A,N/A,56,N/A,N/A,N/A,N/A,N/A,N/A,N/A,N/A
25,578,0,900.0,850.0,40.0,400.0,30.0,32.0,10.0,100.0,26,1,750.0,600.0,27.0,400.0,16.0,25.0,10.0,250.0,16,1,650.0,650.0,30.0,500.0,6.0,32.0,10.0,450.0,221,1,800.0,750.0,30.0,500.0,16.0,29.0,10.0,350.0,199,1,900.0,750.0,27.0,500.0,16.0,25.0,10.0,300.0,14,1,650.0,600.0,35.0,400.0,8.0,29.0,10.0,450.0,221,1,800.0,750.0,30.0,500.0,16.0,29.0,10.0,350.0,16,1,650.0,650.0,30.0,500.0,6.0,32.0,10.0,450.0,39,1,800.0,650.0,27.0,400.0,12.0,25.0,13.0,400.0,412,0,850.0,750.0,30.0,500.0,26.0,32.0,10.0,150.0,188,1,950.0,650.0,27.0,500.0,14.0,29.0,13.0,200.0,15,0,700.0,600.0,30.0,500.0,6.0,32.0,13.0,250.0,54,0,650.0,650.0,35.0,400.0,12.0,29.0,10.0,400.0,58,1,850.0,600.0,27.0,400.0,12.0,29.0,10.0,300.0,28,0,600.0,600.0,40.0,500.0,12.0,25.0,13.0,250.0,592,0,1150.0,850.0,30.0,400.0,34.0,29.0,10.0,250.0,321,1,1050.0,700.0,27.0,500.0,20.0,29.0,10.0,300.0,175,1,900.0,650.0,30.0,400.0,20.0,25.0,10.0,350.0,372,N/A,N/A,N/A,N/A,N/A,N/A,N/A,N/A,155,N/A,N/A,N/A,N/A,N/A,N/A,N/A,N/A,362,N/A,N/A,N/A,N/A,N/A,N/A,N/A,N/A,129,N/A,N/A,N/A,N/A,N/A,N/A,N/A,N/A,381,N/A,N/A,N/A,N/A,N/A,N/A,N/A,N/A,263,N/A,N/A,N/A,N/A,N/A,N/A,N/A,N/A,308,N/A,N/A,N/A,N/A,N/A,N/A,N/A,N/A,263,N/A,N/A,N/A,N/A,N/A,N/A,N/A,N/A,272,N/A,N/A,N/A,N/A,N/A,N/A,N/A,N/A,143,N/A,N/A,N/A,N/A,N/A,N/A,N/A,N/A,280,N/A,N/A,N/A,N/A,N/A,N/A,N/A,N/A,56,N/A,N/A,N/A,N/A,N/A,N/A,N/A,N/A
26,642,0,1100.0,950.0,35.0,500.0,32.0,25.0,13.0,300.0,125,1,650.0,600.0,35.0,500.0,16.0,32.0,10.0,400.0,16,1,650.0,650.0,30.0,500.0,6.0,32.0,10.0,450.0,221,1,800.0,750.0,30.0,500.0,16.0,29.0,10.0,350.0,178,0,900.0,700.0,30.0,400.0,10.0,32.0,10.0,450.0,14,0,650.0,600.0,35.0,400.0,8.0,29.0,10.0,450.0,221,1,800.0,750.0,30.0,500.0,16.0,29.0,10.0,350.0,16,0,650.0,650.0,30.0,500.0,6.0,32.0,10.0,450.0,39,0,800.0,650.0,27.0,400.0,12.0,25.0,13.0,400.0,412,0,850.0,750.0,30.0,500.0,26.0,32.0,10.0,150.0,188,0,950.0,650.0,27.0,500.0,14.0,29.0,13.0,200.0,15,0,700.0,600.0,30.0,500.0,6.0,32.0,13.0,250.0,54,0,650.0,650.0,35.0,400.0,12.0,29.0,10.0,400.0,58,0,850.0,600.0,27.0,400.0,12.0,29.0,10.0,300.0,28,0,600.0,600.0,40.0,500.0,12.0,25.0,13.0,250.0,633,1,1050.0,950.0,40.0,500.0,16.0,32.0,13.0,450.0,321,1,1050.0,700.0,27.0,500.0,20.0,29.0,10.0,300.0,175,0,900.0,650.0,30.0,400.0,20.0,25.0,10.0,350.0,372,N/A,N/A,N/A,N/A,N/A,N/A,N/A,N/A,155,N/A,N/A,N/A,N/A,N/A,N/A,N/A,N/A,362,N/A,N/A,N/A,N/A,N/A,N/A,N/A,N/A,129,N/A,N/A,N/A,N/A,N/A,N/A,N/A,N/A,381,N/A,N/A,N/A,N/A,N/A,N/A,N/A,N/A,263,N/A,N/A,N/A,N/A,N/A,N/A,N/A,N/A,308,N/A,N/A,N/A,N/A,N/A,N/A,N/A,N/A,263,N/A,N/A,N/A,N/A,N/A,N/A,N/A,N/A,272,N/A,N/A,N/A,N/A,N/A,N/A,N/A,N/A,142,N/A,N/A,N/A,N/A,N/A,N/A,N/A,N/A,280,N/A,N/A,N/A,N/A,N/A,N/A,N/A,N/A,56,N/A,N/A,N/A,N/A,N/A,N/A,N/A,N/A
27,642,0,1100.0,950.0,35.0,500.0,32.0,25.0,13.0,300.0,192,1,900.0,650.0,27.0,400.0,20.0,29.0,13.0,150.0,16,1,650.0,650.0,30.0,500.0,6.0,32.0,10.0,450.0,221,1,800.0,750.0,30.0,500.0,16.0,29.0,10.0,350.0,178,1,900.0,700.0,30.0,400.0,10.0,32.0,10.0,450.0,14,0,650.0,600.0,35.0,400.0,8.0,29.0,10.0,450.0,221,0,800.0,750.0,30.0,500.0,16.0,29.0,10.0,350.0,234,1,750.0,600.0,40.0,500.0,18.0,32.0,13.0,400.0,39,0,800.0,650.0,27.0,400.0,12.0,25.0,13.0,400.0,555,1,950.0,800.0,40.0,400.0,28.0,32.0,13.0,500.0,279,1,950.0,650.0,30.0,500.0,16.0,32.0,10.0,150.0,15,0,700.0,600.0,30.0,500.0,6.0,32.0,13.0,250.0,192,0,900.0,650.0,27.0,400.0,20.0,29.0,13.0,150.0,58,1,850.0,600.0,27.0,400.0,12.0,29.0,10.0,300.0,28,1,600.0,600.0,40.0,500.0,12.0,25.0,13.0,250.0,633,1,1050.0,950.0,40.0,500.0,16.0,32.0,13.0,450.0,191,0,750.0,700.0,30.0,400.0,18.0,32.0,13.0,200.0,186,1,800.0,600.0,27.0,500.0,18.0,32.0,10.0,450.0,296,N/A,N/A,N/A,N/A,N/A,N/A,N/A,N/A,155,N/A,N/A,N/A,N/A,N/A,N/A,N/A,N/A,362,N/A,N/A,N/A,N/A,N/A,N/A,N/A,N/A,180,N/A,N/A,N/A,N/A,N/A,N/A,N/A,N/A,389,N/A,N/A,N/A,N/A,N/A,N/A,N/A,N/A,263,N/A,N/A,N/A,N/A,N/A,N/A,N/A,N/A,308,N/A,N/A,N/A,N/A,N/A,N/A,N/A,N/A,263,N/A,N/A,N/A,N/A,N/A,N/A,N/A,N/A,279,N/A,N/A,N/A,N/A,N/A,N/A,N/A,N/A,142,N/A,N/A,N/A,N/A,N/A,N/A,N/A,N/A,280,N/A,N/A,N/A,N/A,N/A,N/A,N/A,N/A,56,N/A,N/A,N/A,N/A,N/A,N/A,N/A,N/A
28,578,1,900.0,850.0,40.0,400.0,30.0,32.0,10.0,100.0,192,0,900.0,650.0,27.0,400.0,20.0,29.0,13.0,150.0,211,1,850.0,700.0,27.0,500.0,18.0,29.0,13.0,100.0,216,0,800.0,700.0,40.0,500.0,14.0,25.0,10.0,150.0,178,0,900.0,700.0,30.0,400.0,10.0,32.0,10.0,450.0,14,1,650.0,600.0,35.0,400.0,8.0,29.0,10.0,450.0,702,1,1050.0,950.0,40.0,500.0,38.0,25.0,10.0,400.0,234,1,750.0,600.0,40.0,500.0,18.0,32.0,13.0,400.0,82,1,900.0,600.0,30.0,400.0,8.0,32.0,13.0,500.0,887,0,N/A,N/A,N/A,N/A,N/A,N/A,N/A,N/A,298,1,850.0,700.0,30.0,500.0,24.0,29.0,10.0,300.0,15,0,700.0,600.0,30.0,500.0,6.0,32.0,13.0,250.0,261,0,850.0,750.0,27.0,500.0,20.0,29.0,10.0,350.0,58,1,850.0,600.0,27.0,400.0,12.0,29.0,10.0,300.0,28,0,600.0,600.0,40.0,500.0,12.0,25.0,13.0,250.0,592,1,1150.0,850.0,30.0,400.0,34.0,29.0,10.0,250.0,320,0,900.0,700.0,35.0,400.0,20.0,32.0,13.0,450.0,176,1,800.0,700.0,27.0,500.0,22.0,25.0,10.0,250.0,321,N/A,N/A,N/A,N/A,N/A,N/A,N/A,N/A,155,N/A,N/A,N/A,N/A,N/A,N/A,N/A,N/A,375,N/A,N/A,N/A,N/A,N/A,N/A,N/A,N/A,263,N/A,N/A,N/A,N/A,N/A,N/A,N/A,N/A,395,N/A,N/A,N/A,N/A,N/A,N/A,N/A,N/A,263,N/A,N/A,N/A,N/A,N/A,N/A,N/A,N/A,308,N/A,N/A,N/A,N/A,N/A,N/A,N/A,N/A,263,N/A,N/A,N/A,N/A,N/A,N/A,N/A,N/A,301,N/A,N/A,N/A,N/A,N/A,N/A,N/A,N/A,142,N/A,N/A,N/A,N/A,N/A,N/A,N/A,N/A,280,N/A,N/A,N/A,N/A,N/A,N/A,N/A,N/A,142,N/A,N/A,N/A,N/A,N/A,N/A,N/A,N/A
29,642,1,1100.0,950.0,35.0,500.0,32.0,25.0,13.0,300.0,26,0,750.0,600.0,27.0,400.0,16.0,25.0,10.0,250.0,126,1,750.0,650.0,30.0,500.0,20.0,25.0,13.0,200.0,221,0,800.0,750.0,30.0,500.0,16.0,29.0,10.0,350.0,178,1,900.0,700.0,30.0,400.0,10.0,32.0,10.0,450.0,14,1,650.0,600.0,35.0,400.0,8.0,29.0,10.0,450.0,221,1,800.0,750.0,30.0,500.0,16.0,29.0,10.0,350.0,234,1,750.0,600.0,40.0,500.0,18.0,32.0,13.0,400.0,39,1,800.0,650.0,27.0,400.0,12.0,25.0,13.0,400.0,626,1,1050.0,950.0,30.0,500.0,42.0,25.0,13.0,300.0,324,1,850.0,750.0,35.0,500.0,16.0,32.0,10.0,150.0,116,1,700.0,650.0,40.0,500.0,8.0,32.0,10.0,150.0,261,1,850.0,750.0,27.0,500.0,20.0,29.0,10.0,350.0,58,1,850.0,600.0,27.0,400.0,12.0,29.0,10.0,300.0,138,0,800.0,700.0,30.0,400.0,12.0,32.0,10.0,300.0,592,1,1150.0,850.0,30.0,400.0,34.0,29.0,10.0,250.0,483,1,900.0,850.0,30.0,400.0,30.0,32.0,13.0,100.0,186,1,800.0,600.0,27.0,500.0,18.0,32.0,10.0,450.0,359,N/A,N/A,N/A,N/A,N/A,N/A,N/A,N/A,150,N/A,N/A,N/A,N/A,N/A,N/A,N/A,N/A,375,N/A,N/A,N/A,N/A,N/A,N/A,N/A,N/A,263,N/A,N/A,N/A,N/A,N/A,N/A,N/A,N/A,395,N/A,N/A,N/A,N/A,N/A,N/A,N/A,N/A,263,N/A,N/A,N/A,N/A,N/A,N/A,N/A,N/A,308,N/A,N/A,N/A,N/A,N/A,N/A,N/A,N/A,263,N/A,N/A,N/A,N/A,N/A,N/A,N/A,N/A,301,N/A,N/A,N/A,N/A,N/A,N/A,N/A,N/A,142,N/A,N/A,N/A,N/A,N/A,N/A,N/A,N/A,289,N/A,N/A,N/A,N/A,N/A,N/A,N/A,N/A,138,N/A,N/A,N/A,N/A,N/A,N/A,N/A,N/A
30,306,1,1050.0,700.0,30.0,400.0,16.0,32.0,13.0,400.0,224,1,900.0,700.0,35.0,400.0,12.0,29.0,13.0,350.0,126,1,750.0,650.0,30.0,500.0,20.0,25.0,13.0,200.0,717,0,1250.0,900.0,40.0,500.0,22.0,29.0,13.0,300.0,178,0,900.0,700.0,30.0,400.0,10.0,32.0,10.0,450.0,14,1,650.0,600.0,35.0,400.0,8.0,29.0,10.0,450.0,702,1,1050.0,950.0,40.0,500.0,38.0,25.0,10.0,400.0,234,1,750.0,600.0,40.0,500.0,18.0,32.0,13.0,400.0,39,1,800.0,650.0,27.0,400.0,12.0,25.0,13.0,400.0,626,1,1050.0,950.0,30.0,500.0,42.0,25.0,13.0,300.0,279,1,950.0,650.0,30.0,500.0,16.0,32.0,10.0,150.0,15,1,700.0,600.0,30.0,500.0,6.0,32.0,13.0,250.0,200,0,750.0,600.0,40.0,500.0,18.0,29.0,13.0,450.0,79,1,800.0,600.0,30.0,400.0,14.0,29.0,13.0,100.0,28,0,600.0,600.0,40.0,500.0,12.0,25.0,13.0,250.0,592,1,1150.0,850.0,30.0,400.0,34.0,29.0,10.0,250.0,320,0,900.0,700.0,35.0,400.0,20.0,32.0,13.0,450.0,327,1,800.0,700.0,27.0,500.0,26.0,32.0,10.0,100.0,296,N/A,N/A,N/A,N/A,N/A,N/A,N/A,N/A,150,N/A,N/A,N/A,N/A,N/A,N/A,N/A,N/A,375,N/A,N/A,N/A,N/A,N/A,N/A,N/A,N/A,263,N/A,N/A,N/A,N/A,N/A,N/A,N/A,N/A,395,N/A,N/A,N/A,N/A,N/A,N/A,N/A,N/A,263,N/A,N/A,N/A,N/A,N/A,N/A,N/A,N/A,308,N/A,N/A,N/A,N/A,N/A,N/A,N/A,N/A,189,N/A,N/A,N/A,N/A,N/A,N/A,N/A,N/A,321,N/A,N/A,N/A,N/A,N/A,N/A,N/A,N/A,171,N/A,N/A,N/A,N/A,N/A,N/A,N/A,N/A,292,N/A,N/A,N/A,N/A,N/A,N/A,N/A,N/A,138,N/A,N/A,N/A,N/A,N/A,N/A,N/A,N/A
31,642,0,1100.0,950.0,35.0,500.0,32.0,25.0,13.0,300.0,512,0,1050.0,900.0,30.0,500.0,18.0,32.0,10.0,350.0,369,0,900.0,750.0,35.0,400.0,32.0,25.0,10.0,400.0,525,1,1100.0,850.0,35.0,500.0,14.0,32.0,13.0,200.0,629,1,1050.0,900.0,35.0,500.0,24.0,32.0,10.0,250.0,14,1,650.0,600.0,35.0,400.0,8.0,29.0,10.0,450.0,89,1,800.0,650.0,30.0,400.0,12.0,29.0,10.0,150.0,540,1,1100.0,750.0,40.0,500.0,26.0,25.0,10.0,200.0,39,0,800.0,650.0,27.0,400.0,12.0,25.0,13.0,400.0,754,0,1300.0,900.0,40.0,400.0,34.0,29.0,13.0,350.0,198,0,850.0,600.0,30.0,500.0,16.0,32.0,10.0,400.0,15,1,700.0,600.0,30.0,500.0,6.0,32.0,13.0,250.0,623,1,1150.0,850.0,30.0,500.0,26.0,32.0,10.0,350.0,235,0,750.0,750.0,35.0,400.0,16.0,32.0,10.0,250.0,243,0,850.0,700.0,40.0,500.0,10.0,29.0,10.0,250.0,793,0,1350.0,950.0,40.0,500.0,36.0,32.0,13.0,450.0,483,1,900.0,850.0,30.0,400.0,30.0,32.0,13.0,100.0,327,1,800.0,700.0,27.0,500.0,26.0,32.0,10.0,100.0,359,N/A,N/A,N/A,N/A,N/A,N/A,N/A,N/A,211,N/A,N/A,N/A,N/A,N/A,N/A,N/A,N/A,380,N/A,N/A,N/A,N/A,N/A,N/A,N/A,N/A,263,N/A,N/A,N/A,N/A,N/A,N/A,N/A,N/A,338,N/A,N/A,N/A,N/A,N/A,N/A,N/A,N/A,271,N/A,N/A,N/A,N/A,N/A,N/A,N/A,N/A,344,N/A,N/A,N/A,N/A,N/A,N/A,N/A,N/A,271,N/A,N/A,N/A,N/A,N/A,N/A,N/A,N/A,272,N/A,N/A,N/A,N/A,N/A,N/A,N/A,N/A,448,N/A,N/A,N/A,N/A,N/A,N/A,N/A,N/A,289,N/A,N/A,N/A,N/A,N/A,N/A,N/A,N/A,380,N/A,N/A,N/A,N/A,N/A,N/A,N/A,N/A
32,585,0,1100.0,900.0,30.0,400.0,32.0,29.0,10.0,250.0,630,0,1050.0,1000.0,30.0,500.0,24.0,32.0,13.0,350.0,294,0,850.0,750.0,35.0,500.0,16.0,29.0,10.0,250.0,215,1,950.0,700.0,27.0,500.0,12.0,32.0,13.0,450.0,270,1,800.0,800.0,30.0,400.0,22.0,29.0,10.0,150.0,710,1,1250.0,1000.0,35.0,400.0,32.0,25.0,13.0,200.0,770,1,1400.0,950.0,40.0,500.0,22.0,29.0,13.0,200.0,511,0,1000.0,800.0,40.0,400.0,32.0,25.0,13.0,350.0,39,0,800.0,650.0,27.0,400.0,12.0,25.0,13.0,400.0,550,0,1150.0,850.0,30.0,400.0,28.0,29.0,13.0,100.0,298,1,850.0,700.0,30.0,500.0,24.0,29.0,10.0,300.0,574,1,1150.0,1000.0,30.0,400.0,16.0,32.0,13.0,200.0,189,1,900.0,600.0,40.0,400.0,10.0,29.0,10.0,450.0,235,0,750.0,750.0,35.0,400.0,16.0,32.0,10.0,250.0,543,0,1200.0,850.0,30.0,400.0,20.0,32.0,13.0,250.0,910,1,N/A,N/A,N/A,N/A,N/A,N/A,N/A,N/A,483,1,900.0,850.0,30.0,400.0,30.0,32.0,13.0,100.0,407,1,850.0,750.0,35.0,500.0,22.0,32.0,10.0,400.0,359,N/A,N/A,N/A,N/A,N/A,N/A,N/A,N/A,334,N/A,N/A,N/A,N/A,N/A,N/A,N/A,N/A,375,N/A,N/A,N/A,N/A,N/A,N/A,N/A,N/A,251,N/A,N/A,N/A,N/A,N/A,N/A,N/A,N/A,417,N/A,N/A,N/A,N/A,N/A,N/A,N/A,N/A,328,N/A,N/A,N/A,N/A,N/A,N/A,N/A,N/A,344,N/A,N/A,N/A,N/A,N/A,N/A,N/A,N/A,361,N/A,N/A,N/A,N/A,N/A,N/A,N/A,N/A,396,N/A,N/A,N/A,N/A,N/A,N/A,N/A,N/A,171,N/A,N/A,N/A,N/A,N/A,N/A,N/A,N/A,289,N/A,N/A,N/A,N/A,N/A,N/A,N/A,N/A,380,N/A,N/A,N/A,N/A,N/A,N/A,N/A,N/A
33,992,1,N/A,N/A,N/A,N/A,N/A,N/A,N/A,N/A,721,0,1200.0,950.0,40.0,500.0,22.0,29.0,10.0,450.0,890,0,N/A,N/A,N/A,N/A,N/A,N/A,N/A,N/A,831,0,N/A,N/A,N/A,N/A,N/A,N/A,N/A,N/A,943,1,N/A,N/A,N/A,N/A,N/A,N/A,N/A,N/A,630,1,1050.0,1000.0,30.0,500.0,24.0,32.0,13.0,350.0,956,0,N/A,N/A,N/A,N/A,N/A,N/A,N/A,N/A,674,1,1100.0,950.0,27.0,500.0,32.0,32.0,10.0,200.0,359,0,950.0,750.0,40.0,500.0,16.0,25.0,10.0,250.0,589,1,1200.0,950.0,30.0,400.0,18.0,32.0,13.0,250.0,472,0,950.0,950.0,27.0,500.0,24.0,29.0,10.0,150.0,866,0,N/A,N/A,N/A,N/A,N/A,N/A,N/A,N/A,729,1,1350.0,900.0,30.0,400.0,34.0,32.0,10.0,450.0,692,1,1050.0,1000.0,40.0,400.0,24.0,32.0,13.0,150.0,872,1,N/A,N/A,N/A,N/A,N/A,N/A,N/A,N/A,731,1,1300.0,950.0,35.0,500.0,34.0,25.0,13.0,100.0,637,1,1000.0,950.0,40.0,500.0,24.0,29.0,10.0,350.0,554,1,1050.0,1000.0,30.0,500.0,26.0,25.0,10.0,200.0,327,N/A,N/A,N/A,N/A,N/A,N/A,N/A,N/A,474,N/A,N/A,N/A,N/A,N/A,N/A,N/A,N/A,295,N/A,N/A,N/A,N/A,N/A,N/A,N/A,N/A,399,N/A,N/A,N/A,N/A,N/A,N/A,N/A,N/A,399,N/A,N/A,N/A,N/A,N/A,N/A,N/A,N/A,417,N/A,N/A,N/A,N/A,N/A,N/A,N/A,N/A,468,N/A,N/A,N/A,N/A,N/A,N/A,N/A,N/A,443,N/A,N/A,N/A,N/A,N/A,N/A,N/A,N/A,481,N/A,N/A,N/A,N/A,N/A,N/A,N/A,N/A,300,N/A,N/A,N/A,N/A,N/A,N/A,N/A,N/A,320,N/A,N/A,N/A,N/A,N/A,N/A,N/A,N/A,180,N/A,N/A,N/A,N/A,N/A,N/A,N/A,N/A
