gen,best_obj1,best_obj2,hypervolume
0,0.7941777981023116,0.598962874079561,3.217314801484867
1,0.758097686090103,0.5911578982358564,3.2980935575754886
2,0.7314749118480592,0.5911578982358564,3.346998428631044
3,0.7314749118480592,0.5911578982358564,3.3543299310277197
4,0.7173729287577467,0.5911578982358564,3.3792907494334323
5,0.6700485036348265,0.5911578982358564,3.4650834386818783
6,0.6469295778839768,0.5911578982358564,3.513753902646023
7,0.6421890089516827,0.5911578982358564,3.5277070030397306
8,0.6211443935000853,0.5668485019683308,3.6072092733729697
9,0.5873089967468856,0.5668485019683308,3.6678191638688316
10,0.5732025274879933,0.5668485019683308,3.7024960525764294
11,0.5573333039893371,0.5668485019683308,3.7315081613287746
12,0.54830512226577,0.5668485019683308,3.7488697634166868
13,0.5366734751818596,0.5668485019683308,3.7707390532196134
14,0.5240629109039143,0.5668485019683308,3.7966306518124853
15,0.5021700888420245,0.5668485019683308,3.8467476397260976
16,0.46599644851532696,0.5668485019683308,3.9068421540106235
17,0.46599644851532696,0.5668485019683308,3.9083373591710484
18,0.46599644851532696,0.5668485019683308,3.9123955831872053
19,0.4438812955292014,0.5668485019683308,3.9516399808041633
20,0.43083269369476146,0.5668485019683308,3.9782933347816214
21,0.42226492153530104,0.5668485019683308,3.994632462292797
22,0.42226492153530104,0.5668485019683308,3.9963435621347223
23,0.39939249684527867,0.5668485019683308,4.036022050462708
24,0.39939249684527867,0.5668485019683308,4.037331741382124
25,0.39399102280003395,0.5668485019683308,4.049624424213214
26,0.39256893701452145,0.5668485019683308,4.054344697698637
27,0.3735167355679374,0.5668485019683308,4.086641986970357
28,0.37123759908896714,0.5668485019683308,4.090446106777348
29,0.36653515808122933,0.5668485019683308,4.101283401092859
30,0.3450587606981389,0.5668485019683308,4.140290203186369
31,0.33478664421399207,0.5668485019683308,4.158251318544897
32,0.33478664421399207,0.5668485019683308,4.159951547907683
33,0.33478664421399207,0.5668485019683308,4.160381473161543
34,0.33478664421399207,0.5668485019683308,4.162341255785653
35,0.33478664421399207,0.5668485019683308,4.163626533386054
36,0.31986740311965434,0.5668485019683308,4.1917364412140525
37,0.30560948775873326,0.5668485019683308,4.2140563312074
38,0.30560948775873326,0.5668485019683308,4.215931019640612
39,0.29203773355372803,0.5668485019683308,4.238746688627038
40,0.29203773355372803,0.5668485019683308,4.239152899812743
41,0.29203773355372803,0.5668485019683308,4.240679805412308
42,0.29203773355372803,0.5668485019683308,4.241629782863912
43,0.29203773355372803,0.5668485019683308,4.242970303780021
44,0.2896375654315302,0.5668485019683308,4.24752897951653
45,0.28266635554006925,0.5668485019683308,4.2582020140493
46,0.2815731767110603,0.5668485019683308,4.262195358664357
47,0.2774308526190057,0.5668485019683308,4.2693571353445865
48,0.27739151189268296,0.5668485019683308,4.269540855211545
49,0.26414864955719997,0.5668485019683308,4.2908261766503015
50,0.26414864955719997,0.5668485019683308,4.290981630935953
51,0.26414864955719997,0.5668485019683308,4.293606576415925
52,0.26414864955719997,0.5668485019683308,4.293795935149251
53,0.26186547336471155,0.5668485019683308,4.298504575383912
54,0.26186547336471155,0.5668485019683308,4.298577094520202
55,0.2529669980395655,0.5668485019683308,4.313016832994017
56,0.2511897930815464,0.5668485019683308,4.316360943190937
57,0.2511897930815464,0.5668485019683308,4.317662682429255
58,0.24848816753618136,0.5668485019683308,4.3218299818550046
59,0.24487930137494662,0.5668485019683308,4.327588782167745
60,0.24487930137494662,0.5668485019683308,4.327956686456035
61,0.24130464064777774,0.5668485019683308,4.3341792228831695
62,0.24130464064777774,0.5668485019683308,4.334778784132608
63,0.24130464064777774,0.5668485019683308,4.335001415649639
64,0.24130464064777774,0.5668485019683308,4.335319287276928
65,0.23830428956557242,0.5668485019683308,4.341023099104646
66,0.23830428956557242,0.5668485019683308,4.341301299168588
67,0.23355520984225103,0.5668485019683308,4.348995083422132
68,0.23355520984225103,0.5668485019683308,4.349121964292672
69,0.23355520984225103,0.5668485019683308,4.349137280866682
70,0.23355520984225103,0.5668485019683308,4.349825554513466
71,0.23355520984225103,0.5668485019683308,4.349923906273704
72,0.230020350854965,0.5668485019683308,4.35548708274248
73,0.230020350854965,0.5668485019683308,4.355807637488866
74,0.22747032380938875,0.5668485019683308,4.360147237125231
75,0.2245893665315994,0.5668485019683308,4.365224045599646
76,0.22396736168255005,0.5668485019683308,4.366514723458428
77,0.22396736168255005,0.5668485019683308,4.366738533041775
78,0.22396736168255005,0.5668485019683308,4.3670882538011595
79,0.22396736168255005,0.5668485019683308,4.36809192433468
80,0.22250154140643635,0.5668485019683308,4.370553516785362
81,0.21736063740729716,0.5668485019683308,4.3786785226239235
82,0.21736063740729716,0.5668485019683308,4.3789227366553085
83,0.21736063740729716,0.5668485019683308,4.379289277800162
84,0.21736063740729716,0.5668485019683308,4.379307861615872
85,0.21736063740729716,0.5668485019683308,4.379448010067262
86,0.21736063740729716,0.5668485019683308,4.379483524494251
87,0.21736063740729716,0.5668485019683308,4.37996176675502
88,0.21546317867012188,0.5668485019683308,4.383083066934899
89,0.21546317867012188,0.5668485019683308,4.3836277300710655
90,0.21546317867012188,0.5668485019683308,4.383904976218232
91,0.21332043469903586,0.5668485019683308,4.3872623108634015
92,0.21054117818248383,0.5668485019683308,4.392189040618777
93,0.20538355227674765,0.5668485019683308,4.4004179826033125
94,0.20538355227674765,0.5668485019683308,4.400831917202363
95,0.20538355227674765,0.5668485019683308,4.401319271838696
96,0.20538355227674765,0.5668485019683308,4.401411087723275
97,0.20538355227674765,0.5668485019683308,4.401745918281816
98,0.20197541415457865,0.5668485019683308,4.406981990558236
99,0.20143137726918284,0.5668485019683308,4.408158087167513
100,0.20143137726918284,0.5668485019683308,4.40835866212388
