Solution_ID,Element_ID,ElementType,DCR
1,1,Column,0.20560024888348338
1,2,Column,0.18821379476558908
1,3,Column,0.1976169065283682
1,4,Column,0.20128588403638645
1,5,Column,0.1730941222456174
1,6,Column,0.23204392286944908
1,7,Column,0.28208680416307136
1,8,Column,0.1866524303807189
1,9,Column,0.19184969094972634
1,10,Column,0.1270522848089237
1,11,Column,0.22821412539662958
1,12,Column,0.19327062717289373
1,13,Column,0.18532512360630202
1,14,Column,0.10251717789285812
1,15,Column,0.21055082802633754
1,16,Column,0.11801072588476527
1,17,Column,0.1129962232980342
1,18,Column,0.12613436673659095
1,19,Column,0.13166542635410444
1,20,Column,0.15291954375487304
1,21,Column,0.33889331843150844
1,22,Column,0.34928436366480586
1,23,Column,0.12983069811507117
1,24,Column,0.13236056771287738
1,25,Column,0.2567877477874378
1,26,Column,0.20704866828208332
1,27,Column,0.1517365899828695
1,28,Column,0.11654554173257115
1,29,Column,0.11242476102279007
1,30,Column,0.1354167341771125
1,31,Column,0.13027814669681548
1,32,Column,0.0665570674895449
1,33,Column,0.06678413201757943
1,34,Column,0.08905197844116514
1,35,Column,0.09483935696212
1,36,Column,0.11520825492479482
1,37,Column,0.11646823568501527
1,38,Column,0.0942551400011648
1,39,Column,0.13300952830936538
1,40,Column,0.0888151875272063
1,41,Column,0.11013684281134097
1,42,Column,0.0915115576332282
1,43,Column,0.09411927880072724
1,44,Column,0.06598660359476913
1,45,Column,0.08986096058783213
1,46,Column,0.0911052637105133
1,47,Column,0.08222995683771427
1,48,Column,0.08215745676298461
1,49,Column,0.10479677692445509
1,50,Column,0.08092671557879456
1,51,Column,0.04650743416672452
1,52,Column,0.043489731052292056
1,53,Column,0.08583814762790816
1,54,Column,0.07808701248544007
1,55,Column,0.05967604556669231
1,56,Column,0.04858387950276054
1,57,Column,0.0806635815094191
1,58,Column,0.08373753535180857
1,59,Column,0.06727599743718707
1,60,Column,0.07368137531760466
1,61,Beam,0.2840600759966926
1,62,Beam,0.27804492523592883
1,63,Beam,0.2842240457798219
1,64,Beam,0.31101464526475037
1,65,Beam,0.31014679526150385
1,66,Beam,0.3109009445628358
1,67,Beam,0.20324802323344818
1,68,Beam,0.2854363574437381
1,69,Beam,0.2862008580852873
1,70,Beam,0.21245845590757337
1,71,Beam,0.21267868826862818
1,72,Beam,0.27217178391470503
1,73,Beam,0.17364356964721706
1,74,Beam,0.3532605282191883
1,75,Beam,0.2361237926013
1,76,Beam,0.12111189584240024
1,77,Beam,0.35321435124121076
1,78,Beam,0.23660052576493948
1,79,Beam,0.2284217976163459
1,80,Beam,0.2723776040601438
1,81,Beam,0.17326633251617596
1,82,Beam,0.1679826185472635
1,83,Beam,0.282854305401357
1,84,Beam,0.33585055677295794
1,85,Beam,0.3306881992876444
1,86,Beam,0.3420490543606291
1,87,Beam,0.38474618763109847
1,88,Beam,0.3851085451684382
1,89,Beam,0.25411347183211574
1,90,Beam,0.36778153016301113
1,91,Beam,0.36731780716452056
1,92,Beam,0.298039742967559
1,93,Beam,0.2985240263862689
1,94,Beam,0.21182263937854723
1,95,Beam,0.1357517630853576
1,96,Beam,0.35390119481739735
1,97,Beam,0.2368451991540899
1,98,Beam,0.15485950754086622
1,99,Beam,0.353865201608014
1,100,Beam,0.23497300369010665
1,101,Beam,0.29569968566979693
1,102,Beam,0.2727983658605799
1,103,Beam,0.17299475668921507
1,104,Beam,0.21706798426781374
1,105,Beam,0.2730780231584091
1,106,Beam,0.2694740185232518
1,107,Beam,0.27383781791160494
1,108,Beam,0.5594358159084358
1,109,Beam,0.5552777919463493
1,110,Beam,0.4726005199074045
1,111,Beam,0.3487078300624108
1,112,Beam,0.5220881309480667
1,113,Beam,0.44565983718916297
1,114,Beam,0.2849843837671555
1,115,Beam,0.25299791796925064
1,116,Beam,0.18632034513472384
1,117,Beam,0.16073673848594364
1,118,Beam,0.4621023523404795
1,119,Beam,0.3173942537449054
1,120,Beam,0.2145257686321198
1,121,Beam,0.46200882171917756
1,122,Beam,0.31587052760320494
1,123,Beam,0.4181802342237544
1,124,Beam,0.18622378174072168
1,125,Beam,0.12392196364488352
1,126,Beam,0.15528304061076503
1,127,Beam,0.2640795518589977
1,128,Beam,0.30645919148553397
1,129,Beam,0.30361823789546505
1,130,Beam,0.46659809140677033
1,131,Beam,0.5541555882189858
1,132,Beam,0.5535294694934747
1,133,Beam,0.3031398079097695
1,134,Beam,0.5191754862005219
1,135,Beam,0.5182571302391423
1,136,Beam,0.24411273816874826
1,137,Beam,0.24431643350811644
1,138,Beam,0.18610316094795695
1,139,Beam,0.12392165025117119
1,140,Beam,0.5946404809121884
1,141,Beam,0.3154373935221912
1,142,Beam,0.16310766684265599
1,143,Beam,0.5943174057819542
1,144,Beam,0.3159155497529311
1,145,Beam,0.3178593861609091
1,146,Beam,0.23996078518716318
1,147,Beam,0.160208969663972
1,148,Beam,0.1553186415138144
2,1,Column,0.23900592485143848
2,2,Column,0.2458157588516456
2,3,Column,0.25627392467439347
2,4,Column,0.26425934099924525
2,5,Column,0.1965512812565961
2,6,Column,0.20988038777506668
2,7,Column,0.2752005333064804
2,8,Column,0.18330021778816935
2,9,Column,0.23601102881354458
2,10,Column,0.2394583029082891
2,11,Column,0.19203005940082352
2,12,Column,0.18265455436182168
2,13,Column,0.22180769903534145
2,14,Column,0.2076923083724906
2,15,Column,0.2313340603458768
2,16,Column,0.15670914429555624
2,17,Column,0.13188271512964023
2,18,Column,0.134064896809743
2,19,Column,0.1771031924322254
2,20,Column,0.15146409018305607
2,21,Column,0.2586497221653797
2,22,Column,0.1943282335608158
2,23,Column,0.1561708621298257
2,24,Column,0.17177823110404805
2,25,Column,0.1619923774639357
2,26,Column,0.1419651296164656
2,27,Column,0.14617654060389806
2,28,Column,0.16228921382841274
2,29,Column,0.1058116507152521
2,30,Column,0.16925155428052951
2,31,Column,0.0806140567356551
2,32,Column,0.09478809471611924
2,33,Column,0.09580434621501306
2,34,Column,0.08814570064404639
2,35,Column,0.07803134439225083
2,36,Column,0.15339420257587302
2,37,Column,0.15058465767176984
2,38,Column,0.07199655767033741
2,39,Column,0.08779667871881071
2,40,Column,0.11783151418909361
2,41,Column,0.13629429783377187
2,42,Column,0.07815568088426408
2,43,Column,0.08188338350958635
2,44,Column,0.0810419140487538
2,45,Column,0.07675828765134086
2,46,Column,0.08403424236411237
2,47,Column,0.04379548180758155
2,48,Column,0.04970315478241701
2,49,Column,0.0857060075405165
2,50,Column,0.05029050048246667
2,51,Column,0.16275311251871974
2,52,Column,0.16237706078808717
2,53,Column,0.0490962700972562
2,54,Column,0.09262777017270253
2,55,Column,0.12926719031143527
2,56,Column,0.12618413400298897
2,57,Column,0.04474185566938695
2,58,Column,0.04953073806262447
2,59,Column,0.034861023302232744
2,60,Column,0.0774254985503261
2,61,Beam,0.21657939192096903
2,62,Beam,0.2165111595008168
2,63,Beam,0.21643496173875934
2,64,Beam,0.2858410331332007
2,65,Beam,0.2861078485733157
2,66,Beam,0.2859970441584508
2,67,Beam,0.12398700321972884
2,68,Beam,0.2588505507878277
2,69,Beam,0.25897127997704306
2,70,Beam,0.14729257892528747
2,71,Beam,0.14733549436363477
2,72,Beam,0.24432470176653065
2,73,Beam,0.2388035073899452
2,74,Beam,0.3428771382910623
2,75,Beam,0.2857358778816157
2,76,Beam,0.1838908324461372
2,77,Beam,0.34299434651542965
2,78,Beam,0.2868168463075469
2,79,Beam,0.2471572400272322
2,80,Beam,0.244347263079748
2,81,Beam,0.23752194436462584
2,82,Beam,0.19744391009323978
2,83,Beam,0.1741006308925682
2,84,Beam,0.21647974781376103
2,85,Beam,0.21790196892711422
2,86,Beam,0.22500840605656466
2,87,Beam,0.28729760778818775
2,88,Beam,0.2879365647619983
2,89,Beam,0.10115855922857019
2,90,Beam,0.2590935353582734
2,91,Beam,0.2607013996291783
2,92,Beam,0.18476117976261933
2,93,Beam,0.18484898937430919
2,94,Beam,0.21448862678047337
2,95,Beam,0.239645444110655
2,96,Beam,0.37257424730731925
2,97,Beam,0.3082469404597519
2,98,Beam,0.23956621667003014
2,99,Beam,0.3702711202376497
2,100,Beam,0.30587083066349646
2,101,Beam,0.3226738604423608
2,102,Beam,0.2550525713395453
2,103,Beam,0.260207229333992
2,104,Beam,0.24868921978141117
2,105,Beam,0.13473759850840406
2,106,Beam,0.13141098037751317
2,107,Beam,0.13451487564289386
2,108,Beam,0.36679608360733074
2,109,Beam,0.363584023371118
2,110,Beam,0.28316118986696365
2,111,Beam,0.15572980421554586
2,112,Beam,0.3291772385547429
2,113,Beam,0.25627314125711986
2,114,Beam,0.14195382513331742
2,115,Beam,0.11592555436778648
2,116,Beam,0.24019526358309481
2,117,Beam,0.27066294736054247
2,118,Beam,0.3984012276575938
2,119,Beam,0.363588400645854
2,120,Beam,0.289883487399853
2,121,Beam,0.3955223174730386
2,122,Beam,0.35832046278311486
2,123,Beam,0.40145551171402105
2,124,Beam,0.2334951773643669
2,125,Beam,0.2517657622511
2,126,Beam,0.23377708267444136
2,127,Beam,0.13241213628394627
2,128,Beam,0.1626781765912251
2,129,Beam,0.1626333288013201
2,130,Beam,0.28254421595395124
2,131,Beam,0.3637182756517036
2,132,Beam,0.3649283681979042
2,133,Beam,0.12103269525765603
2,134,Beam,0.3280473710415671
2,135,Beam,0.3296647979806657
2,136,Beam,0.11424868100745793
2,137,Beam,0.11395292397429457
2,138,Beam,0.20431009228061944
2,139,Beam,0.20572394075693703
2,140,Beam,0.4621767405946527
2,141,Beam,0.3356294633878556
2,142,Beam,0.22919580631983852
2,143,Beam,0.46043562219039763
2,144,Beam,0.33616145143395504
2,145,Beam,0.3205809929517712
2,146,Beam,0.22178545524055132
2,147,Beam,0.21589685450262125
2,148,Beam,0.19283835400674237
3,1,Column,0.11960032691018663
3,2,Column,0.21036093813913725
3,3,Column,0.2203183502321515
3,4,Column,0.1219466168742404
3,5,Column,0.23755725541398962
3,6,Column,0.269727256842974
3,7,Column,0.21963725249728197
3,8,Column,0.20342360154843284
3,9,Column,0.0962965203711577
3,10,Column,0.11255025451820974
3,11,Column,0.21786554639680952
3,12,Column,0.18475177424227718
3,13,Column,0.12739682067602842
3,14,Column,0.1778635814711737
3,15,Column,0.11073334211623898
3,16,Column,0.10123048038841743
3,17,Column,0.14511050463024242
3,18,Column,0.14210127163548042
3,19,Column,0.1052171948073751
3,20,Column,0.12874807929347984
3,21,Column,0.21912926181263576
3,22,Column,0.23650950059952677
3,23,Column,0.1490024494573582
3,24,Column,0.05863938047881347
3,25,Column,0.13717588259683058
3,26,Column,0.19669849199124861
3,27,Column,0.13793795659477853
3,28,Column,0.09500285894081151
3,29,Column,0.14215668145458601
3,30,Column,0.09632730469851246
3,31,Column,0.0714295071001514
3,32,Column,0.13758789702789234
3,33,Column,0.1355287260669635
3,34,Column,0.07327245027307348
3,35,Column,0.11406764996326514
3,36,Column,0.14662157796128825
3,37,Column,0.14787890146505323
3,38,Column,0.1113454222345752
3,39,Column,0.05448935604742865
3,40,Column,0.13912885302111855
3,41,Column,0.13820200877089872
3,42,Column,0.10572316976925675
3,43,Column,0.0751002157420086
3,44,Column,0.13917540912886325
3,45,Column,0.07270372573561133
3,46,Column,0.0500831374060572
3,47,Column,0.09368460834202635
3,48,Column,0.09343302290789282
3,49,Column,0.05715396696567757
3,50,Column,0.11109921527017616
3,51,Column,0.17523625405794738
3,52,Column,0.16447475153622895
3,53,Column,0.1187226862291354
3,54,Column,0.047914186080166024
3,55,Column,0.2134290257082563
3,56,Column,0.162439838874403
3,57,Column,0.11194496477197324
3,58,Column,0.034891483717798204
3,59,Column,0.0584916798404308
3,60,Column,0.03447985328737134
3,61,Beam,0.22162753148806846
3,62,Beam,0.22374372534258866
3,63,Beam,0.22181516628210796
3,64,Beam,0.29492460936059345
3,65,Beam,0.2950197004103079
3,66,Beam,0.29500774514077377
3,67,Beam,0.1835866069856409
3,68,Beam,0.27668838744891594
3,69,Beam,0.2766691016771557
3,70,Beam,0.19424595406034315
3,71,Beam,0.19410350232917845
3,72,Beam,0.12626119756888693
3,73,Beam,0.08530685145741045
3,74,Beam,0.31212391934275974
3,75,Beam,0.1983792409618696
3,76,Beam,0.10138144913920134
3,77,Beam,0.31221970633890733
3,78,Beam,0.19886982947640983
3,79,Beam,0.1919485846458194
3,80,Beam,0.1261965520183826
3,81,Beam,0.08467595024300975
3,82,Beam,0.0853055047884406
3,83,Beam,0.2730533417148351
3,84,Beam,0.28160517883627
3,85,Beam,0.29001551050399604
3,86,Beam,0.29628266978282586
3,87,Beam,0.3343252397863303
3,88,Beam,0.3411276190166185
3,89,Beam,0.21588196878186705
3,90,Beam,0.3156020659667307
3,91,Beam,0.3226444692914878
3,92,Beam,0.2778796771082871
3,93,Beam,0.27786145327249856
3,94,Beam,0.10173373191081916
3,95,Beam,0.07078108565768264
3,96,Beam,0.31462185060357883
3,97,Beam,0.1987745432042944
3,98,Beam,0.12858103630560586
3,99,Beam,0.3145620254453634
3,100,Beam,0.1980466318246725
3,101,Beam,0.2485652775373063
3,102,Beam,0.12581407618310214
3,103,Beam,0.08563379864139302
3,104,Beam,0.10479012595699616
3,105,Beam,0.25659165492489633
3,106,Beam,0.2562642138361067
3,107,Beam,0.2561943137428528
3,108,Beam,0.42123570330455407
3,109,Beam,0.41272082207269356
3,110,Beam,0.36477575081080055
3,111,Beam,0.2855026580263639
3,112,Beam,0.39068688860577516
3,113,Beam,0.34757974793412943
3,114,Beam,0.27537462308593585
3,115,Beam,0.22715739038988053
3,116,Beam,0.22400147100847917
3,117,Beam,0.19066394205496476
3,118,Beam,0.3458690250054922
3,119,Beam,0.3026633439367557
3,120,Beam,0.19331643808185708
3,121,Beam,0.3458494005998528
3,122,Beam,0.30024376204973335
3,123,Beam,0.37454021757327144
3,124,Beam,0.22394404300928022
3,125,Beam,0.149335436788859
3,126,Beam,0.18670528958827398
3,127,Beam,0.25188005043050776
3,128,Beam,0.3081354084647782
3,129,Beam,0.3090205122105953
3,130,Beam,0.34752176925748557
3,131,Beam,0.3982263546987421
3,132,Beam,0.40391813670841376
3,133,Beam,0.24758022766119533
3,134,Beam,0.3666256509386775
3,135,Beam,0.37948040427588786
3,136,Beam,0.2230252258645526
3,137,Beam,0.22298687881504634
3,138,Beam,0.22399585764429783
3,139,Beam,0.14918514209228875
3,140,Beam,0.4473434027965305
3,141,Beam,0.2988557723010813
3,142,Beam,0.14996149057246352
3,143,Beam,0.4472312134731067
3,144,Beam,0.30077622001053744
3,145,Beam,0.28844902357740254
3,146,Beam,0.2843260210948701
3,147,Beam,0.18988321445911746
3,148,Beam,0.18686113259493609
4,1,Column,0.12321828419181682
4,2,Column,0.3380954758435961
4,3,Column,0.35425527838594023
4,4,Column,0.1292222702232706
4,5,Column,0.29465468842905707
4,6,Column,0.07802268945126048
4,7,Column,0.08255070934329656
4,8,Column,0.3315247036631898
4,9,Column,0.09599323756102113
4,10,Column,0.15932207694956546
4,11,Column,0.07498696308479279
4,12,Column,0.2639721125235978
4,13,Column,0.11040662607439868
4,14,Column,0.28791143420912524
4,15,Column,0.11065059291500841
4,16,Column,0.0665331307382305
4,17,Column,0.20316768893563353
4,18,Column,0.22002432608552774
4,19,Column,0.06900495141724323
4,20,Column,0.21190307562677482
4,21,Column,0.14844861720410682
4,22,Column,0.15215360209928527
4,23,Column,0.23256249078234628
4,24,Column,0.05076770228404143
4,25,Column,0.11032788516102715
4,26,Column,0.051414866927582466
4,27,Column,0.15751790469259172
4,28,Column,0.06464066382467333
4,29,Column,0.21147401913583966
4,30,Column,0.057661772415517995
4,31,Column,0.053901867119558064
4,32,Column,0.08509598599727133
4,33,Column,0.06326582763377588
4,34,Column,0.05763877779929538
4,35,Column,0.0714755778748999
4,36,Column,0.08340595526403453
4,37,Column,0.08437637223218158
4,38,Column,0.07166898116115943
4,39,Column,0.03682298185327186
4,40,Column,0.05765706873692909
4,41,Column,0.07699440094187489
4,42,Column,0.0670772163823502
4,43,Column,0.04105255099448338
4,44,Column,0.05352322091663538
4,45,Column,0.046830653684727434
4,46,Column,0.06284821069530262
4,47,Column,0.057560300359665216
4,48,Column,0.051755920396641016
4,49,Column,0.07219322306277266
4,50,Column,0.04232904486309039
4,51,Column,0.03907360503667537
4,52,Column,0.04302002213226586
4,53,Column,0.04962023306759019
4,54,Column,0.037735491812761604
4,55,Column,0.03163425436465064
4,56,Column,0.03546579678337368
4,57,Column,0.04486359474510808
4,58,Column,0.04512143573502171
4,59,Column,0.03352363037923875
4,60,Column,0.04611202483593845
4,61,Beam,0.2206448519877165
4,62,Beam,0.21849691197017393
4,63,Beam,0.2208496617619879
4,64,Beam,0.3206483998611012
4,65,Beam,0.3175088559350792
4,66,Beam,0.3205006431084745
4,67,Beam,0.13318461313597385
4,68,Beam,0.2868737324719225
4,69,Beam,0.2893410152579834
4,70,Beam,0.1489733594073556
4,71,Beam,0.14915086296586885
4,72,Beam,0.22311267141544133
4,73,Beam,0.14983752968507943
4,74,Beam,0.4297189989200368
4,75,Beam,0.2542441849896533
4,76,Beam,0.12839602589165
4,77,Beam,0.430147115840972
4,78,Beam,0.2544605744569392
4,79,Beam,0.24718093742813224
4,80,Beam,0.2231963336022324
4,81,Beam,0.14845902043615658
4,82,Beam,0.14897540691169492
4,83,Beam,0.17651399146881935
4,84,Beam,0.21876910845354092
4,85,Beam,0.2225745790145735
4,86,Beam,0.2473532882977762
4,87,Beam,0.31770294567703405
4,88,Beam,0.31981885341727534
4,89,Beam,0.10566301171000989
4,90,Beam,0.286979015883989
4,91,Beam,0.2886826826496022
4,92,Beam,0.1877855150649043
4,93,Beam,0.18829237343989183
4,94,Beam,0.1788211177316883
4,95,Beam,0.12313266187029254
4,96,Beam,0.4294180080463938
4,97,Beam,0.25441864016175614
4,98,Beam,0.1639673784696273
4,99,Beam,0.4297582696505465
4,100,Beam,0.25416192776994007
4,101,Beam,0.3192657904070296
4,102,Beam,0.22379211907536273
4,103,Beam,0.14804067055175604
4,104,Beam,0.18753887778718092
4,105,Beam,0.1891728266952597
4,106,Beam,0.18259363465519304
4,107,Beam,0.18929196086243133
4,108,Beam,0.33798599986636846
4,109,Beam,0.3377714553946414
4,110,Beam,0.2615092184284632
4,111,Beam,0.14161806698240315
4,112,Beam,0.30552676098679177
4,113,Beam,0.23651834727564078
4,114,Beam,0.20189835030371767
4,115,Beam,0.1597950417491066
4,116,Beam,0.2260788159228241
4,117,Beam,0.13847850558629268
4,118,Beam,0.3211146766289039
4,119,Beam,0.2723016549024889
4,120,Beam,0.17393533281134885
4,121,Beam,0.3211792343570078
4,122,Beam,0.27103967361566267
4,123,Beam,0.33822619281548344
4,124,Beam,0.22506786829652514
4,125,Beam,0.10536579393784734
4,126,Beam,0.15793613213076224
4,127,Beam,0.1817718443903108
4,128,Beam,0.2356827965550661
4,129,Beam,0.2315132268427037
4,130,Beam,0.26314025306885325
4,131,Beam,0.33796398273716244
4,132,Beam,0.34016424918788457
4,133,Beam,0.11202778768806289
4,134,Beam,0.304650588537495
4,135,Beam,0.30700220708017206
4,136,Beam,0.15359469298840364
4,137,Beam,0.15393470923352445
4,138,Beam,0.2182051827952409
4,139,Beam,0.10571003245193661
4,140,Beam,0.4147593355071
4,141,Beam,0.27093463494080183
4,142,Beam,0.1378274356848486
4,143,Beam,0.41542121237485424
4,144,Beam,0.27170445875494703
4,145,Beam,0.26290467516973215
4,146,Beam,0.2820923841395901
4,147,Beam,0.1304438735661392
4,148,Beam,0.15122385790115578
5,1,Column,0.2156357031133159
5,2,Column,0.17549987921906246
5,3,Column,0.1820943991085553
5,4,Column,0.22810373858497707
5,5,Column,0.14385974865508136
5,6,Column,0.1959272299555527
5,7,Column,0.2000987790758393
5,8,Column,0.15305427111291484
5,9,Column,0.17513994718896309
5,10,Column,0.2921649800368243
5,11,Column,0.17841703553247082
5,12,Column,0.13729829824528733
5,13,Column,0.200221572366448
5,14,Column,0.15141052741028418
5,15,Column,0.19478574346999647
5,16,Column,0.16151423045262375
5,17,Column,0.13220949407526517
5,18,Column,0.1379208394577006
5,19,Column,0.1633466448447827
5,20,Column,0.10998736810168673
5,21,Column,0.2968996005381969
5,22,Column,0.30748230742812266
5,23,Column,0.11328242707167935
5,24,Column,0.13310317261675603
5,25,Column,0.21173101565651917
5,26,Column,0.13550887401429876
5,27,Column,0.10853495153913258
5,28,Column,0.14961402095803583
5,29,Column,0.1187696040230775
5,30,Column,0.1495213450381368
5,31,Column,0.04112954650617983
5,32,Column,0.07087263156083809
5,33,Column,0.07132952038137833
5,34,Column,0.037829558669813475
5,35,Column,0.08001541330829016
5,36,Column,0.15808551967622805
5,37,Column,0.15740722036809088
5,38,Column,0.0783495047335219
5,39,Column,0.03413095539662248
5,40,Column,0.10822744126710046
5,41,Column,0.1487863585487408
5,42,Column,0.07591134879617974
5,43,Column,0.033640012825177756
5,44,Column,0.06717025755156804
5,45,Column,0.03321966104230859
5,46,Column,0.02707131607963217
5,47,Column,0.049651229974769916
5,48,Column,0.04964225081597947
5,49,Column,0.03121935150541933
5,50,Column,0.02427096381673434
5,51,Column,0.06342374363457952
5,52,Column,0.08375762128594219
5,53,Column,0.027590623684585792
5,54,Column,0.018301568788724146
5,55,Column,0.04289120394281368
5,56,Column,0.0686828555347636
5,57,Column,0.03009760995063315
5,58,Column,0.0235938645385427
5,59,Column,0.03477607365351909
5,60,Column,0.022938657497184378
5,61,Beam,0.21684952269932847
5,62,Beam,0.2163454896916167
5,63,Beam,0.2169622426056959
5,64,Beam,0.23658310355752127
5,65,Beam,0.23545978659954162
5,66,Beam,0.23653153384387005
5,67,Beam,0.09939693991740935
5,68,Beam,0.21230623175519914
5,69,Beam,0.21365553484200306
5,70,Beam,0.1476107667950693
5,71,Beam,0.14763775450505712
5,72,Beam,0.22174111191482568
5,73,Beam,0.14863903684434238
5,74,Beam,0.34035686853143804
5,75,Beam,0.1577427131555196
5,76,Beam,0.09584876081940752
5,77,Beam,0.34049635547735047
5,78,Beam,0.15806677498633345
5,79,Beam,0.1839518688507769
5,80,Beam,0.2217255508560947
5,81,Beam,0.14688742453056725
5,82,Beam,0.1486790088407965
5,83,Beam,0.17235499944513313
5,84,Beam,0.21623468447794103
5,85,Beam,0.2166471877873023
5,86,Beam,0.18569779566146516
5,87,Beam,0.2356726241807881
5,88,Beam,0.23954025704524345
5,89,Beam,0.08037048337531445
5,90,Beam,0.2127612997875191
5,91,Beam,0.21639298052485112
5,92,Beam,0.1836450777117791
5,93,Beam,0.18353904332911947
5,94,Beam,0.17680921489190646
5,95,Beam,0.11792452753722807
5,96,Beam,0.3417213113955201
5,97,Beam,0.15837675978441276
5,98,Beam,0.12346339552579996
5,99,Beam,0.3417123556449275
5,100,Beam,0.15775613442525022
5,101,Beam,0.2390279903311627
5,102,Beam,0.22037848374508026
5,103,Beam,0.14686174064606747
5,104,Beam,0.18378278984529253
5,105,Beam,0.1704221449727833
5,106,Beam,0.17010906020428637
5,107,Beam,0.17034054016974823
5,108,Beam,0.36078256197480596
5,109,Beam,0.35881884589293345
5,110,Beam,0.2772995371846817
5,111,Beam,0.14915655030099365
5,112,Beam,0.3242204324892403
5,113,Beam,0.25040434576878773
5,114,Beam,0.18316521634485683
5,115,Beam,0.1443615691295278
5,116,Beam,0.17303410712814046
5,117,Beam,0.14717141552712248
5,118,Beam,0.37087131005943796
5,119,Beam,0.28871635047853894
5,120,Beam,0.1838120280660272
5,121,Beam,0.3706967513636679
5,122,Beam,0.28750992511351947
5,123,Beam,0.3600381571554634
5,124,Beam,0.17299102615899667
5,125,Beam,0.11548362208661933
5,126,Beam,0.14417535345994167
5,127,Beam,0.1702775087714396
5,128,Beam,0.21692809564693538
5,129,Beam,0.2174536270664561
5,130,Beam,0.2772189575621959
5,131,Beam,0.35875767441087436
5,132,Beam,0.3604796476477329
5,133,Beam,0.11591726620066634
5,134,Beam,0.3231331289897434
5,135,Beam,0.3251448756478681
5,136,Beam,0.14425979709976167
5,137,Beam,0.14436971835505372
5,138,Beam,0.1731246264867844
5,139,Beam,0.11536068135130444
5,140,Beam,0.4806811865413407
5,141,Beam,0.2871242983111432
5,142,Beam,0.14247618649097232
5,143,Beam,0.4805183661772219
5,144,Beam,0.2871685248539588
5,145,Beam,0.27664247076174225
5,146,Beam,0.21972301802425995
5,147,Beam,0.14676630057983833
5,148,Beam,0.14457698384493156
6,1,Column,0.0662767269339274
6,2,Column,0.24170124393467393
6,3,Column,0.25219535035185286
6,4,Column,0.0679652497706495
6,5,Column,0.20914140074358123
6,6,Column,0.19176310864811133
6,7,Column,0.19529920071335527
6,8,Column,0.22891688284130116
6,9,Column,0.05202071904234958
6,10,Column,0.14196025272205265
6,11,Column,0.1769623136149687
6,12,Column,0.20320660927159895
6,13,Column,0.05896493929785335
6,14,Column,0.2108284506257427
6,15,Column,0.060058344318072006
6,16,Column,0.036856632946379315
6,17,Column,0.15823745656861732
6,18,Column,0.1688024975311009
6,19,Column,0.037850759536401546
6,20,Column,0.15977196657766085
6,21,Column,0.26387071992467
6,22,Column,0.270927287245728
6,23,Column,0.16830476684945972
6,24,Column,0.027459612006749123
6,25,Column,0.20691612260159525
6,26,Column,0.1391107677062941
6,27,Column,0.14099794433104557
6,28,Column,0.03296634234228729
6,29,Column,0.15621269280850894
6,30,Column,0.03230281468838433
6,31,Column,0.07270402466571496
6,32,Column,0.08240404380463295
6,33,Column,0.052390886190943446
6,34,Column,0.07668425075013172
6,35,Column,0.10008314457716107
6,36,Column,0.04015495639934574
6,37,Column,0.040182986994751646
6,38,Column,0.10143115039229551
6,39,Column,0.04303772437296234
6,40,Column,0.08390651917790433
6,41,Column,0.037370929618123765
6,42,Column,0.09525783201753057
6,43,Column,0.0523017755484015
6,44,Column,0.07926227355334678
6,45,Column,0.06243993517033163
6,46,Column,0.04739883967638219
6,47,Column,0.08705338322087172
6,48,Column,0.08729004060479745
6,49,Column,0.058314209526195
6,50,Column,0.03468472578354744
6,51,Column,0.047429490015161266
6,52,Column,0.046759595679380615
6,53,Column,0.04007689679419518
6,54,Column,0.03195192133783927
6,55,Column,0.029364611652669445
6,56,Column,0.04664477373995968
6,57,Column,0.036080713668944026
6,58,Column,0.036606907066669164
6,59,Column,0.05284069420888967
6,60,Column,0.0412732000395478
6,61,Beam,0.20758006248594377
6,62,Beam,0.205468551422219
6,63,Beam,0.20763414433239283
6,64,Beam,0.3461055035910142
6,65,Beam,0.34526013523103577
6,66,Beam,0.3460528208976546
6,67,Beam,0.1471896064902928
6,68,Beam,0.31218800469958324
6,69,Beam,0.31271236835564165
6,70,Beam,0.14003763897715277
6,71,Beam,0.14015747977366896
6,72,Beam,0.21118488885656667
6,73,Beam,0.1409174299236375
6,74,Beam,0.4151387325137465
6,75,Beam,0.27731236733051856
6,76,Beam,0.14236043083047967
6,77,Beam,0.4151037019030468
6,78,Beam,0.27766674725397483
6,79,Beam,0.26852548790237996
6,80,Beam,0.21157991188189915
6,81,Beam,0.13958945042594198
6,82,Beam,0.13975175063334153
6,83,Beam,0.16615982624342887
6,84,Beam,0.20545983738856444
6,85,Beam,0.2094821121935446
6,86,Beam,0.2701776899772179
6,87,Beam,0.3454125453519636
6,88,Beam,0.3482027209882801
6,89,Beam,0.11907519242788316
6,90,Beam,0.31263336443124046
6,91,Beam,0.31473998388746405
6,92,Beam,0.17681250157081474
6,93,Beam,0.17718562329721743
6,94,Beam,0.17141740940665603
6,95,Beam,0.11591583895697817
6,96,Beam,0.41571832357187566
6,97,Beam,0.2781912442136245
6,98,Beam,0.18190000130289272
6,99,Beam,0.4156711618355076
6,100,Beam,0.2762750394457142
6,101,Beam,0.3472628869043866
6,102,Beam,0.21317456307007962
6,103,Beam,0.1389969726362286
6,104,Beam,0.17608223602739193
6,105,Beam,0.11387314518709561
6,106,Beam,0.11243664114742752
6,107,Beam,0.1138130714689968
6,108,Beam,0.30239434706916196
6,109,Beam,0.30099570556775856
6,110,Beam,0.2330647155262123
6,111,Beam,0.12585447373579517
6,112,Beam,0.272077112660047
6,113,Beam,0.21063561720190382
6,114,Beam,0.11986948942499887
6,115,Beam,0.09770777191448107
6,116,Beam,0.1186201397102767
6,117,Beam,0.09802827314200104
6,118,Beam,0.3248764722754217
6,119,Beam,0.24190650170153552
6,120,Beam,0.15496263104460561
6,121,Beam,0.3247773871829448
6,122,Beam,0.24094008494180993
6,123,Beam,0.3017689461886583
6,124,Beam,0.11753094321194439
6,125,Beam,0.07737821762824929
6,126,Beam,0.09742339733044242
6,127,Beam,0.11363406378496561
6,128,Beam,0.14046108945374233
6,129,Beam,0.1425507996752434
6,130,Beam,0.23282205033749834
6,131,Beam,0.3009991768379023
6,132,Beam,0.3020404933446055
6,133,Beam,0.09829221792735553
6,134,Beam,0.2717179705641653
6,135,Beam,0.2726244041075109
6,136,Beam,0.09733297454630277
6,137,Beam,0.09735988251438574
6,138,Beam,0.11615560883934593
6,139,Beam,0.07741422239442257
6,140,Beam,0.417976846310154
6,141,Beam,0.2414659806799807
6,142,Beam,0.1203195713800659
6,143,Beam,0.41778836523158425
6,144,Beam,0.24074772780621093
6,145,Beam,0.2320863011483951
6,146,Beam,0.14461974810716388
6,147,Beam,0.09681175195727164
6,148,Beam,0.09731501497221604
